2025-08-01 00:00:02 token refresh []
2025-08-01 00:54:53 store_script.php - 30509 crm - 27215649 {"order_id":"30509","cdeck_id":"1378035246","crm":"27215649","order_status":"cod"}
2025-08-01 00:54:53 request.php - https://vivaherb.amocrm.ru/api/v4/leads/27215649 PATCH 400  {"errors":{"27215649":"Lead not found"},"title":"Bad Request","type":"https://httpstatus.es/400","status":400,"detail":"Invalid request body"}
2025-08-01 00:54:53 request.php - https://vivaherb.amocrm.ru/api/v4/leads/27215649 PATCH 400  {"errors":{"27215649":"Lead not found"},"title":"Bad Request","type":"https://httpstatus.es/400","status":400,"detail":"Invalid request body"}
2025-08-01 00:54:53 store_script.php - 30509 crm - 27215649 END []
2025-08-01 00:54:54 store_script.php - 30980 crm - 27451493 {"order_id":"30980","cdeck_id":"1384831846","crm":"27451493","order_status":"yookassa_widget"}
2025-08-01 00:54:54 request.php - https://vivaherb.amocrm.ru/api/v4/leads/27451493 PATCH 400  {"errors":{"27451493":"Lead not found"},"title":"Bad Request","type":"https://httpstatus.es/400","status":400,"detail":"Invalid request body"}
2025-08-01 00:54:54 store_script.php - 30980 crm - 27451493 END []
2025-08-01 00:54:54 store_script.php - 31159 crm - 27523369 {"order_id":"31159","cdeck_id":"1388417736","crm":"27523369","order_status":"yookassa_widget"}
2025-08-01 00:54:54 request.php - https://vivaherb.amocrm.ru/api/v4/leads/27523369 PATCH 400  {"errors":{"27523369":"Lead not found"},"title":"Bad Request","type":"https://httpstatus.es/400","status":400,"detail":"Invalid request body"}
2025-08-01 00:54:55 store_script.php - 31159 crm - 27523369 END []
2025-08-01 00:54:55 store_script.php - 31689 crm - 27678093 {"order_id":"31689","cdeck_id":"1394658580","crm":"27678093","order_status":"cod"}
2025-08-01 00:54:55 request.php - https://vivaherb.amocrm.ru/api/v4/leads/27678093 PATCH 400  {"errors":{"27678093":"Lead not found"},"title":"Bad Request","type":"https://httpstatus.es/400","status":400,"detail":"Invalid request body"}
2025-08-01 00:54:55 request.php - https://vivaherb.amocrm.ru/api/v4/leads/27678093 PATCH 400  {"errors":{"27678093":"Lead not found"},"title":"Bad Request","type":"https://httpstatus.es/400","status":400,"detail":"Invalid request body"}
2025-08-01 00:54:56 store_script.php - 31689 crm - 27678093 END []
2025-08-01 00:54:56 store_script.php - 32666 crm - 28043619 {"order_id":"32666","cdeck_id":"1407999796","crm":"28043619","order_status":"yookassa_widget"}
2025-08-01 00:54:56 request.php - https://vivaherb.amocrm.ru/api/v4/leads/28043619 PATCH 400  {"errors":{"28043619":"Lead not found"},"title":"Bad Request","type":"https://httpstatus.es/400","status":400,"detail":"Invalid request body"}
2025-08-01 00:54:56 store_script.php - 32666 crm - 28043619 END []
2025-08-01 00:54:56 store_script.php - 35382 crm - 28949539 {"order_id":"35382","cdeck_id":"1440454117","crm":"28949539","order_status":"yookassa_widget"}
2025-08-01 00:54:57 request.php - https://vivaherb.amocrm.ru/api/v4/leads/28949539 PATCH 400  {"errors":{"28949539":"Lead not found"},"title":"Bad Request","type":"https://httpstatus.es/400","status":400,"detail":"Invalid request body"}
2025-08-01 00:54:57 store_script.php - 35382 crm - 28949539 END []
2025-08-01 00:54:57 store_script.php - 36740 crm - 29177633 {"order_id":"36740","cdeck_id":"1450621353","crm":"29177633","order_status":"yookassa_widget"}
2025-08-01 00:54:58 request.php - https://vivaherb.amocrm.ru/api/v4/leads/29177633 PATCH 400  {"errors":{"29177633":"Lead not found"},"title":"Bad Request","type":"https://httpstatus.es/400","status":400,"detail":"Invalid request body"}
2025-08-01 00:54:58 store_script.php - 36740 crm - 29177633 END []
2025-08-01 00:54:58 store_script.php - 43426 crm - 29759963 {"order_id":"43426","cdeck_id":"1492618495","crm":"29759963","order_status":"cod"}
2025-08-01 00:54:58 request.php - https://vivaherb.amocrm.ru/api/v4/leads/29759963 PATCH 400  {"errors":{"29759963":"Lead not found"},"title":"Bad Request","type":"https://httpstatus.es/400","status":400,"detail":"Invalid request body"}
2025-08-01 00:54:58 request.php - https://vivaherb.amocrm.ru/api/v4/leads/29759963 PATCH 400  {"errors":{"29759963":"Lead not found"},"title":"Bad Request","type":"https://httpstatus.es/400","status":400,"detail":"Invalid request body"}
2025-08-01 00:54:59 store_script.php - 43426 crm - 29759963 END []
2025-08-01 00:54:59 store_script.php - 55743 crm - 30571295 {"order_id":"55743","cdeck_id":"10011353606","crm":"30571295","order_status":"cod"}
2025-08-01 00:54:59 request.php - https://vivaherb.amocrm.ru/api/v4/leads/30571295 PATCH 400  {"errors":{"30571295":"Lead not found"},"title":"Bad Request","type":"https://httpstatus.es/400","status":400,"detail":"Invalid request body"}
2025-08-01 00:54:59 request.php - https://vivaherb.amocrm.ru/api/v4/leads/30571295 PATCH 400  {"errors":{"30571295":"Lead not found"},"title":"Bad Request","type":"https://httpstatus.es/400","status":400,"detail":"Invalid request body"}
2025-08-01 00:54:59 store_script.php - 55743 crm - 30571295 END []
2025-08-01 00:55:00 store_script.php - 56020 crm - 30580597 {"order_id":"56020","cdeck_id":"10012192492","crm":"30580597","order_status":"intellectmoney"}
2025-08-01 00:55:00 request.php - https://vivaherb.amocrm.ru/api/v4/leads/30580597 PATCH 400  {"errors":{"30580597":"Lead not found"},"title":"Bad Request","type":"https://httpstatus.es/400","status":400,"detail":"Invalid request body"}
2025-08-01 00:55:00 store_script.php - 56020 crm - 30580597 END []
2025-08-01 00:55:00 store_script.php - 58805 crm - 30699429 {"order_id":"58805","cdeck_id":"10024732090","crm":"30699429","order_status":"yookassa_widget"}
2025-08-01 00:55:00 request.php - https://vivaherb.amocrm.ru/api/v4/leads/30699429 PATCH 400  {"errors":{"30699429":"Lead not found"},"title":"Bad Request","type":"https://httpstatus.es/400","status":400,"detail":"Invalid request body"}
2025-08-01 00:55:01 store_script.php - 58805 crm - 30699429 END []
2025-08-01 00:55:01 store_script.php - 58825 crm - 30700377 {"order_id":"58825","cdeck_id":"10024878326","crm":"30700377","order_status":"yookassa_widget"}
2025-08-01 00:55:01 request.php - https://vivaherb.amocrm.ru/api/v4/leads/30700377 PATCH 400  {"errors":{"30700377":"Lead not found"},"title":"Bad Request","type":"https://httpstatus.es/400","status":400,"detail":"Invalid request body"}
2025-08-01 00:55:02 store_script.php - 58825 crm - 30700377 END []
2025-08-01 00:55:02 store_script.php - 58891 crm - 30702185 {"order_id":"58891","cdeck_id":"10025084375","crm":"30702185","order_status":"yookassa_widget"}
2025-08-01 00:55:02 request.php - https://vivaherb.amocrm.ru/api/v4/leads/30702185 PATCH 400  {"errors":{"30702185":"Lead not found"},"title":"Bad Request","type":"https://httpstatus.es/400","status":400,"detail":"Invalid request body"}
2025-08-01 00:55:02 store_script.php - 58891 crm - 30702185 END []
2025-08-01 00:55:02 store_script.php - 59176 crm - 30706013 {"order_id":"59176","cdeck_id":"10025584176","crm":"30706013","order_status":"yookassa_widget"}
2025-08-01 00:55:03 request.php - https://vivaherb.amocrm.ru/api/v4/leads/30706013 PATCH 400  {"errors":{"30706013":"Lead not found"},"title":"Bad Request","type":"https://httpstatus.es/400","status":400,"detail":"Invalid request body"}
2025-08-01 00:55:03 store_script.php - 59176 crm - 30706013 END []
2025-08-01 00:55:03 store_script.php - 59181 crm - 30706069 {"order_id":"59181","cdeck_id":"10025587928","crm":"30706069","order_status":"yookassa_widget"}
2025-08-01 00:55:04 request.php - https://vivaherb.amocrm.ru/api/v4/leads/30706069 PATCH 400  {"errors":{"30706069":"Lead not found"},"title":"Bad Request","type":"https://httpstatus.es/400","status":400,"detail":"Invalid request body"}
2025-08-01 00:55:04 store_script.php - 59181 crm - 30706069 END []
2025-08-01 00:55:04 store_script.php - 59187 crm - 30706147 {"order_id":"59187","cdeck_id":"10025595773","crm":"30706147","order_status":"yookassa_widget"}
2025-08-01 00:55:04 request.php - https://vivaherb.amocrm.ru/api/v4/leads/30706147 PATCH 400  {"errors":{"30706147":"Lead not found"},"title":"Bad Request","type":"https://httpstatus.es/400","status":400,"detail":"Invalid request body"}
2025-08-01 00:55:05 store_script.php - 59187 crm - 30706147 END []
2025-08-01 00:55:05 store_script.php - 59188 crm - 30706175 {"order_id":"59188","cdeck_id":"10025597779","crm":"30706175","order_status":"yookassa_widget"}
2025-08-01 00:55:05 request.php - https://vivaherb.amocrm.ru/api/v4/leads/30706175 PATCH 400  {"errors":{"30706175":"Lead not found"},"title":"Bad Request","type":"https://httpstatus.es/400","status":400,"detail":"Invalid request body"}
2025-08-01 00:55:06 store_script.php - 59188 crm - 30706175 END []
2025-08-01 00:55:06 store_script.php - 61931 crm - 30957731 {"order_id":"61931","cdeck_id":"10044840842","crm":"30957731","order_status":"yookassa_widget"}
2025-08-01 00:55:07 request.php - https://vivaherb.amocrm.ru/api/v4/leads/30957731 PATCH 400  {"errors":{"30957731":"Lead not found"},"title":"Bad Request","type":"https://httpstatus.es/400","status":400,"detail":"Invalid request body"}
2025-08-01 00:55:07 store_script.php - 61931 crm - 30957731 END []
2025-08-01 00:55:08 store_script.php - 64064 crm - 31115305 {"order_id":"64064","cdeck_id":"10067371813","crm":"31115305","order_status":"yookassa_widget"}
2025-08-01 00:55:08 request.php - https://vivaherb.amocrm.ru/api/v4/leads/31115305 PATCH 400  {"errors":{"31115305":"Lead not found"},"title":"Bad Request","type":"https://httpstatus.es/400","status":400,"detail":"Invalid request body"}
2025-08-01 00:55:08 store_script.php - 64064 crm - 31115305 END []
2025-08-01 00:55:08 store_script.php - 64110 crm - 31117287 {"order_id":"64110","cdeck_id":"10067760566","crm":"31117287","order_status":"yookassa_widget"}
2025-08-01 00:55:08 request.php - https://vivaherb.amocrm.ru/api/v4/leads/31117287 PATCH 400  {"errors":{"31117287":"Lead not found"},"title":"Bad Request","type":"https://httpstatus.es/400","status":400,"detail":"Invalid request body"}
2025-08-01 00:55:09 store_script.php - 64110 crm - 31117287 END []
2025-08-01 00:55:09 store_script.php - 64904 crm - 31188065 {"order_id":"64904","cdeck_id":"10075009440","crm":"31188065","order_status":"yookassa_widget"}
2025-08-01 00:55:09 request.php - https://vivaherb.amocrm.ru/api/v4/leads/31188065 PATCH 400  {"errors":{"31188065":"Lead not found"},"title":"Bad Request","type":"https://httpstatus.es/400","status":400,"detail":"Invalid request body"}
2025-08-01 00:55:09 store_script.php - 64904 crm - 31188065 END []
2025-08-01 00:55:10 store_script.php - 66655 crm - 31331987 {"order_id":"66655","cdeck_id":"10093681196","crm":"31331987","order_status":"yookassa_widget"}
2025-08-01 00:55:10 request.php - https://vivaherb.amocrm.ru/api/v4/leads/31331987 PATCH 400  {"errors":{"31331987":"Lead not found"},"title":"Bad Request","type":"https://httpstatus.es/400","status":400,"detail":"Invalid request body"}
2025-08-01 00:55:10 store_script.php - 66655 crm - 31331987 END []
2025-08-01 00:55:11 store_script.php - 66657 crm - 31332069 {"order_id":"66657","cdeck_id":"10093687362","crm":"31332069","order_status":"yookassa_widget"}
2025-08-01 00:55:11 request.php - https://vivaherb.amocrm.ru/api/v4/leads/31332069 PATCH 400  {"errors":{"31332069":"Lead not found"},"title":"Bad Request","type":"https://httpstatus.es/400","status":400,"detail":"Invalid request body"}
2025-08-01 00:55:11 store_script.php - 66657 crm - 31332069 END []
2025-08-01 00:55:11 store_script.php - 66765 crm - 31341715 {"order_id":"66765","cdeck_id":"10095118494","crm":"31341715","order_status":"cod"}
2025-08-01 00:55:11 request.php - https://vivaherb.amocrm.ru/api/v4/leads/31341715 PATCH 400  {"errors":{"31341715":"Lead not found"},"title":"Bad Request","type":"https://httpstatus.es/400","status":400,"detail":"Invalid request body"}
2025-08-01 00:55:11 request.php - https://vivaherb.amocrm.ru/api/v4/leads/31341715 PATCH 400  {"errors":{"31341715":"Lead not found"},"title":"Bad Request","type":"https://httpstatus.es/400","status":400,"detail":"Invalid request body"}
2025-08-01 00:55:12 store_script.php - 66765 crm - 31341715 END []
2025-08-01 00:55:12 store_script.php - 67842 crm - 31420031 {"order_id":"67842","cdeck_id":"10105128997","crm":"31420031","order_status":"yookassa_widget"}
2025-08-01 00:55:12 request.php - https://vivaherb.amocrm.ru/api/v4/leads/31420031 PATCH 400  {"errors":{"31420031":"Lead not found"},"title":"Bad Request","type":"https://httpstatus.es/400","status":400,"detail":"Invalid request body"}
2025-08-01 00:55:12 store_script.php - 67842 crm - 31420031 END []
2025-08-01 00:55:21 store_script.php - 70672 crm - 31684629 {"order_id":"70672","cdeck_id":"10137210974","crm":"31684629","order_status":"yookassa_widget"}
2025-08-01 00:55:21 request.php - https://vivaherb.amocrm.ru/api/v4/leads/31684629 PATCH 400  {"errors":{"31684629":"Lead not found"},"title":"Bad Request","type":"https://httpstatus.es/400","status":400,"detail":"Invalid request body"}
2025-08-01 00:55:21 store_script.php - 70672 crm - 31684629 END []
2025-08-01 00:55:24 store_script.php - 71181 crm - 31744131 {"order_id":"71181","cdeck_id":"10144133439","crm":"31744131","order_status":"intellectmoney"}
2025-08-01 00:55:25 store_script.php - 71181 crm - 31744131 get_oreder {"meta":{"href":"https://api.moysklad.ru/api/remap/1.2/entity/customerorder/d2cae93a-6e3c-11f0-0a80-01c00001a79d","metadataHref":"https://api.moysklad.ru/api/remap/1.2/entity/customerorder/metadata","type":"customerorder","mediaType":"application/json","uuidHref":"https://online.moysklad.ru/app/#customerorder/edit?id=d2cae93a-6e3c-11f0-0a80-01c00001a79d"},"id":"d2cae93a-6e3c-11f0-0a80-01c00001a79d","accountId":"dc992fd7-e243-
2025-08-01 00:55:25 store_script.php - 71181 crm - 31744131 END []
2025-08-01 00:55:26 store_script.php - 71182 crm - 31744143 {"order_id":"71182","cdeck_id":"10144136635","crm":"31744143","order_status":"yookassa_widget"}
2025-08-01 00:55:26 store_script.php - 71182 crm - 31744143 get_oreder {"meta":{"href":"https://api.moysklad.ru/api/remap/1.2/entity/customerorder/5935276e-6e40-11f0-0a80-055800024c0d","metadataHref":"https://api.moysklad.ru/api/remap/1.2/entity/customerorder/metadata","type":"customerorder","mediaType":"application/json","uuidHref":"https://online.moysklad.ru/app/#customerorder/edit?id=5935276e-6e40-11f0-0a80-055800024c0d"},"id":"5935276e-6e40-11f0-0a80-055800024c0d","accountId":"dc992fd7-e243-
2025-08-01 00:55:27 store_script.php - 71182 crm - 31744143 END []
2025-08-01 00:55:27 store_script.php - 71183 crm - 31744191 {"order_id":"71183","cdeck_id":"10144142546","crm":"31744191","order_status":"intellectmoney"}
2025-08-01 00:55:28 store_script.php - 71183 crm - 31744191 get_oreder {"meta":{"href":"https://api.moysklad.ru/api/remap/1.2/entity/customerorder/df3678fc-6e4b-11f0-0a80-073500045d6b","metadataHref":"https://api.moysklad.ru/api/remap/1.2/entity/customerorder/metadata","type":"customerorder","mediaType":"application/json","uuidHref":"https://online.moysklad.ru/app/#customerorder/edit?id=df3678fc-6e4b-11f0-0a80-073500045d6b"},"id":"df3678fc-6e4b-11f0-0a80-073500045d6b","accountId":"dc992fd7-e243-
2025-08-01 00:55:28 store_script.php - 71183 crm - 31744191 END []
2025-08-01 01:54:31 store_script.php - 30509 crm - 27215649 {"order_id":"30509","cdeck_id":"1378035246","crm":"27215649","order_status":"cod"}
2025-08-01 01:54:31 request.php - https://vivaherb.amocrm.ru/api/v4/leads/27215649 PATCH 400  {"errors":{"27215649":"Lead not found"},"title":"Bad Request","type":"https://httpstatus.es/400","status":400,"detail":"Invalid request body"}
2025-08-01 01:54:31 request.php - https://vivaherb.amocrm.ru/api/v4/leads/27215649 PATCH 400  {"errors":{"27215649":"Lead not found"},"title":"Bad Request","type":"https://httpstatus.es/400","status":400,"detail":"Invalid request body"}
2025-08-01 01:54:31 store_script.php - 30509 crm - 27215649 END []
2025-08-01 01:54:32 store_script.php - 30980 crm - 27451493 {"order_id":"30980","cdeck_id":"1384831846","crm":"27451493","order_status":"yookassa_widget"}
2025-08-01 01:54:32 request.php - https://vivaherb.amocrm.ru/api/v4/leads/27451493 PATCH 400  {"errors":{"27451493":"Lead not found"},"title":"Bad Request","type":"https://httpstatus.es/400","status":400,"detail":"Invalid request body"}
2025-08-01 01:54:32 store_script.php - 30980 crm - 27451493 END []
2025-08-01 01:54:32 store_script.php - 31159 crm - 27523369 {"order_id":"31159","cdeck_id":"1388417736","crm":"27523369","order_status":"yookassa_widget"}
2025-08-01 01:54:32 request.php - https://vivaherb.amocrm.ru/api/v4/leads/27523369 PATCH 400  {"errors":{"27523369":"Lead not found"},"title":"Bad Request","type":"https://httpstatus.es/400","status":400,"detail":"Invalid request body"}
2025-08-01 01:54:33 store_script.php - 31159 crm - 27523369 END []
2025-08-01 01:54:33 store_script.php - 31689 crm - 27678093 {"order_id":"31689","cdeck_id":"1394658580","crm":"27678093","order_status":"cod"}
2025-08-01 01:54:33 request.php - https://vivaherb.amocrm.ru/api/v4/leads/27678093 PATCH 400  {"errors":{"27678093":"Lead not found"},"title":"Bad Request","type":"https://httpstatus.es/400","status":400,"detail":"Invalid request body"}
2025-08-01 01:54:33 request.php - https://vivaherb.amocrm.ru/api/v4/leads/27678093 PATCH 400  {"errors":{"27678093":"Lead not found"},"title":"Bad Request","type":"https://httpstatus.es/400","status":400,"detail":"Invalid request body"}
2025-08-01 01:54:34 store_script.php - 31689 crm - 27678093 END []
2025-08-01 01:54:34 store_script.php - 32666 crm - 28043619 {"order_id":"32666","cdeck_id":"1407999796","crm":"28043619","order_status":"yookassa_widget"}
2025-08-01 01:54:34 request.php - https://vivaherb.amocrm.ru/api/v4/leads/28043619 PATCH 400  {"errors":{"28043619":"Lead not found"},"title":"Bad Request","type":"https://httpstatus.es/400","status":400,"detail":"Invalid request body"}
2025-08-01 01:54:34 store_script.php - 32666 crm - 28043619 END []
2025-08-01 01:54:34 store_script.php - 35382 crm - 28949539 {"order_id":"35382","cdeck_id":"1440454117","crm":"28949539","order_status":"yookassa_widget"}
2025-08-01 01:54:34 request.php - https://vivaherb.amocrm.ru/api/v4/leads/28949539 PATCH 400  {"errors":{"28949539":"Lead not found"},"title":"Bad Request","type":"https://httpstatus.es/400","status":400,"detail":"Invalid request body"}
2025-08-01 01:54:35 store_script.php - 35382 crm - 28949539 END []
2025-08-01 01:54:35 store_script.php - 36740 crm - 29177633 {"order_id":"36740","cdeck_id":"1450621353","crm":"29177633","order_status":"yookassa_widget"}
2025-08-01 01:54:35 request.php - https://vivaherb.amocrm.ru/api/v4/leads/29177633 PATCH 400  {"errors":{"29177633":"Lead not found"},"title":"Bad Request","type":"https://httpstatus.es/400","status":400,"detail":"Invalid request body"}
2025-08-01 01:54:35 store_script.php - 36740 crm - 29177633 END []
2025-08-01 01:54:35 store_script.php - 43426 crm - 29759963 {"order_id":"43426","cdeck_id":"1492618495","crm":"29759963","order_status":"cod"}
2025-08-01 01:54:36 request.php - https://vivaherb.amocrm.ru/api/v4/leads/29759963 PATCH 400  {"errors":{"29759963":"Lead not found"},"title":"Bad Request","type":"https://httpstatus.es/400","status":400,"detail":"Invalid request body"}
2025-08-01 01:54:36 request.php - https://vivaherb.amocrm.ru/api/v4/leads/29759963 PATCH 400  {"errors":{"29759963":"Lead not found"},"title":"Bad Request","type":"https://httpstatus.es/400","status":400,"detail":"Invalid request body"}
2025-08-01 01:54:36 store_script.php - 43426 crm - 29759963 END []
2025-08-01 01:54:36 store_script.php - 55743 crm - 30571295 {"order_id":"55743","cdeck_id":"10011353606","crm":"30571295","order_status":"cod"}
2025-08-01 01:54:36 request.php - https://vivaherb.amocrm.ru/api/v4/leads/30571295 PATCH 400  {"errors":{"30571295":"Lead not found"},"title":"Bad Request","type":"https://httpstatus.es/400","status":400,"detail":"Invalid request body"}
2025-08-01 01:54:36 request.php - https://vivaherb.amocrm.ru/api/v4/leads/30571295 PATCH 400  {"errors":{"30571295":"Lead not found"},"title":"Bad Request","type":"https://httpstatus.es/400","status":400,"detail":"Invalid request body"}
2025-08-01 01:54:37 store_script.php - 55743 crm - 30571295 END []
2025-08-01 01:54:37 store_script.php - 56020 crm - 30580597 {"order_id":"56020","cdeck_id":"10012192492","crm":"30580597","order_status":"intellectmoney"}
2025-08-01 01:54:37 request.php - https://vivaherb.amocrm.ru/api/v4/leads/30580597 PATCH 400  {"errors":{"30580597":"Lead not found"},"title":"Bad Request","type":"https://httpstatus.es/400","status":400,"detail":"Invalid request body"}
2025-08-01 01:54:37 store_script.php - 56020 crm - 30580597 END []
2025-08-01 01:54:38 store_script.php - 58805 crm - 30699429 {"order_id":"58805","cdeck_id":"10024732090","crm":"30699429","order_status":"yookassa_widget"}
2025-08-01 01:54:38 request.php - https://vivaherb.amocrm.ru/api/v4/leads/30699429 PATCH 400  {"errors":{"30699429":"Lead not found"},"title":"Bad Request","type":"https://httpstatus.es/400","status":400,"detail":"Invalid request body"}
2025-08-01 01:54:38 store_script.php - 58805 crm - 30699429 END []
2025-08-01 01:54:38 store_script.php - 58825 crm - 30700377 {"order_id":"58825","cdeck_id":"10024878326","crm":"30700377","order_status":"yookassa_widget"}
2025-08-01 01:54:38 request.php - https://vivaherb.amocrm.ru/api/v4/leads/30700377 PATCH 400  {"errors":{"30700377":"Lead not found"},"title":"Bad Request","type":"https://httpstatus.es/400","status":400,"detail":"Invalid request body"}
2025-08-01 01:54:39 store_script.php - 58825 crm - 30700377 END []
2025-08-01 01:54:39 store_script.php - 58891 crm - 30702185 {"order_id":"58891","cdeck_id":"10025084375","crm":"30702185","order_status":"yookassa_widget"}
2025-08-01 01:54:39 request.php - https://vivaherb.amocrm.ru/api/v4/leads/30702185 PATCH 400  {"errors":{"30702185":"Lead not found"},"title":"Bad Request","type":"https://httpstatus.es/400","status":400,"detail":"Invalid request body"}
2025-08-01 01:54:39 store_script.php - 58891 crm - 30702185 END []
2025-08-01 01:54:39 store_script.php - 59176 crm - 30706013 {"order_id":"59176","cdeck_id":"10025584176","crm":"30706013","order_status":"yookassa_widget"}
2025-08-01 01:54:40 request.php - https://vivaherb.amocrm.ru/api/v4/leads/30706013 PATCH 400  {"errors":{"30706013":"Lead not found"},"title":"Bad Request","type":"https://httpstatus.es/400","status":400,"detail":"Invalid request body"}
2025-08-01 01:54:40 store_script.php - 59176 crm - 30706013 END []
2025-08-01 01:54:40 store_script.php - 59181 crm - 30706069 {"order_id":"59181","cdeck_id":"10025587928","crm":"30706069","order_status":"yookassa_widget"}
2025-08-01 01:54:40 request.php - https://vivaherb.amocrm.ru/api/v4/leads/30706069 PATCH 400  {"errors":{"30706069":"Lead not found"},"title":"Bad Request","type":"https://httpstatus.es/400","status":400,"detail":"Invalid request body"}
2025-08-01 01:54:41 store_script.php - 59181 crm - 30706069 END []
2025-08-01 01:54:41 store_script.php - 59187 crm - 30706147 {"order_id":"59187","cdeck_id":"10025595773","crm":"30706147","order_status":"yookassa_widget"}
2025-08-01 01:54:41 request.php - https://vivaherb.amocrm.ru/api/v4/leads/30706147 PATCH 400  {"errors":{"30706147":"Lead not found"},"title":"Bad Request","type":"https://httpstatus.es/400","status":400,"detail":"Invalid request body"}
2025-08-01 01:54:41 store_script.php - 59187 crm - 30706147 END []
2025-08-01 01:54:41 store_script.php - 59188 crm - 30706175 {"order_id":"59188","cdeck_id":"10025597779","crm":"30706175","order_status":"yookassa_widget"}
2025-08-01 01:54:42 request.php - https://vivaherb.amocrm.ru/api/v4/leads/30706175 PATCH 400  {"errors":{"30706175":"Lead not found"},"title":"Bad Request","type":"https://httpstatus.es/400","status":400,"detail":"Invalid request body"}
2025-08-01 01:54:42 store_script.php - 59188 crm - 30706175 END []
2025-08-01 01:54:42 store_script.php - 61931 crm - 30957731 {"order_id":"61931","cdeck_id":"10044840842","crm":"30957731","order_status":"yookassa_widget"}
2025-08-01 01:54:43 request.php - https://vivaherb.amocrm.ru/api/v4/leads/30957731 PATCH 400  {"errors":{"30957731":"Lead not found"},"title":"Bad Request","type":"https://httpstatus.es/400","status":400,"detail":"Invalid request body"}
2025-08-01 01:54:43 store_script.php - 61931 crm - 30957731 END []
2025-08-01 01:54:44 store_script.php - 64064 crm - 31115305 {"order_id":"64064","cdeck_id":"10067371813","crm":"31115305","order_status":"yookassa_widget"}
2025-08-01 01:54:44 request.php - https://vivaherb.amocrm.ru/api/v4/leads/31115305 PATCH 400  {"errors":{"31115305":"Lead not found"},"title":"Bad Request","type":"https://httpstatus.es/400","status":400,"detail":"Invalid request body"}
2025-08-01 01:54:44 store_script.php - 64064 crm - 31115305 END []
2025-08-01 01:54:44 store_script.php - 64110 crm - 31117287 {"order_id":"64110","cdeck_id":"10067760566","crm":"31117287","order_status":"yookassa_widget"}
2025-08-01 01:54:44 request.php - https://vivaherb.amocrm.ru/api/v4/leads/31117287 PATCH 400  {"errors":{"31117287":"Lead not found"},"title":"Bad Request","type":"https://httpstatus.es/400","status":400,"detail":"Invalid request body"}
2025-08-01 01:54:45 store_script.php - 64110 crm - 31117287 END []
2025-08-01 01:54:45 store_script.php - 64904 crm - 31188065 {"order_id":"64904","cdeck_id":"10075009440","crm":"31188065","order_status":"yookassa_widget"}
2025-08-01 01:54:45 request.php - https://vivaherb.amocrm.ru/api/v4/leads/31188065 PATCH 400  {"errors":{"31188065":"Lead not found"},"title":"Bad Request","type":"https://httpstatus.es/400","status":400,"detail":"Invalid request body"}
2025-08-01 01:54:45 store_script.php - 64904 crm - 31188065 END []
2025-08-01 01:54:46 store_script.php - 66655 crm - 31331987 {"order_id":"66655","cdeck_id":"10093681196","crm":"31331987","order_status":"yookassa_widget"}
2025-08-01 01:54:46 request.php - https://vivaherb.amocrm.ru/api/v4/leads/31331987 PATCH 400  {"errors":{"31331987":"Lead not found"},"title":"Bad Request","type":"https://httpstatus.es/400","status":400,"detail":"Invalid request body"}
2025-08-01 01:54:46 store_script.php - 66655 crm - 31331987 END []
2025-08-01 01:54:46 store_script.php - 66657 crm - 31332069 {"order_id":"66657","cdeck_id":"10093687362","crm":"31332069","order_status":"yookassa_widget"}
2025-08-01 01:54:47 request.php - https://vivaherb.amocrm.ru/api/v4/leads/31332069 PATCH 400  {"errors":{"31332069":"Lead not found"},"title":"Bad Request","type":"https://httpstatus.es/400","status":400,"detail":"Invalid request body"}
2025-08-01 01:54:47 store_script.php - 66657 crm - 31332069 END []
2025-08-01 01:54:47 store_script.php - 66765 crm - 31341715 {"order_id":"66765","cdeck_id":"10095118494","crm":"31341715","order_status":"cod"}
2025-08-01 01:54:47 request.php - https://vivaherb.amocrm.ru/api/v4/leads/31341715 PATCH 400  {"errors":{"31341715":"Lead not found"},"title":"Bad Request","type":"https://httpstatus.es/400","status":400,"detail":"Invalid request body"}
2025-08-01 01:54:48 request.php - https://vivaherb.amocrm.ru/api/v4/leads/31341715 PATCH 400  {"errors":{"31341715":"Lead not found"},"title":"Bad Request","type":"https://httpstatus.es/400","status":400,"detail":"Invalid request body"}
2025-08-01 01:54:48 store_script.php - 66765 crm - 31341715 END []
2025-08-01 01:54:48 store_script.php - 67842 crm - 31420031 {"order_id":"67842","cdeck_id":"10105128997","crm":"31420031","order_status":"yookassa_widget"}
2025-08-01 01:54:48 request.php - https://vivaherb.amocrm.ru/api/v4/leads/31420031 PATCH 400  {"errors":{"31420031":"Lead not found"},"title":"Bad Request","type":"https://httpstatus.es/400","status":400,"detail":"Invalid request body"}
2025-08-01 01:54:49 store_script.php - 67842 crm - 31420031 END []
2025-08-01 01:54:57 store_script.php - 70672 crm - 31684629 {"order_id":"70672","cdeck_id":"10137210974","crm":"31684629","order_status":"yookassa_widget"}
2025-08-01 01:54:57 request.php - https://vivaherb.amocrm.ru/api/v4/leads/31684629 PATCH 400  {"errors":{"31684629":"Lead not found"},"title":"Bad Request","type":"https://httpstatus.es/400","status":400,"detail":"Invalid request body"}
2025-08-01 01:54:57 store_script.php - 70672 crm - 31684629 END []
2025-08-01 01:55:00 store_script.php - 71181 crm - 31744131 {"order_id":"71181","cdeck_id":"10144133439","crm":"31744131","order_status":"intellectmoney"}
2025-08-01 01:55:01 store_script.php - 71181 crm - 31744131 get_oreder {"meta":{"href":"https://api.moysklad.ru/api/remap/1.2/entity/customerorder/d2cae93a-6e3c-11f0-0a80-01c00001a79d","metadataHref":"https://api.moysklad.ru/api/remap/1.2/entity/customerorder/metadata","type":"customerorder","mediaType":"application/json","uuidHref":"https://online.moysklad.ru/app/#customerorder/edit?id=d2cae93a-6e3c-11f0-0a80-01c00001a79d"},"id":"d2cae93a-6e3c-11f0-0a80-01c00001a79d","accountId":"dc992fd7-e243-
2025-08-01 01:55:02 store_script.php - 71181 crm - 31744131 END []
2025-08-01 01:55:02 store_script.php - 71182 crm - 31744143 {"order_id":"71182","cdeck_id":"10144136635","crm":"31744143","order_status":"yookassa_widget"}
2025-08-01 01:55:03 store_script.php - 71182 crm - 31744143 get_oreder {"meta":{"href":"https://api.moysklad.ru/api/remap/1.2/entity/customerorder/5935276e-6e40-11f0-0a80-055800024c0d","metadataHref":"https://api.moysklad.ru/api/remap/1.2/entity/customerorder/metadata","type":"customerorder","mediaType":"application/json","uuidHref":"https://online.moysklad.ru/app/#customerorder/edit?id=5935276e-6e40-11f0-0a80-055800024c0d"},"id":"5935276e-6e40-11f0-0a80-055800024c0d","accountId":"dc992fd7-e243-
2025-08-01 01:55:04 store_script.php - 71182 crm - 31744143 END []
2025-08-01 01:55:05 store_script.php - 71183 crm - 31744191 {"order_id":"71183","cdeck_id":"10144142546","crm":"31744191","order_status":"intellectmoney"}
2025-08-01 01:55:06 store_script.php - 71183 crm - 31744191 get_oreder {"meta":{"href":"https://api.moysklad.ru/api/remap/1.2/entity/customerorder/df3678fc-6e4b-11f0-0a80-073500045d6b","metadataHref":"https://api.moysklad.ru/api/remap/1.2/entity/customerorder/metadata","type":"customerorder","mediaType":"application/json","uuidHref":"https://online.moysklad.ru/app/#customerorder/edit?id=df3678fc-6e4b-11f0-0a80-073500045d6b"},"id":"df3678fc-6e4b-11f0-0a80-073500045d6b","accountId":"dc992fd7-e243-
2025-08-01 01:55:08 store_script.php - 71183 crm - 31744191 END []
2025-08-01 02:54:29 store_script.php - 30509 crm - 27215649 {"order_id":"30509","cdeck_id":"1378035246","crm":"27215649","order_status":"cod"}
2025-08-01 02:54:30 request.php - https://vivaherb.amocrm.ru/api/v4/leads/27215649 PATCH 400  {"errors":{"27215649":"Lead not found"},"title":"Bad Request","type":"https://httpstatus.es/400","status":400,"detail":"Invalid request body"}
2025-08-01 02:54:30 request.php - https://vivaherb.amocrm.ru/api/v4/leads/27215649 PATCH 400  {"errors":{"27215649":"Lead not found"},"title":"Bad Request","type":"https://httpstatus.es/400","status":400,"detail":"Invalid request body"}
2025-08-01 02:54:30 store_script.php - 30509 crm - 27215649 END []
2025-08-01 02:54:30 store_script.php - 30980 crm - 27451493 {"order_id":"30980","cdeck_id":"1384831846","crm":"27451493","order_status":"yookassa_widget"}
2025-08-01 02:54:30 request.php - https://vivaherb.amocrm.ru/api/v4/leads/27451493 PATCH 400  {"errors":{"27451493":"Lead not found"},"title":"Bad Request","type":"https://httpstatus.es/400","status":400,"detail":"Invalid request body"}
2025-08-01 02:54:31 store_script.php - 30980 crm - 27451493 END []
2025-08-01 02:54:31 store_script.php - 31159 crm - 27523369 {"order_id":"31159","cdeck_id":"1388417736","crm":"27523369","order_status":"yookassa_widget"}
2025-08-01 02:54:31 request.php - https://vivaherb.amocrm.ru/api/v4/leads/27523369 PATCH 400  {"errors":{"27523369":"Lead not found"},"title":"Bad Request","type":"https://httpstatus.es/400","status":400,"detail":"Invalid request body"}
2025-08-01 02:54:31 store_script.php - 31159 crm - 27523369 END []
2025-08-01 02:54:31 store_script.php - 31689 crm - 27678093 {"order_id":"31689","cdeck_id":"1394658580","crm":"27678093","order_status":"cod"}
2025-08-01 02:54:32 request.php - https://vivaherb.amocrm.ru/api/v4/leads/27678093 PATCH 400  {"errors":{"27678093":"Lead not found"},"title":"Bad Request","type":"https://httpstatus.es/400","status":400,"detail":"Invalid request body"}
2025-08-01 02:54:32 request.php - https://vivaherb.amocrm.ru/api/v4/leads/27678093 PATCH 400  {"errors":{"27678093":"Lead not found"},"title":"Bad Request","type":"https://httpstatus.es/400","status":400,"detail":"Invalid request body"}
2025-08-01 02:54:32 store_script.php - 31689 crm - 27678093 END []
2025-08-01 02:54:32 store_script.php - 32666 crm - 28043619 {"order_id":"32666","cdeck_id":"1407999796","crm":"28043619","order_status":"yookassa_widget"}
2025-08-01 02:54:33 request.php - https://vivaherb.amocrm.ru/api/v4/leads/28043619 PATCH 400  {"errors":{"28043619":"Lead not found"},"title":"Bad Request","type":"https://httpstatus.es/400","status":400,"detail":"Invalid request body"}
2025-08-01 02:54:33 store_script.php - 32666 crm - 28043619 END []
2025-08-01 02:54:33 store_script.php - 35382 crm - 28949539 {"order_id":"35382","cdeck_id":"1440454117","crm":"28949539","order_status":"yookassa_widget"}
2025-08-01 02:54:33 request.php - https://vivaherb.amocrm.ru/api/v4/leads/28949539 PATCH 400  {"errors":{"28949539":"Lead not found"},"title":"Bad Request","type":"https://httpstatus.es/400","status":400,"detail":"Invalid request body"}
2025-08-01 02:54:33 store_script.php - 35382 crm - 28949539 END []
2025-08-01 02:54:34 store_script.php - 36740 crm - 29177633 {"order_id":"36740","cdeck_id":"1450621353","crm":"29177633","order_status":"yookassa_widget"}
2025-08-01 02:54:34 request.php - https://vivaherb.amocrm.ru/api/v4/leads/29177633 PATCH 400  {"errors":{"29177633":"Lead not found"},"title":"Bad Request","type":"https://httpstatus.es/400","status":400,"detail":"Invalid request body"}
2025-08-01 02:54:34 store_script.php - 36740 crm - 29177633 END []
2025-08-01 02:54:34 store_script.php - 43426 crm - 29759963 {"order_id":"43426","cdeck_id":"1492618495","crm":"29759963","order_status":"cod"}
2025-08-01 02:54:34 request.php - https://vivaherb.amocrm.ru/api/v4/leads/29759963 PATCH 400  {"errors":{"29759963":"Lead not found"},"title":"Bad Request","type":"https://httpstatus.es/400","status":400,"detail":"Invalid request body"}
2025-08-01 02:54:35 request.php - https://vivaherb.amocrm.ru/api/v4/leads/29759963 PATCH 400  {"errors":{"29759963":"Lead not found"},"title":"Bad Request","type":"https://httpstatus.es/400","status":400,"detail":"Invalid request body"}
2025-08-01 02:54:35 store_script.php - 43426 crm - 29759963 END []
2025-08-01 02:54:35 store_script.php - 55743 crm - 30571295 {"order_id":"55743","cdeck_id":"10011353606","crm":"30571295","order_status":"cod"}
2025-08-01 02:54:35 request.php - https://vivaherb.amocrm.ru/api/v4/leads/30571295 PATCH 400  {"errors":{"30571295":"Lead not found"},"title":"Bad Request","type":"https://httpstatus.es/400","status":400,"detail":"Invalid request body"}
2025-08-01 02:54:35 request.php - https://vivaherb.amocrm.ru/api/v4/leads/30571295 PATCH 400  {"errors":{"30571295":"Lead not found"},"title":"Bad Request","type":"https://httpstatus.es/400","status":400,"detail":"Invalid request body"}
2025-08-01 02:54:36 store_script.php - 55743 crm - 30571295 END []
2025-08-01 02:54:36 store_script.php - 56020 crm - 30580597 {"order_id":"56020","cdeck_id":"10012192492","crm":"30580597","order_status":"intellectmoney"}
2025-08-01 02:54:36 request.php - https://vivaherb.amocrm.ru/api/v4/leads/30580597 PATCH 400  {"errors":{"30580597":"Lead not found"},"title":"Bad Request","type":"https://httpstatus.es/400","status":400,"detail":"Invalid request body"}
2025-08-01 02:54:36 store_script.php - 56020 crm - 30580597 END []
2025-08-01 02:54:36 store_script.php - 58805 crm - 30699429 {"order_id":"58805","cdeck_id":"10024732090","crm":"30699429","order_status":"yookassa_widget"}
2025-08-01 02:54:36 request.php - https://vivaherb.amocrm.ru/api/v4/leads/30699429 PATCH 400  {"errors":{"30699429":"Lead not found"},"title":"Bad Request","type":"https://httpstatus.es/400","status":400,"detail":"Invalid request body"}
2025-08-01 02:54:37 store_script.php - 58805 crm - 30699429 END []
2025-08-01 02:54:37 store_script.php - 58825 crm - 30700377 {"order_id":"58825","cdeck_id":"10024878326","crm":"30700377","order_status":"yookassa_widget"}
2025-08-01 02:54:37 request.php - https://vivaherb.amocrm.ru/api/v4/leads/30700377 PATCH 400  {"errors":{"30700377":"Lead not found"},"title":"Bad Request","type":"https://httpstatus.es/400","status":400,"detail":"Invalid request body"}
2025-08-01 02:54:37 store_script.php - 58825 crm - 30700377 END []
2025-08-01 02:54:37 store_script.php - 58891 crm - 30702185 {"order_id":"58891","cdeck_id":"10025084375","crm":"30702185","order_status":"yookassa_widget"}
2025-08-01 02:54:38 request.php - https://vivaherb.amocrm.ru/api/v4/leads/30702185 PATCH 400  {"errors":{"30702185":"Lead not found"},"title":"Bad Request","type":"https://httpstatus.es/400","status":400,"detail":"Invalid request body"}
2025-08-01 02:54:38 store_script.php - 58891 crm - 30702185 END []
2025-08-01 02:54:38 store_script.php - 59176 crm - 30706013 {"order_id":"59176","cdeck_id":"10025584176","crm":"30706013","order_status":"yookassa_widget"}
2025-08-01 02:54:38 request.php - https://vivaherb.amocrm.ru/api/v4/leads/30706013 PATCH 400  {"errors":{"30706013":"Lead not found"},"title":"Bad Request","type":"https://httpstatus.es/400","status":400,"detail":"Invalid request body"}
2025-08-01 02:54:38 store_script.php - 59176 crm - 30706013 END []
2025-08-01 02:54:39 store_script.php - 59181 crm - 30706069 {"order_id":"59181","cdeck_id":"10025587928","crm":"30706069","order_status":"yookassa_widget"}
2025-08-01 02:54:39 request.php - https://vivaherb.amocrm.ru/api/v4/leads/30706069 PATCH 400  {"errors":{"30706069":"Lead not found"},"title":"Bad Request","type":"https://httpstatus.es/400","status":400,"detail":"Invalid request body"}
2025-08-01 02:54:39 store_script.php - 59181 crm - 30706069 END []
2025-08-01 02:54:39 store_script.php - 59187 crm - 30706147 {"order_id":"59187","cdeck_id":"10025595773","crm":"30706147","order_status":"yookassa_widget"}
2025-08-01 02:54:39 request.php - https://vivaherb.amocrm.ru/api/v4/leads/30706147 PATCH 400  {"errors":{"30706147":"Lead not found"},"title":"Bad Request","type":"https://httpstatus.es/400","status":400,"detail":"Invalid request body"}
2025-08-01 02:54:40 store_script.php - 59187 crm - 30706147 END []
2025-08-01 02:54:40 store_script.php - 59188 crm - 30706175 {"order_id":"59188","cdeck_id":"10025597779","crm":"30706175","order_status":"yookassa_widget"}
2025-08-01 02:54:40 request.php - https://vivaherb.amocrm.ru/api/v4/leads/30706175 PATCH 400  {"errors":{"30706175":"Lead not found"},"title":"Bad Request","type":"https://httpstatus.es/400","status":400,"detail":"Invalid request body"}
2025-08-01 02:54:40 store_script.php - 59188 crm - 30706175 END []
2025-08-01 02:54:41 store_script.php - 61931 crm - 30957731 {"order_id":"61931","cdeck_id":"10044840842","crm":"30957731","order_status":"yookassa_widget"}
2025-08-01 02:54:41 request.php - https://vivaherb.amocrm.ru/api/v4/leads/30957731 PATCH 400  {"errors":{"30957731":"Lead not found"},"title":"Bad Request","type":"https://httpstatus.es/400","status":400,"detail":"Invalid request body"}
2025-08-01 02:54:41 store_script.php - 61931 crm - 30957731 END []
2025-08-01 02:54:42 store_script.php - 64064 crm - 31115305 {"order_id":"64064","cdeck_id":"10067371813","crm":"31115305","order_status":"yookassa_widget"}
2025-08-01 02:54:43 request.php - https://vivaherb.amocrm.ru/api/v4/leads/31115305 PATCH 400  {"errors":{"31115305":"Lead not found"},"title":"Bad Request","type":"https://httpstatus.es/400","status":400,"detail":"Invalid request body"}
2025-08-01 02:54:43 store_script.php - 64064 crm - 31115305 END []
2025-08-01 02:54:43 store_script.php - 64110 crm - 31117287 {"order_id":"64110","cdeck_id":"10067760566","crm":"31117287","order_status":"yookassa_widget"}
2025-08-01 02:54:43 request.php - https://vivaherb.amocrm.ru/api/v4/leads/31117287 PATCH 400  {"errors":{"31117287":"Lead not found"},"title":"Bad Request","type":"https://httpstatus.es/400","status":400,"detail":"Invalid request body"}
2025-08-01 02:54:43 store_script.php - 64110 crm - 31117287 END []
2025-08-01 02:54:44 store_script.php - 64904 crm - 31188065 {"order_id":"64904","cdeck_id":"10075009440","crm":"31188065","order_status":"yookassa_widget"}
2025-08-01 02:54:44 request.php - https://vivaherb.amocrm.ru/api/v4/leads/31188065 PATCH 400  {"errors":{"31188065":"Lead not found"},"title":"Bad Request","type":"https://httpstatus.es/400","status":400,"detail":"Invalid request body"}
2025-08-01 02:54:44 store_script.php - 64904 crm - 31188065 END []
2025-08-01 02:54:45 store_script.php - 66655 crm - 31331987 {"order_id":"66655","cdeck_id":"10093681196","crm":"31331987","order_status":"yookassa_widget"}
2025-08-01 02:54:45 request.php - https://vivaherb.amocrm.ru/api/v4/leads/31331987 PATCH 400  {"errors":{"31331987":"Lead not found"},"title":"Bad Request","type":"https://httpstatus.es/400","status":400,"detail":"Invalid request body"}
2025-08-01 02:54:45 store_script.php - 66655 crm - 31331987 END []
2025-08-01 02:54:45 store_script.php - 66657 crm - 31332069 {"order_id":"66657","cdeck_id":"10093687362","crm":"31332069","order_status":"yookassa_widget"}
2025-08-01 02:54:45 request.php - https://vivaherb.amocrm.ru/api/v4/leads/31332069 PATCH 400  {"errors":{"31332069":"Lead not found"},"title":"Bad Request","type":"https://httpstatus.es/400","status":400,"detail":"Invalid request body"}
2025-08-01 02:54:46 store_script.php - 66657 crm - 31332069 END []
2025-08-01 02:54:46 store_script.php - 66765 crm - 31341715 {"order_id":"66765","cdeck_id":"10095118494","crm":"31341715","order_status":"cod"}
2025-08-01 02:54:46 request.php - https://vivaherb.amocrm.ru/api/v4/leads/31341715 PATCH 400  {"errors":{"31341715":"Lead not found"},"title":"Bad Request","type":"https://httpstatus.es/400","status":400,"detail":"Invalid request body"}
2025-08-01 02:54:46 request.php - https://vivaherb.amocrm.ru/api/v4/leads/31341715 PATCH 400  {"errors":{"31341715":"Lead not found"},"title":"Bad Request","type":"https://httpstatus.es/400","status":400,"detail":"Invalid request body"}
2025-08-01 02:54:47 store_script.php - 66765 crm - 31341715 END []
2025-08-01 02:54:47 store_script.php - 67842 crm - 31420031 {"order_id":"67842","cdeck_id":"10105128997","crm":"31420031","order_status":"yookassa_widget"}
2025-08-01 02:54:47 request.php - https://vivaherb.amocrm.ru/api/v4/leads/31420031 PATCH 400  {"errors":{"31420031":"Lead not found"},"title":"Bad Request","type":"https://httpstatus.es/400","status":400,"detail":"Invalid request body"}
2025-08-01 02:54:47 store_script.php - 67842 crm - 31420031 END []
2025-08-01 02:54:56 store_script.php - 70672 crm - 31684629 {"order_id":"70672","cdeck_id":"10137210974","crm":"31684629","order_status":"yookassa_widget"}
2025-08-01 02:54:56 request.php - https://vivaherb.amocrm.ru/api/v4/leads/31684629 PATCH 400  {"errors":{"31684629":"Lead not found"},"title":"Bad Request","type":"https://httpstatus.es/400","status":400,"detail":"Invalid request body"}
2025-08-01 02:54:56 store_script.php - 70672 crm - 31684629 END []
2025-08-01 02:55:00 store_script.php - 71181 crm - 31744131 {"order_id":"71181","cdeck_id":"10144133439","crm":"31744131","order_status":"intellectmoney"}
2025-08-01 02:55:01 store_script.php - 71181 crm - 31744131 get_oreder {"meta":{"href":"https://api.moysklad.ru/api/remap/1.2/entity/customerorder/d2cae93a-6e3c-11f0-0a80-01c00001a79d","metadataHref":"https://api.moysklad.ru/api/remap/1.2/entity/customerorder/metadata","type":"customerorder","mediaType":"application/json","uuidHref":"https://online.moysklad.ru/app/#customerorder/edit?id=d2cae93a-6e3c-11f0-0a80-01c00001a79d"},"id":"d2cae93a-6e3c-11f0-0a80-01c00001a79d","accountId":"dc992fd7-e243-
2025-08-01 02:55:01 store_script.php - 71181 crm - 31744131 END []
2025-08-01 02:55:02 store_script.php - 71182 crm - 31744143 {"order_id":"71182","cdeck_id":"10144136635","crm":"31744143","order_status":"yookassa_widget"}
2025-08-01 02:55:04 store_script.php - 71182 crm - 31744143 get_oreder {"meta":{"href":"https://api.moysklad.ru/api/remap/1.2/entity/customerorder/5935276e-6e40-11f0-0a80-055800024c0d","metadataHref":"https://api.moysklad.ru/api/remap/1.2/entity/customerorder/metadata","type":"customerorder","mediaType":"application/json","uuidHref":"https://online.moysklad.ru/app/#customerorder/edit?id=5935276e-6e40-11f0-0a80-055800024c0d"},"id":"5935276e-6e40-11f0-0a80-055800024c0d","accountId":"dc992fd7-e243-
2025-08-01 02:55:06 store_script.php - 71182 crm - 31744143 END []
2025-08-01 02:55:06 store_script.php - 71183 crm - 31744191 {"order_id":"71183","cdeck_id":"10144142546","crm":"31744191","order_status":"intellectmoney"}
2025-08-01 02:55:08 store_script.php - 71183 crm - 31744191 get_oreder {"meta":{"href":"https://api.moysklad.ru/api/remap/1.2/entity/customerorder/df3678fc-6e4b-11f0-0a80-073500045d6b","metadataHref":"https://api.moysklad.ru/api/remap/1.2/entity/customerorder/metadata","type":"customerorder","mediaType":"application/json","uuidHref":"https://online.moysklad.ru/app/#customerorder/edit?id=df3678fc-6e4b-11f0-0a80-073500045d6b"},"id":"df3678fc-6e4b-11f0-0a80-073500045d6b","accountId":"dc992fd7-e243-
2025-08-01 02:55:08 store_script.php - 71183 crm - 31744191 END []
2025-08-01 03:55:55 store_script.php - 30509 crm - 27215649 {"order_id":"30509","cdeck_id":"1378035246","crm":"27215649","order_status":"cod"}
2025-08-01 03:55:55 request.php - https://vivaherb.amocrm.ru/api/v4/leads/27215649 PATCH 400  {"errors":{"27215649":"Lead not found"},"title":"Bad Request","type":"https://httpstatus.es/400","status":400,"detail":"Invalid request body"}
2025-08-01 03:55:55 request.php - https://vivaherb.amocrm.ru/api/v4/leads/27215649 PATCH 400  {"errors":{"27215649":"Lead not found"},"title":"Bad Request","type":"https://httpstatus.es/400","status":400,"detail":"Invalid request body"}
2025-08-01 03:55:56 store_script.php - 30509 crm - 27215649 END []
2025-08-01 03:55:56 store_script.php - 30980 crm - 27451493 {"order_id":"30980","cdeck_id":"1384831846","crm":"27451493","order_status":"yookassa_widget"}
2025-08-01 03:55:56 request.php - https://vivaherb.amocrm.ru/api/v4/leads/27451493 PATCH 400  {"errors":{"27451493":"Lead not found"},"title":"Bad Request","type":"https://httpstatus.es/400","status":400,"detail":"Invalid request body"}
2025-08-01 03:55:56 store_script.php - 30980 crm - 27451493 END []
2025-08-01 03:55:57 store_script.php - 31159 crm - 27523369 {"order_id":"31159","cdeck_id":"1388417736","crm":"27523369","order_status":"yookassa_widget"}
2025-08-01 03:55:57 request.php - https://vivaherb.amocrm.ru/api/v4/leads/27523369 PATCH 400  {"errors":{"27523369":"Lead not found"},"title":"Bad Request","type":"https://httpstatus.es/400","status":400,"detail":"Invalid request body"}
2025-08-01 03:55:57 store_script.php - 31159 crm - 27523369 END []
2025-08-01 03:55:57 store_script.php - 31689 crm - 27678093 {"order_id":"31689","cdeck_id":"1394658580","crm":"27678093","order_status":"cod"}
2025-08-01 03:55:58 request.php - https://vivaherb.amocrm.ru/api/v4/leads/27678093 PATCH 400  {"errors":{"27678093":"Lead not found"},"title":"Bad Request","type":"https://httpstatus.es/400","status":400,"detail":"Invalid request body"}
2025-08-01 03:55:58 request.php - https://vivaherb.amocrm.ru/api/v4/leads/27678093 PATCH 400  {"errors":{"27678093":"Lead not found"},"title":"Bad Request","type":"https://httpstatus.es/400","status":400,"detail":"Invalid request body"}
2025-08-01 03:55:58 store_script.php - 31689 crm - 27678093 END []
2025-08-01 03:55:58 store_script.php - 32666 crm - 28043619 {"order_id":"32666","cdeck_id":"1407999796","crm":"28043619","order_status":"yookassa_widget"}
2025-08-01 03:55:59 request.php - https://vivaherb.amocrm.ru/api/v4/leads/28043619 PATCH 400  {"errors":{"28043619":"Lead not found"},"title":"Bad Request","type":"https://httpstatus.es/400","status":400,"detail":"Invalid request body"}
2025-08-01 03:55:59 store_script.php - 32666 crm - 28043619 END []
2025-08-01 03:55:59 store_script.php - 35382 crm - 28949539 {"order_id":"35382","cdeck_id":"1440454117","crm":"28949539","order_status":"yookassa_widget"}
2025-08-01 03:55:59 request.php - https://vivaherb.amocrm.ru/api/v4/leads/28949539 PATCH 400  {"errors":{"28949539":"Lead not found"},"title":"Bad Request","type":"https://httpstatus.es/400","status":400,"detail":"Invalid request body"}
2025-08-01 03:55:59 store_script.php - 35382 crm - 28949539 END []
2025-08-01 03:55:59 store_script.php - 36740 crm - 29177633 {"order_id":"36740","cdeck_id":"1450621353","crm":"29177633","order_status":"yookassa_widget"}
2025-08-01 03:56:00 request.php - https://vivaherb.amocrm.ru/api/v4/leads/29177633 PATCH 400  {"errors":{"29177633":"Lead not found"},"title":"Bad Request","type":"https://httpstatus.es/400","status":400,"detail":"Invalid request body"}
2025-08-01 03:56:00 store_script.php - 36740 crm - 29177633 END []
2025-08-01 03:56:00 store_script.php - 43426 crm - 29759963 {"order_id":"43426","cdeck_id":"1492618495","crm":"29759963","order_status":"cod"}
2025-08-01 03:56:00 request.php - https://vivaherb.amocrm.ru/api/v4/leads/29759963 PATCH 400  {"errors":{"29759963":"Lead not found"},"title":"Bad Request","type":"https://httpstatus.es/400","status":400,"detail":"Invalid request body"}
2025-08-01 03:56:01 request.php - https://vivaherb.amocrm.ru/api/v4/leads/29759963 PATCH 400  {"errors":{"29759963":"Lead not found"},"title":"Bad Request","type":"https://httpstatus.es/400","status":400,"detail":"Invalid request body"}
2025-08-01 03:56:01 store_script.php - 43426 crm - 29759963 END []
2025-08-01 03:56:01 store_script.php - 55743 crm - 30571295 {"order_id":"55743","cdeck_id":"10011353606","crm":"30571295","order_status":"cod"}
2025-08-01 03:56:01 request.php - https://vivaherb.amocrm.ru/api/v4/leads/30571295 PATCH 400  {"errors":{"30571295":"Lead not found"},"title":"Bad Request","type":"https://httpstatus.es/400","status":400,"detail":"Invalid request body"}
2025-08-01 03:56:02 request.php - https://vivaherb.amocrm.ru/api/v4/leads/30571295 PATCH 400  {"errors":{"30571295":"Lead not found"},"title":"Bad Request","type":"https://httpstatus.es/400","status":400,"detail":"Invalid request body"}
2025-08-01 03:56:02 store_script.php - 55743 crm - 30571295 END []
2025-08-01 03:56:03 store_script.php - 56020 crm - 30580597 {"order_id":"56020","cdeck_id":"10012192492","crm":"30580597","order_status":"intellectmoney"}
2025-08-01 03:56:03 request.php - https://vivaherb.amocrm.ru/api/v4/leads/30580597 PATCH 400  {"errors":{"30580597":"Lead not found"},"title":"Bad Request","type":"https://httpstatus.es/400","status":400,"detail":"Invalid request body"}
2025-08-01 03:56:03 store_script.php - 56020 crm - 30580597 END []
2025-08-01 03:56:03 store_script.php - 58805 crm - 30699429 {"order_id":"58805","cdeck_id":"10024732090","crm":"30699429","order_status":"yookassa_widget"}
2025-08-01 03:56:04 request.php - https://vivaherb.amocrm.ru/api/v4/leads/30699429 PATCH 400  {"errors":{"30699429":"Lead not found"},"title":"Bad Request","type":"https://httpstatus.es/400","status":400,"detail":"Invalid request body"}
2025-08-01 03:56:04 store_script.php - 58805 crm - 30699429 END []
2025-08-01 03:56:04 store_script.php - 58825 crm - 30700377 {"order_id":"58825","cdeck_id":"10024878326","crm":"30700377","order_status":"yookassa_widget"}
2025-08-01 03:56:04 request.php - https://vivaherb.amocrm.ru/api/v4/leads/30700377 PATCH 400  {"errors":{"30700377":"Lead not found"},"title":"Bad Request","type":"https://httpstatus.es/400","status":400,"detail":"Invalid request body"}
2025-08-01 03:56:05 store_script.php - 58825 crm - 30700377 END []
2025-08-01 03:56:05 store_script.php - 58891 crm - 30702185 {"order_id":"58891","cdeck_id":"10025084375","crm":"30702185","order_status":"yookassa_widget"}
2025-08-01 03:56:05 request.php - https://vivaherb.amocrm.ru/api/v4/leads/30702185 PATCH 400  {"errors":{"30702185":"Lead not found"},"title":"Bad Request","type":"https://httpstatus.es/400","status":400,"detail":"Invalid request body"}
2025-08-01 03:56:05 store_script.php - 58891 crm - 30702185 END []
2025-08-01 03:56:06 store_script.php - 59176 crm - 30706013 {"order_id":"59176","cdeck_id":"10025584176","crm":"30706013","order_status":"yookassa_widget"}
2025-08-01 03:56:06 request.php - https://vivaherb.amocrm.ru/api/v4/leads/30706013 PATCH 400  {"errors":{"30706013":"Lead not found"},"title":"Bad Request","type":"https://httpstatus.es/400","status":400,"detail":"Invalid request body"}
2025-08-01 03:56:06 store_script.php - 59176 crm - 30706013 END []
2025-08-01 03:56:06 store_script.php - 59181 crm - 30706069 {"order_id":"59181","cdeck_id":"10025587928","crm":"30706069","order_status":"yookassa_widget"}
2025-08-01 03:56:06 request.php - https://vivaherb.amocrm.ru/api/v4/leads/30706069 PATCH 400  {"errors":{"30706069":"Lead not found"},"title":"Bad Request","type":"https://httpstatus.es/400","status":400,"detail":"Invalid request body"}
2025-08-01 03:56:07 store_script.php - 59181 crm - 30706069 END []
2025-08-01 03:56:07 store_script.php - 59187 crm - 30706147 {"order_id":"59187","cdeck_id":"10025595773","crm":"30706147","order_status":"yookassa_widget"}
2025-08-01 03:56:07 request.php - https://vivaherb.amocrm.ru/api/v4/leads/30706147 PATCH 400  {"errors":{"30706147":"Lead not found"},"title":"Bad Request","type":"https://httpstatus.es/400","status":400,"detail":"Invalid request body"}
2025-08-01 03:56:07 store_script.php - 59187 crm - 30706147 END []
2025-08-01 03:56:08 store_script.php - 59188 crm - 30706175 {"order_id":"59188","cdeck_id":"10025597779","crm":"30706175","order_status":"yookassa_widget"}
2025-08-01 03:56:08 request.php - https://vivaherb.amocrm.ru/api/v4/leads/30706175 PATCH 400  {"errors":{"30706175":"Lead not found"},"title":"Bad Request","type":"https://httpstatus.es/400","status":400,"detail":"Invalid request body"}
2025-08-01 03:56:08 store_script.php - 59188 crm - 30706175 END []
2025-08-01 03:56:08 store_script.php - 61931 crm - 30957731 {"order_id":"61931","cdeck_id":"10044840842","crm":"30957731","order_status":"yookassa_widget"}
2025-08-01 03:56:09 request.php - https://vivaherb.amocrm.ru/api/v4/leads/30957731 PATCH 400  {"errors":{"30957731":"Lead not found"},"title":"Bad Request","type":"https://httpstatus.es/400","status":400,"detail":"Invalid request body"}
2025-08-01 03:56:09 store_script.php - 61931 crm - 30957731 END []
2025-08-01 03:56:10 store_script.php - 64064 crm - 31115305 {"order_id":"64064","cdeck_id":"10067371813","crm":"31115305","order_status":"yookassa_widget"}
2025-08-01 03:56:10 request.php - https://vivaherb.amocrm.ru/api/v4/leads/31115305 PATCH 400  {"errors":{"31115305":"Lead not found"},"title":"Bad Request","type":"https://httpstatus.es/400","status":400,"detail":"Invalid request body"}
2025-08-01 03:56:10 store_script.php - 64064 crm - 31115305 END []
2025-08-01 03:56:10 store_script.php - 64110 crm - 31117287 {"order_id":"64110","cdeck_id":"10067760566","crm":"31117287","order_status":"yookassa_widget"}
2025-08-01 03:56:10 request.php - https://vivaherb.amocrm.ru/api/v4/leads/31117287 PATCH 400  {"errors":{"31117287":"Lead not found"},"title":"Bad Request","type":"https://httpstatus.es/400","status":400,"detail":"Invalid request body"}
2025-08-01 03:56:11 store_script.php - 64110 crm - 31117287 END []
2025-08-01 03:56:11 store_script.php - 64904 crm - 31188065 {"order_id":"64904","cdeck_id":"10075009440","crm":"31188065","order_status":"yookassa_widget"}
2025-08-01 03:56:11 request.php - https://vivaherb.amocrm.ru/api/v4/leads/31188065 PATCH 400  {"errors":{"31188065":"Lead not found"},"title":"Bad Request","type":"https://httpstatus.es/400","status":400,"detail":"Invalid request body"}
2025-08-01 03:56:11 store_script.php - 64904 crm - 31188065 END []
2025-08-01 03:56:12 store_script.php - 66655 crm - 31331987 {"order_id":"66655","cdeck_id":"10093681196","crm":"31331987","order_status":"yookassa_widget"}
2025-08-01 03:56:12 request.php - https://vivaherb.amocrm.ru/api/v4/leads/31331987 PATCH 400  {"errors":{"31331987":"Lead not found"},"title":"Bad Request","type":"https://httpstatus.es/400","status":400,"detail":"Invalid request body"}
2025-08-01 03:56:12 store_script.php - 66655 crm - 31331987 END []
2025-08-01 03:56:12 store_script.php - 66657 crm - 31332069 {"order_id":"66657","cdeck_id":"10093687362","crm":"31332069","order_status":"yookassa_widget"}
2025-08-01 03:56:13 request.php - https://vivaherb.amocrm.ru/api/v4/leads/31332069 PATCH 400  {"errors":{"31332069":"Lead not found"},"title":"Bad Request","type":"https://httpstatus.es/400","status":400,"detail":"Invalid request body"}
2025-08-01 03:56:13 store_script.php - 66657 crm - 31332069 END []
2025-08-01 03:56:13 store_script.php - 66765 crm - 31341715 {"order_id":"66765","cdeck_id":"10095118494","crm":"31341715","order_status":"cod"}
2025-08-01 03:56:13 request.php - https://vivaherb.amocrm.ru/api/v4/leads/31341715 PATCH 400  {"errors":{"31341715":"Lead not found"},"title":"Bad Request","type":"https://httpstatus.es/400","status":400,"detail":"Invalid request body"}
2025-08-01 03:56:13 request.php - https://vivaherb.amocrm.ru/api/v4/leads/31341715 PATCH 400  {"errors":{"31341715":"Lead not found"},"title":"Bad Request","type":"https://httpstatus.es/400","status":400,"detail":"Invalid request body"}
2025-08-01 03:56:14 store_script.php - 66765 crm - 31341715 END []
2025-08-01 03:56:14 store_script.php - 67842 crm - 31420031 {"order_id":"67842","cdeck_id":"10105128997","crm":"31420031","order_status":"yookassa_widget"}
2025-08-01 03:56:14 request.php - https://vivaherb.amocrm.ru/api/v4/leads/31420031 PATCH 400  {"errors":{"31420031":"Lead not found"},"title":"Bad Request","type":"https://httpstatus.es/400","status":400,"detail":"Invalid request body"}
2025-08-01 03:56:14 store_script.php - 67842 crm - 31420031 END []
2025-08-01 03:56:22 store_script.php - 70672 crm - 31684629 {"order_id":"70672","cdeck_id":"10137210974","crm":"31684629","order_status":"yookassa_widget"}
2025-08-01 03:56:22 request.php - https://vivaherb.amocrm.ru/api/v4/leads/31684629 PATCH 400  {"errors":{"31684629":"Lead not found"},"title":"Bad Request","type":"https://httpstatus.es/400","status":400,"detail":"Invalid request body"}
2025-08-01 03:56:23 store_script.php - 70672 crm - 31684629 END []
2025-08-01 03:56:26 store_script.php - 71181 crm - 31744131 {"order_id":"71181","cdeck_id":"10144133439","crm":"31744131","order_status":"intellectmoney"}
2025-08-01 03:56:27 store_script.php - 71181 crm - 31744131 get_oreder {"meta":{"href":"https://api.moysklad.ru/api/remap/1.2/entity/customerorder/d2cae93a-6e3c-11f0-0a80-01c00001a79d","metadataHref":"https://api.moysklad.ru/api/remap/1.2/entity/customerorder/metadata","type":"customerorder","mediaType":"application/json","uuidHref":"https://online.moysklad.ru/app/#customerorder/edit?id=d2cae93a-6e3c-11f0-0a80-01c00001a79d"},"id":"d2cae93a-6e3c-11f0-0a80-01c00001a79d","accountId":"dc992fd7-e243-
2025-08-01 03:56:28 store_script.php - 71181 crm - 31744131 END []
2025-08-01 03:56:28 store_script.php - 71182 crm - 31744143 {"order_id":"71182","cdeck_id":"10144136635","crm":"31744143","order_status":"yookassa_widget"}
2025-08-01 03:56:29 store_script.php - 71182 crm - 31744143 get_oreder {"meta":{"href":"https://api.moysklad.ru/api/remap/1.2/entity/customerorder/5935276e-6e40-11f0-0a80-055800024c0d","metadataHref":"https://api.moysklad.ru/api/remap/1.2/entity/customerorder/metadata","type":"customerorder","mediaType":"application/json","uuidHref":"https://online.moysklad.ru/app/#customerorder/edit?id=5935276e-6e40-11f0-0a80-055800024c0d"},"id":"5935276e-6e40-11f0-0a80-055800024c0d","accountId":"dc992fd7-e243-
2025-08-01 03:56:29 store_script.php - 71182 crm - 31744143 END []
2025-08-01 03:56:29 store_script.php - 71183 crm - 31744191 {"order_id":"71183","cdeck_id":"10144142546","crm":"31744191","order_status":"intellectmoney"}
2025-08-01 03:56:30 store_script.php - 71183 crm - 31744191 get_oreder {"meta":{"href":"https://api.moysklad.ru/api/remap/1.2/entity/customerorder/df3678fc-6e4b-11f0-0a80-073500045d6b","metadataHref":"https://api.moysklad.ru/api/remap/1.2/entity/customerorder/metadata","type":"customerorder","mediaType":"application/json","uuidHref":"https://online.moysklad.ru/app/#customerorder/edit?id=df3678fc-6e4b-11f0-0a80-073500045d6b"},"id":"df3678fc-6e4b-11f0-0a80-073500045d6b","accountId":"dc992fd7-e243-
2025-08-01 03:56:30 store_script.php - 71183 crm - 31744191 END []
2025-08-01 04:54:05 store_script.php - 30509 crm - 27215649 {"order_id":"30509","cdeck_id":"1378035246","crm":"27215649","order_status":"cod"}
2025-08-01 04:54:05 request.php - https://vivaherb.amocrm.ru/api/v4/leads/27215649 PATCH 400  {"errors":{"27215649":"Lead not found"},"title":"Bad Request","type":"https://httpstatus.es/400","status":400,"detail":"Invalid request body"}
2025-08-01 04:54:06 request.php - https://vivaherb.amocrm.ru/api/v4/leads/27215649 PATCH 400  {"errors":{"27215649":"Lead not found"},"title":"Bad Request","type":"https://httpstatus.es/400","status":400,"detail":"Invalid request body"}
2025-08-01 04:54:06 store_script.php - 30509 crm - 27215649 END []
2025-08-01 04:54:06 store_script.php - 30980 crm - 27451493 {"order_id":"30980","cdeck_id":"1384831846","crm":"27451493","order_status":"yookassa_widget"}
2025-08-01 04:54:06 request.php - https://vivaherb.amocrm.ru/api/v4/leads/27451493 PATCH 400  {"errors":{"27451493":"Lead not found"},"title":"Bad Request","type":"https://httpstatus.es/400","status":400,"detail":"Invalid request body"}
2025-08-01 04:54:07 store_script.php - 30980 crm - 27451493 END []
2025-08-01 04:54:07 store_script.php - 31159 crm - 27523369 {"order_id":"31159","cdeck_id":"1388417736","crm":"27523369","order_status":"yookassa_widget"}
2025-08-01 04:54:07 request.php - https://vivaherb.amocrm.ru/api/v4/leads/27523369 PATCH 400  {"errors":{"27523369":"Lead not found"},"title":"Bad Request","type":"https://httpstatus.es/400","status":400,"detail":"Invalid request body"}
2025-08-01 04:54:07 store_script.php - 31159 crm - 27523369 END []
2025-08-01 04:54:08 store_script.php - 31689 crm - 27678093 {"order_id":"31689","cdeck_id":"1394658580","crm":"27678093","order_status":"cod"}
2025-08-01 04:54:08 request.php - https://vivaherb.amocrm.ru/api/v4/leads/27678093 PATCH 400  {"errors":{"27678093":"Lead not found"},"title":"Bad Request","type":"https://httpstatus.es/400","status":400,"detail":"Invalid request body"}
2025-08-01 04:54:08 request.php - https://vivaherb.amocrm.ru/api/v4/leads/27678093 PATCH 400  {"errors":{"27678093":"Lead not found"},"title":"Bad Request","type":"https://httpstatus.es/400","status":400,"detail":"Invalid request body"}
2025-08-01 04:54:08 store_script.php - 31689 crm - 27678093 END []
2025-08-01 04:54:08 store_script.php - 32666 crm - 28043619 {"order_id":"32666","cdeck_id":"1407999796","crm":"28043619","order_status":"yookassa_widget"}
2025-08-01 04:54:09 request.php - https://vivaherb.amocrm.ru/api/v4/leads/28043619 PATCH 400  {"errors":{"28043619":"Lead not found"},"title":"Bad Request","type":"https://httpstatus.es/400","status":400,"detail":"Invalid request body"}
2025-08-01 04:54:09 store_script.php - 32666 crm - 28043619 END []
2025-08-01 04:54:09 store_script.php - 35382 crm - 28949539 {"order_id":"35382","cdeck_id":"1440454117","crm":"28949539","order_status":"yookassa_widget"}
2025-08-01 04:54:09 request.php - https://vivaherb.amocrm.ru/api/v4/leads/28949539 PATCH 400  {"errors":{"28949539":"Lead not found"},"title":"Bad Request","type":"https://httpstatus.es/400","status":400,"detail":"Invalid request body"}
2025-08-01 04:54:10 store_script.php - 35382 crm - 28949539 END []
2025-08-01 04:54:10 store_script.php - 36740 crm - 29177633 {"order_id":"36740","cdeck_id":"1450621353","crm":"29177633","order_status":"yookassa_widget"}
2025-08-01 04:54:10 request.php - https://vivaherb.amocrm.ru/api/v4/leads/29177633 PATCH 400  {"errors":{"29177633":"Lead not found"},"title":"Bad Request","type":"https://httpstatus.es/400","status":400,"detail":"Invalid request body"}
2025-08-01 04:54:10 store_script.php - 36740 crm - 29177633 END []
2025-08-01 04:54:10 store_script.php - 43426 crm - 29759963 {"order_id":"43426","cdeck_id":"1492618495","crm":"29759963","order_status":"cod"}
2025-08-01 04:54:11 request.php - https://vivaherb.amocrm.ru/api/v4/leads/29759963 PATCH 400  {"errors":{"29759963":"Lead not found"},"title":"Bad Request","type":"https://httpstatus.es/400","status":400,"detail":"Invalid request body"}
2025-08-01 04:54:11 request.php - https://vivaherb.amocrm.ru/api/v4/leads/29759963 PATCH 400  {"errors":{"29759963":"Lead not found"},"title":"Bad Request","type":"https://httpstatus.es/400","status":400,"detail":"Invalid request body"}
2025-08-01 04:54:11 store_script.php - 43426 crm - 29759963 END []
2025-08-01 04:54:11 store_script.php - 55743 crm - 30571295 {"order_id":"55743","cdeck_id":"10011353606","crm":"30571295","order_status":"cod"}
2025-08-01 04:54:11 request.php - https://vivaherb.amocrm.ru/api/v4/leads/30571295 PATCH 400  {"errors":{"30571295":"Lead not found"},"title":"Bad Request","type":"https://httpstatus.es/400","status":400,"detail":"Invalid request body"}
2025-08-01 04:54:12 request.php - https://vivaherb.amocrm.ru/api/v4/leads/30571295 PATCH 400  {"errors":{"30571295":"Lead not found"},"title":"Bad Request","type":"https://httpstatus.es/400","status":400,"detail":"Invalid request body"}
2025-08-01 04:54:12 store_script.php - 55743 crm - 30571295 END []
2025-08-01 04:54:12 store_script.php - 56020 crm - 30580597 {"order_id":"56020","cdeck_id":"10012192492","crm":"30580597","order_status":"intellectmoney"}
2025-08-01 04:54:12 request.php - https://vivaherb.amocrm.ru/api/v4/leads/30580597 PATCH 400  {"errors":{"30580597":"Lead not found"},"title":"Bad Request","type":"https://httpstatus.es/400","status":400,"detail":"Invalid request body"}
2025-08-01 04:54:12 store_script.php - 56020 crm - 30580597 END []
2025-08-01 04:54:13 store_script.php - 58805 crm - 30699429 {"order_id":"58805","cdeck_id":"10024732090","crm":"30699429","order_status":"yookassa_widget"}
2025-08-01 04:54:13 request.php - https://vivaherb.amocrm.ru/api/v4/leads/30699429 PATCH 400  {"errors":{"30699429":"Lead not found"},"title":"Bad Request","type":"https://httpstatus.es/400","status":400,"detail":"Invalid request body"}
2025-08-01 04:54:13 store_script.php - 58805 crm - 30699429 END []
2025-08-01 04:54:13 store_script.php - 58825 crm - 30700377 {"order_id":"58825","cdeck_id":"10024878326","crm":"30700377","order_status":"yookassa_widget"}
2025-08-01 04:54:13 request.php - https://vivaherb.amocrm.ru/api/v4/leads/30700377 PATCH 400  {"errors":{"30700377":"Lead not found"},"title":"Bad Request","type":"https://httpstatus.es/400","status":400,"detail":"Invalid request body"}
2025-08-01 04:54:14 store_script.php - 58825 crm - 30700377 END []
2025-08-01 04:54:14 store_script.php - 58891 crm - 30702185 {"order_id":"58891","cdeck_id":"10025084375","crm":"30702185","order_status":"yookassa_widget"}
2025-08-01 04:54:14 request.php - https://vivaherb.amocrm.ru/api/v4/leads/30702185 PATCH 400  {"errors":{"30702185":"Lead not found"},"title":"Bad Request","type":"https://httpstatus.es/400","status":400,"detail":"Invalid request body"}
2025-08-01 04:54:14 store_script.php - 58891 crm - 30702185 END []
2025-08-01 04:54:14 store_script.php - 59176 crm - 30706013 {"order_id":"59176","cdeck_id":"10025584176","crm":"30706013","order_status":"yookassa_widget"}
2025-08-01 04:54:14 request.php - https://vivaherb.amocrm.ru/api/v4/leads/30706013 PATCH 400  {"errors":{"30706013":"Lead not found"},"title":"Bad Request","type":"https://httpstatus.es/400","status":400,"detail":"Invalid request body"}
2025-08-01 04:54:15 store_script.php - 59176 crm - 30706013 END []
2025-08-01 04:54:15 store_script.php - 59181 crm - 30706069 {"order_id":"59181","cdeck_id":"10025587928","crm":"30706069","order_status":"yookassa_widget"}
2025-08-01 04:54:15 request.php - https://vivaherb.amocrm.ru/api/v4/leads/30706069 PATCH 400  {"errors":{"30706069":"Lead not found"},"title":"Bad Request","type":"https://httpstatus.es/400","status":400,"detail":"Invalid request body"}
2025-08-01 04:54:15 store_script.php - 59181 crm - 30706069 END []
2025-08-01 04:54:16 store_script.php - 59187 crm - 30706147 {"order_id":"59187","cdeck_id":"10025595773","crm":"30706147","order_status":"yookassa_widget"}
2025-08-01 04:54:16 request.php - https://vivaherb.amocrm.ru/api/v4/leads/30706147 PATCH 400  {"errors":{"30706147":"Lead not found"},"title":"Bad Request","type":"https://httpstatus.es/400","status":400,"detail":"Invalid request body"}
2025-08-01 04:54:16 store_script.php - 59187 crm - 30706147 END []
2025-08-01 04:54:16 store_script.php - 59188 crm - 30706175 {"order_id":"59188","cdeck_id":"10025597779","crm":"30706175","order_status":"yookassa_widget"}
2025-08-01 04:54:16 request.php - https://vivaherb.amocrm.ru/api/v4/leads/30706175 PATCH 400  {"errors":{"30706175":"Lead not found"},"title":"Bad Request","type":"https://httpstatus.es/400","status":400,"detail":"Invalid request body"}
2025-08-01 04:54:17 store_script.php - 59188 crm - 30706175 END []
2025-08-01 04:54:17 store_script.php - 61931 crm - 30957731 {"order_id":"61931","cdeck_id":"10044840842","crm":"30957731","order_status":"yookassa_widget"}
2025-08-01 04:54:17 request.php - https://vivaherb.amocrm.ru/api/v4/leads/30957731 PATCH 400  {"errors":{"30957731":"Lead not found"},"title":"Bad Request","type":"https://httpstatus.es/400","status":400,"detail":"Invalid request body"}
2025-08-01 04:54:17 store_script.php - 61931 crm - 30957731 END []
2025-08-01 04:54:18 store_script.php - 64064 crm - 31115305 {"order_id":"64064","cdeck_id":"10067371813","crm":"31115305","order_status":"yookassa_widget"}
2025-08-01 04:54:19 request.php - https://vivaherb.amocrm.ru/api/v4/leads/31115305 PATCH 400  {"errors":{"31115305":"Lead not found"},"title":"Bad Request","type":"https://httpstatus.es/400","status":400,"detail":"Invalid request body"}
2025-08-01 04:54:19 store_script.php - 64064 crm - 31115305 END []
2025-08-01 04:54:19 store_script.php - 64110 crm - 31117287 {"order_id":"64110","cdeck_id":"10067760566","crm":"31117287","order_status":"yookassa_widget"}
2025-08-01 04:54:19 request.php - https://vivaherb.amocrm.ru/api/v4/leads/31117287 PATCH 400  {"errors":{"31117287":"Lead not found"},"title":"Bad Request","type":"https://httpstatus.es/400","status":400,"detail":"Invalid request body"}
2025-08-01 04:54:19 store_script.php - 64110 crm - 31117287 END []
2025-08-01 04:54:19 store_script.php - 64904 crm - 31188065 {"order_id":"64904","cdeck_id":"10075009440","crm":"31188065","order_status":"yookassa_widget"}
2025-08-01 04:54:20 request.php - https://vivaherb.amocrm.ru/api/v4/leads/31188065 PATCH 400  {"errors":{"31188065":"Lead not found"},"title":"Bad Request","type":"https://httpstatus.es/400","status":400,"detail":"Invalid request body"}
2025-08-01 04:54:20 store_script.php - 64904 crm - 31188065 END []
2025-08-01 04:54:21 store_script.php - 66655 crm - 31331987 {"order_id":"66655","cdeck_id":"10093681196","crm":"31331987","order_status":"yookassa_widget"}
2025-08-01 04:54:21 request.php - https://vivaherb.amocrm.ru/api/v4/leads/31331987 PATCH 400  {"errors":{"31331987":"Lead not found"},"title":"Bad Request","type":"https://httpstatus.es/400","status":400,"detail":"Invalid request body"}
2025-08-01 04:54:21 store_script.php - 66655 crm - 31331987 END []
2025-08-01 04:54:21 store_script.php - 66657 crm - 31332069 {"order_id":"66657","cdeck_id":"10093687362","crm":"31332069","order_status":"yookassa_widget"}
2025-08-01 04:54:21 request.php - https://vivaherb.amocrm.ru/api/v4/leads/31332069 PATCH 400  {"errors":{"31332069":"Lead not found"},"title":"Bad Request","type":"https://httpstatus.es/400","status":400,"detail":"Invalid request body"}
2025-08-01 04:54:22 store_script.php - 66657 crm - 31332069 END []
2025-08-01 04:54:22 store_script.php - 66765 crm - 31341715 {"order_id":"66765","cdeck_id":"10095118494","crm":"31341715","order_status":"cod"}
2025-08-01 04:54:22 request.php - https://vivaherb.amocrm.ru/api/v4/leads/31341715 PATCH 400  {"errors":{"31341715":"Lead not found"},"title":"Bad Request","type":"https://httpstatus.es/400","status":400,"detail":"Invalid request body"}
2025-08-01 04:54:22 request.php - https://vivaherb.amocrm.ru/api/v4/leads/31341715 PATCH 400  {"errors":{"31341715":"Lead not found"},"title":"Bad Request","type":"https://httpstatus.es/400","status":400,"detail":"Invalid request body"}
2025-08-01 04:54:22 store_script.php - 66765 crm - 31341715 END []
2025-08-01 04:54:23 store_script.php - 67842 crm - 31420031 {"order_id":"67842","cdeck_id":"10105128997","crm":"31420031","order_status":"yookassa_widget"}
2025-08-01 04:54:23 request.php - https://vivaherb.amocrm.ru/api/v4/leads/31420031 PATCH 400  {"errors":{"31420031":"Lead not found"},"title":"Bad Request","type":"https://httpstatus.es/400","status":400,"detail":"Invalid request body"}
2025-08-01 04:54:23 store_script.php - 67842 crm - 31420031 END []
2025-08-01 04:54:31 store_script.php - 70672 crm - 31684629 {"order_id":"70672","cdeck_id":"10137210974","crm":"31684629","order_status":"yookassa_widget"}
2025-08-01 04:54:31 request.php - https://vivaherb.amocrm.ru/api/v4/leads/31684629 PATCH 400  {"errors":{"31684629":"Lead not found"},"title":"Bad Request","type":"https://httpstatus.es/400","status":400,"detail":"Invalid request body"}
2025-08-01 04:54:31 store_script.php - 70672 crm - 31684629 END []
2025-08-01 04:54:35 store_script.php - 71181 crm - 31744131 {"order_id":"71181","cdeck_id":"10144133439","crm":"31744131","order_status":"intellectmoney"}
2025-08-01 04:54:36 store_script.php - 71181 crm - 31744131 get_oreder {"meta":{"href":"https://api.moysklad.ru/api/remap/1.2/entity/customerorder/d2cae93a-6e3c-11f0-0a80-01c00001a79d","metadataHref":"https://api.moysklad.ru/api/remap/1.2/entity/customerorder/metadata","type":"customerorder","mediaType":"application/json","uuidHref":"https://online.moysklad.ru/app/#customerorder/edit?id=d2cae93a-6e3c-11f0-0a80-01c00001a79d"},"id":"d2cae93a-6e3c-11f0-0a80-01c00001a79d","accountId":"dc992fd7-e243-
2025-08-01 04:54:36 store_script.php - 71181 crm - 31744131 END []
2025-08-01 04:54:36 store_script.php - 71182 crm - 31744143 {"order_id":"71182","cdeck_id":"10144136635","crm":"31744143","order_status":"yookassa_widget"}
2025-08-01 04:54:37 store_script.php - 71182 crm - 31744143 get_oreder {"meta":{"href":"https://api.moysklad.ru/api/remap/1.2/entity/customerorder/5935276e-6e40-11f0-0a80-055800024c0d","metadataHref":"https://api.moysklad.ru/api/remap/1.2/entity/customerorder/metadata","type":"customerorder","mediaType":"application/json","uuidHref":"https://online.moysklad.ru/app/#customerorder/edit?id=5935276e-6e40-11f0-0a80-055800024c0d"},"id":"5935276e-6e40-11f0-0a80-055800024c0d","accountId":"dc992fd7-e243-
2025-08-01 04:54:37 store_script.php - 71182 crm - 31744143 END []
2025-08-01 04:54:38 store_script.php - 71183 crm - 31744191 {"order_id":"71183","cdeck_id":"10144142546","crm":"31744191","order_status":"intellectmoney"}
2025-08-01 04:54:38 store_script.php - 71183 crm - 31744191 get_oreder {"meta":{"href":"https://api.moysklad.ru/api/remap/1.2/entity/customerorder/df3678fc-6e4b-11f0-0a80-073500045d6b","metadataHref":"https://api.moysklad.ru/api/remap/1.2/entity/customerorder/metadata","type":"customerorder","mediaType":"application/json","uuidHref":"https://online.moysklad.ru/app/#customerorder/edit?id=df3678fc-6e4b-11f0-0a80-073500045d6b"},"id":"df3678fc-6e4b-11f0-0a80-073500045d6b","accountId":"dc992fd7-e243-
2025-08-01 04:54:39 store_script.php - 71183 crm - 31744191 END []
2025-08-01 05:54:06 store_script.php - 30509 crm - 27215649 {"order_id":"30509","cdeck_id":"1378035246","crm":"27215649","order_status":"cod"}
2025-08-01 05:54:07 request.php - https://vivaherb.amocrm.ru/api/v4/leads/27215649 PATCH 400  {"errors":{"27215649":"Lead not found"},"title":"Bad Request","type":"https://httpstatus.es/400","status":400,"detail":"Invalid request body"}
2025-08-01 05:54:07 request.php - https://vivaherb.amocrm.ru/api/v4/leads/27215649 PATCH 400  {"errors":{"27215649":"Lead not found"},"title":"Bad Request","type":"https://httpstatus.es/400","status":400,"detail":"Invalid request body"}
2025-08-01 05:54:07 store_script.php - 30509 crm - 27215649 END []
2025-08-01 05:54:07 store_script.php - 30980 crm - 27451493 {"order_id":"30980","cdeck_id":"1384831846","crm":"27451493","order_status":"yookassa_widget"}
2025-08-01 05:54:07 request.php - https://vivaherb.amocrm.ru/api/v4/leads/27451493 PATCH 400  {"errors":{"27451493":"Lead not found"},"title":"Bad Request","type":"https://httpstatus.es/400","status":400,"detail":"Invalid request body"}
2025-08-01 05:54:08 store_script.php - 30980 crm - 27451493 END []
2025-08-01 05:54:08 store_script.php - 31159 crm - 27523369 {"order_id":"31159","cdeck_id":"1388417736","crm":"27523369","order_status":"yookassa_widget"}
2025-08-01 05:54:08 request.php - https://vivaherb.amocrm.ru/api/v4/leads/27523369 PATCH 400  {"errors":{"27523369":"Lead not found"},"title":"Bad Request","type":"https://httpstatus.es/400","status":400,"detail":"Invalid request body"}
2025-08-01 05:54:08 store_script.php - 31159 crm - 27523369 END []
2025-08-01 05:54:08 store_script.php - 31689 crm - 27678093 {"order_id":"31689","cdeck_id":"1394658580","crm":"27678093","order_status":"cod"}
2025-08-01 05:54:09 request.php - https://vivaherb.amocrm.ru/api/v4/leads/27678093 PATCH 400  {"errors":{"27678093":"Lead not found"},"title":"Bad Request","type":"https://httpstatus.es/400","status":400,"detail":"Invalid request body"}
2025-08-01 05:54:09 request.php - https://vivaherb.amocrm.ru/api/v4/leads/27678093 PATCH 400  {"errors":{"27678093":"Lead not found"},"title":"Bad Request","type":"https://httpstatus.es/400","status":400,"detail":"Invalid request body"}
2025-08-01 05:54:09 store_script.php - 31689 crm - 27678093 END []
2025-08-01 05:54:09 store_script.php - 32666 crm - 28043619 {"order_id":"32666","cdeck_id":"1407999796","crm":"28043619","order_status":"yookassa_widget"}
2025-08-01 05:54:09 request.php - https://vivaherb.amocrm.ru/api/v4/leads/28043619 PATCH 400  {"errors":{"28043619":"Lead not found"},"title":"Bad Request","type":"https://httpstatus.es/400","status":400,"detail":"Invalid request body"}
2025-08-01 05:54:10 store_script.php - 32666 crm - 28043619 END []
2025-08-01 05:54:10 store_script.php - 35382 crm - 28949539 {"order_id":"35382","cdeck_id":"1440454117","crm":"28949539","order_status":"yookassa_widget"}
2025-08-01 05:54:10 request.php - https://vivaherb.amocrm.ru/api/v4/leads/28949539 PATCH 400  {"errors":{"28949539":"Lead not found"},"title":"Bad Request","type":"https://httpstatus.es/400","status":400,"detail":"Invalid request body"}
2025-08-01 05:54:10 store_script.php - 35382 crm - 28949539 END []
2025-08-01 05:54:10 store_script.php - 36740 crm - 29177633 {"order_id":"36740","cdeck_id":"1450621353","crm":"29177633","order_status":"yookassa_widget"}
2025-08-01 05:54:11 request.php - https://vivaherb.amocrm.ru/api/v4/leads/29177633 PATCH 400  {"errors":{"29177633":"Lead not found"},"title":"Bad Request","type":"https://httpstatus.es/400","status":400,"detail":"Invalid request body"}
2025-08-01 05:54:11 store_script.php - 36740 crm - 29177633 END []
2025-08-01 05:54:11 store_script.php - 43426 crm - 29759963 {"order_id":"43426","cdeck_id":"1492618495","crm":"29759963","order_status":"cod"}
2025-08-01 05:54:11 request.php - https://vivaherb.amocrm.ru/api/v4/leads/29759963 PATCH 400  {"errors":{"29759963":"Lead not found"},"title":"Bad Request","type":"https://httpstatus.es/400","status":400,"detail":"Invalid request body"}
2025-08-01 05:54:11 request.php - https://vivaherb.amocrm.ru/api/v4/leads/29759963 PATCH 400  {"errors":{"29759963":"Lead not found"},"title":"Bad Request","type":"https://httpstatus.es/400","status":400,"detail":"Invalid request body"}
2025-08-01 05:54:12 store_script.php - 43426 crm - 29759963 END []
2025-08-01 05:54:12 store_script.php - 55743 crm - 30571295 {"order_id":"55743","cdeck_id":"10011353606","crm":"30571295","order_status":"cod"}
2025-08-01 05:54:12 request.php - https://vivaherb.amocrm.ru/api/v4/leads/30571295 PATCH 400  {"errors":{"30571295":"Lead not found"},"title":"Bad Request","type":"https://httpstatus.es/400","status":400,"detail":"Invalid request body"}
2025-08-01 05:54:12 request.php - https://vivaherb.amocrm.ru/api/v4/leads/30571295 PATCH 400  {"errors":{"30571295":"Lead not found"},"title":"Bad Request","type":"https://httpstatus.es/400","status":400,"detail":"Invalid request body"}
2025-08-01 05:54:12 store_script.php - 55743 crm - 30571295 END []
2025-08-01 05:54:13 store_script.php - 56020 crm - 30580597 {"order_id":"56020","cdeck_id":"10012192492","crm":"30580597","order_status":"intellectmoney"}
2025-08-01 05:54:13 request.php - https://vivaherb.amocrm.ru/api/v4/leads/30580597 PATCH 400  {"errors":{"30580597":"Lead not found"},"title":"Bad Request","type":"https://httpstatus.es/400","status":400,"detail":"Invalid request body"}
2025-08-01 05:54:13 store_script.php - 56020 crm - 30580597 END []
2025-08-01 05:54:13 store_script.php - 58805 crm - 30699429 {"order_id":"58805","cdeck_id":"10024732090","crm":"30699429","order_status":"yookassa_widget"}
2025-08-01 05:54:13 request.php - https://vivaherb.amocrm.ru/api/v4/leads/30699429 PATCH 400  {"errors":{"30699429":"Lead not found"},"title":"Bad Request","type":"https://httpstatus.es/400","status":400,"detail":"Invalid request body"}
2025-08-01 05:54:14 store_script.php - 58805 crm - 30699429 END []
2025-08-01 05:54:14 store_script.php - 58825 crm - 30700377 {"order_id":"58825","cdeck_id":"10024878326","crm":"30700377","order_status":"yookassa_widget"}
2025-08-01 05:54:14 request.php - https://vivaherb.amocrm.ru/api/v4/leads/30700377 PATCH 400  {"errors":{"30700377":"Lead not found"},"title":"Bad Request","type":"https://httpstatus.es/400","status":400,"detail":"Invalid request body"}
2025-08-01 05:54:14 store_script.php - 58825 crm - 30700377 END []
2025-08-01 05:54:14 store_script.php - 58891 crm - 30702185 {"order_id":"58891","cdeck_id":"10025084375","crm":"30702185","order_status":"yookassa_widget"}
2025-08-01 05:54:15 request.php - https://vivaherb.amocrm.ru/api/v4/leads/30702185 PATCH 400  {"errors":{"30702185":"Lead not found"},"title":"Bad Request","type":"https://httpstatus.es/400","status":400,"detail":"Invalid request body"}
2025-08-01 05:54:15 store_script.php - 58891 crm - 30702185 END []
2025-08-01 05:54:15 store_script.php - 59176 crm - 30706013 {"order_id":"59176","cdeck_id":"10025584176","crm":"30706013","order_status":"yookassa_widget"}
2025-08-01 05:54:15 request.php - https://vivaherb.amocrm.ru/api/v4/leads/30706013 PATCH 400  {"errors":{"30706013":"Lead not found"},"title":"Bad Request","type":"https://httpstatus.es/400","status":400,"detail":"Invalid request body"}
2025-08-01 05:54:15 store_script.php - 59176 crm - 30706013 END []
2025-08-01 05:54:16 store_script.php - 59181 crm - 30706069 {"order_id":"59181","cdeck_id":"10025587928","crm":"30706069","order_status":"yookassa_widget"}
2025-08-01 05:54:16 request.php - https://vivaherb.amocrm.ru/api/v4/leads/30706069 PATCH 400  {"errors":{"30706069":"Lead not found"},"title":"Bad Request","type":"https://httpstatus.es/400","status":400,"detail":"Invalid request body"}
2025-08-01 05:54:16 store_script.php - 59181 crm - 30706069 END []
2025-08-01 05:54:16 store_script.php - 59187 crm - 30706147 {"order_id":"59187","cdeck_id":"10025595773","crm":"30706147","order_status":"yookassa_widget"}
2025-08-01 05:54:17 request.php - https://vivaherb.amocrm.ru/api/v4/leads/30706147 PATCH 400  {"errors":{"30706147":"Lead not found"},"title":"Bad Request","type":"https://httpstatus.es/400","status":400,"detail":"Invalid request body"}
2025-08-01 05:54:17 store_script.php - 59187 crm - 30706147 END []
2025-08-01 05:54:17 store_script.php - 59188 crm - 30706175 {"order_id":"59188","cdeck_id":"10025597779","crm":"30706175","order_status":"yookassa_widget"}
2025-08-01 05:54:17 request.php - https://vivaherb.amocrm.ru/api/v4/leads/30706175 PATCH 400  {"errors":{"30706175":"Lead not found"},"title":"Bad Request","type":"https://httpstatus.es/400","status":400,"detail":"Invalid request body"}
2025-08-01 05:54:17 store_script.php - 59188 crm - 30706175 END []
2025-08-01 05:54:18 store_script.php - 61931 crm - 30957731 {"order_id":"61931","cdeck_id":"10044840842","crm":"30957731","order_status":"yookassa_widget"}
2025-08-01 05:54:18 request.php - https://vivaherb.amocrm.ru/api/v4/leads/30957731 PATCH 400  {"errors":{"30957731":"Lead not found"},"title":"Bad Request","type":"https://httpstatus.es/400","status":400,"detail":"Invalid request body"}
2025-08-01 05:54:18 store_script.php - 61931 crm - 30957731 END []
2025-08-01 05:54:19 store_script.php - 64064 crm - 31115305 {"order_id":"64064","cdeck_id":"10067371813","crm":"31115305","order_status":"yookassa_widget"}
2025-08-01 05:54:19 request.php - https://vivaherb.amocrm.ru/api/v4/leads/31115305 PATCH 400  {"errors":{"31115305":"Lead not found"},"title":"Bad Request","type":"https://httpstatus.es/400","status":400,"detail":"Invalid request body"}
2025-08-01 05:54:20 store_script.php - 64064 crm - 31115305 END []
2025-08-01 05:54:20 store_script.php - 64110 crm - 31117287 {"order_id":"64110","cdeck_id":"10067760566","crm":"31117287","order_status":"yookassa_widget"}
2025-08-01 05:54:20 request.php - https://vivaherb.amocrm.ru/api/v4/leads/31117287 PATCH 400  {"errors":{"31117287":"Lead not found"},"title":"Bad Request","type":"https://httpstatus.es/400","status":400,"detail":"Invalid request body"}
2025-08-01 05:54:20 store_script.php - 64110 crm - 31117287 END []
2025-08-01 05:54:20 store_script.php - 64904 crm - 31188065 {"order_id":"64904","cdeck_id":"10075009440","crm":"31188065","order_status":"yookassa_widget"}
2025-08-01 05:54:21 request.php - https://vivaherb.amocrm.ru/api/v4/leads/31188065 PATCH 400  {"errors":{"31188065":"Lead not found"},"title":"Bad Request","type":"https://httpstatus.es/400","status":400,"detail":"Invalid request body"}
2025-08-01 05:54:21 store_script.php - 64904 crm - 31188065 END []
2025-08-01 05:54:21 store_script.php - 66655 crm - 31331987 {"order_id":"66655","cdeck_id":"10093681196","crm":"31331987","order_status":"yookassa_widget"}
2025-08-01 05:54:22 request.php - https://vivaherb.amocrm.ru/api/v4/leads/31331987 PATCH 400  {"errors":{"31331987":"Lead not found"},"title":"Bad Request","type":"https://httpstatus.es/400","status":400,"detail":"Invalid request body"}
2025-08-01 05:54:22 store_script.php - 66655 crm - 31331987 END []
2025-08-01 05:54:22 store_script.php - 66657 crm - 31332069 {"order_id":"66657","cdeck_id":"10093687362","crm":"31332069","order_status":"yookassa_widget"}
2025-08-01 05:54:22 request.php - https://vivaherb.amocrm.ru/api/v4/leads/31332069 PATCH 400  {"errors":{"31332069":"Lead not found"},"title":"Bad Request","type":"https://httpstatus.es/400","status":400,"detail":"Invalid request body"}
2025-08-01 05:54:22 store_script.php - 66657 crm - 31332069 END []
2025-08-01 05:54:23 store_script.php - 66765 crm - 31341715 {"order_id":"66765","cdeck_id":"10095118494","crm":"31341715","order_status":"cod"}
2025-08-01 05:54:23 request.php - https://vivaherb.amocrm.ru/api/v4/leads/31341715 PATCH 400  {"errors":{"31341715":"Lead not found"},"title":"Bad Request","type":"https://httpstatus.es/400","status":400,"detail":"Invalid request body"}
2025-08-01 05:54:23 request.php - https://vivaherb.amocrm.ru/api/v4/leads/31341715 PATCH 400  {"errors":{"31341715":"Lead not found"},"title":"Bad Request","type":"https://httpstatus.es/400","status":400,"detail":"Invalid request body"}
2025-08-01 05:54:23 store_script.php - 66765 crm - 31341715 END []
2025-08-01 05:54:24 store_script.php - 67842 crm - 31420031 {"order_id":"67842","cdeck_id":"10105128997","crm":"31420031","order_status":"yookassa_widget"}
2025-08-01 05:54:24 request.php - https://vivaherb.amocrm.ru/api/v4/leads/31420031 PATCH 400  {"errors":{"31420031":"Lead not found"},"title":"Bad Request","type":"https://httpstatus.es/400","status":400,"detail":"Invalid request body"}
2025-08-01 05:54:24 store_script.php - 67842 crm - 31420031 END []
2025-08-01 05:54:32 store_script.php - 70672 crm - 31684629 {"order_id":"70672","cdeck_id":"10137210974","crm":"31684629","order_status":"yookassa_widget"}
2025-08-01 05:54:33 request.php - https://vivaherb.amocrm.ru/api/v4/leads/31684629 PATCH 400  {"errors":{"31684629":"Lead not found"},"title":"Bad Request","type":"https://httpstatus.es/400","status":400,"detail":"Invalid request body"}
2025-08-01 05:54:33 store_script.php - 70672 crm - 31684629 END []
2025-08-01 05:54:36 store_script.php - 71181 crm - 31744131 {"order_id":"71181","cdeck_id":"10144133439","crm":"31744131","order_status":"intellectmoney"}
2025-08-01 05:54:37 store_script.php - 71181 crm - 31744131 get_oreder {"meta":{"href":"https://api.moysklad.ru/api/remap/1.2/entity/customerorder/d2cae93a-6e3c-11f0-0a80-01c00001a79d","metadataHref":"https://api.moysklad.ru/api/remap/1.2/entity/customerorder/metadata","type":"customerorder","mediaType":"application/json","uuidHref":"https://online.moysklad.ru/app/#customerorder/edit?id=d2cae93a-6e3c-11f0-0a80-01c00001a79d"},"id":"d2cae93a-6e3c-11f0-0a80-01c00001a79d","accountId":"dc992fd7-e243-
2025-08-01 05:54:37 store_script.php - 71181 crm - 31744131 END []
2025-08-01 05:54:37 store_script.php - 71182 crm - 31744143 {"order_id":"71182","cdeck_id":"10144136635","crm":"31744143","order_status":"yookassa_widget"}
2025-08-01 05:54:39 store_script.php - 71182 crm - 31744143 get_oreder {"meta":{"href":"https://api.moysklad.ru/api/remap/1.2/entity/customerorder/5935276e-6e40-11f0-0a80-055800024c0d","metadataHref":"https://api.moysklad.ru/api/remap/1.2/entity/customerorder/metadata","type":"customerorder","mediaType":"application/json","uuidHref":"https://online.moysklad.ru/app/#customerorder/edit?id=5935276e-6e40-11f0-0a80-055800024c0d"},"id":"5935276e-6e40-11f0-0a80-055800024c0d","accountId":"dc992fd7-e243-
2025-08-01 05:54:39 store_script.php - 71182 crm - 31744143 END []
2025-08-01 05:54:39 store_script.php - 71183 crm - 31744191 {"order_id":"71183","cdeck_id":"10144142546","crm":"31744191","order_status":"intellectmoney"}
2025-08-01 05:54:40 store_script.php - 71183 crm - 31744191 get_oreder {"meta":{"href":"https://api.moysklad.ru/api/remap/1.2/entity/customerorder/df3678fc-6e4b-11f0-0a80-073500045d6b","metadataHref":"https://api.moysklad.ru/api/remap/1.2/entity/customerorder/metadata","type":"customerorder","mediaType":"application/json","uuidHref":"https://online.moysklad.ru/app/#customerorder/edit?id=df3678fc-6e4b-11f0-0a80-073500045d6b"},"id":"df3678fc-6e4b-11f0-0a80-073500045d6b","accountId":"dc992fd7-e243-
2025-08-01 05:54:41 store_script.php - 71183 crm - 31744191 END []
2025-08-01 06:55:10 store_script.php - 30509 crm - 27215649 {"order_id":"30509","cdeck_id":"1378035246","crm":"27215649","order_status":"cod"}
2025-08-01 06:55:10 request.php - https://vivaherb.amocrm.ru/api/v4/leads/27215649 PATCH 400  {"errors":{"27215649":"Lead not found"},"title":"Bad Request","type":"https://httpstatus.es/400","status":400,"detail":"Invalid request body"}
2025-08-01 06:55:10 request.php - https://vivaherb.amocrm.ru/api/v4/leads/27215649 PATCH 400  {"errors":{"27215649":"Lead not found"},"title":"Bad Request","type":"https://httpstatus.es/400","status":400,"detail":"Invalid request body"}
2025-08-01 06:55:10 store_script.php - 30509 crm - 27215649 END []
2025-08-01 06:55:11 store_script.php - 30980 crm - 27451493 {"order_id":"30980","cdeck_id":"1384831846","crm":"27451493","order_status":"yookassa_widget"}
2025-08-01 06:55:11 request.php - https://vivaherb.amocrm.ru/api/v4/leads/27451493 PATCH 400  {"errors":{"27451493":"Lead not found"},"title":"Bad Request","type":"https://httpstatus.es/400","status":400,"detail":"Invalid request body"}
2025-08-01 06:55:11 store_script.php - 30980 crm - 27451493 END []
2025-08-01 06:55:11 store_script.php - 31159 crm - 27523369 {"order_id":"31159","cdeck_id":"1388417736","crm":"27523369","order_status":"yookassa_widget"}
2025-08-01 06:55:11 request.php - https://vivaherb.amocrm.ru/api/v4/leads/27523369 PATCH 400  {"errors":{"27523369":"Lead not found"},"title":"Bad Request","type":"https://httpstatus.es/400","status":400,"detail":"Invalid request body"}
2025-08-01 06:55:11 store_script.php - 31159 crm - 27523369 END []
2025-08-01 06:55:12 store_script.php - 31689 crm - 27678093 {"order_id":"31689","cdeck_id":"1394658580","crm":"27678093","order_status":"cod"}
2025-08-01 06:55:12 request.php - https://vivaherb.amocrm.ru/api/v4/leads/27678093 PATCH 400  {"errors":{"27678093":"Lead not found"},"title":"Bad Request","type":"https://httpstatus.es/400","status":400,"detail":"Invalid request body"}
2025-08-01 06:55:12 request.php - https://vivaherb.amocrm.ru/api/v4/leads/27678093 PATCH 400  {"errors":{"27678093":"Lead not found"},"title":"Bad Request","type":"https://httpstatus.es/400","status":400,"detail":"Invalid request body"}
2025-08-01 06:55:12 store_script.php - 31689 crm - 27678093 END []
2025-08-01 06:55:12 store_script.php - 32666 crm - 28043619 {"order_id":"32666","cdeck_id":"1407999796","crm":"28043619","order_status":"yookassa_widget"}
2025-08-01 06:55:13 request.php - https://vivaherb.amocrm.ru/api/v4/leads/28043619 PATCH 400  {"errors":{"28043619":"Lead not found"},"title":"Bad Request","type":"https://httpstatus.es/400","status":400,"detail":"Invalid request body"}
2025-08-01 06:55:13 store_script.php - 32666 crm - 28043619 END []
2025-08-01 06:55:13 store_script.php - 35382 crm - 28949539 {"order_id":"35382","cdeck_id":"1440454117","crm":"28949539","order_status":"yookassa_widget"}
2025-08-01 06:55:13 request.php - https://vivaherb.amocrm.ru/api/v4/leads/28949539 PATCH 400  {"errors":{"28949539":"Lead not found"},"title":"Bad Request","type":"https://httpstatus.es/400","status":400,"detail":"Invalid request body"}
2025-08-01 06:55:13 store_script.php - 35382 crm - 28949539 END []
2025-08-01 06:55:14 store_script.php - 36740 crm - 29177633 {"order_id":"36740","cdeck_id":"1450621353","crm":"29177633","order_status":"yookassa_widget"}
2025-08-01 06:55:14 request.php - https://vivaherb.amocrm.ru/api/v4/leads/29177633 PATCH 400  {"errors":{"29177633":"Lead not found"},"title":"Bad Request","type":"https://httpstatus.es/400","status":400,"detail":"Invalid request body"}
2025-08-01 06:55:14 store_script.php - 36740 crm - 29177633 END []
2025-08-01 06:55:14 store_script.php - 43426 crm - 29759963 {"order_id":"43426","cdeck_id":"1492618495","crm":"29759963","order_status":"cod"}
2025-08-01 06:55:14 request.php - https://vivaherb.amocrm.ru/api/v4/leads/29759963 PATCH 400  {"errors":{"29759963":"Lead not found"},"title":"Bad Request","type":"https://httpstatus.es/400","status":400,"detail":"Invalid request body"}
2025-08-01 06:55:15 request.php - https://vivaherb.amocrm.ru/api/v4/leads/29759963 PATCH 400  {"errors":{"29759963":"Lead not found"},"title":"Bad Request","type":"https://httpstatus.es/400","status":400,"detail":"Invalid request body"}
2025-08-01 06:55:15 store_script.php - 43426 crm - 29759963 END []
2025-08-01 06:55:15 store_script.php - 55743 crm - 30571295 {"order_id":"55743","cdeck_id":"10011353606","crm":"30571295","order_status":"cod"}
2025-08-01 06:55:15 request.php - https://vivaherb.amocrm.ru/api/v4/leads/30571295 PATCH 400  {"errors":{"30571295":"Lead not found"},"title":"Bad Request","type":"https://httpstatus.es/400","status":400,"detail":"Invalid request body"}
2025-08-01 06:55:15 request.php - https://vivaherb.amocrm.ru/api/v4/leads/30571295 PATCH 400  {"errors":{"30571295":"Lead not found"},"title":"Bad Request","type":"https://httpstatus.es/400","status":400,"detail":"Invalid request body"}
2025-08-01 06:55:16 store_script.php - 55743 crm - 30571295 END []
2025-08-01 06:55:16 store_script.php - 56020 crm - 30580597 {"order_id":"56020","cdeck_id":"10012192492","crm":"30580597","order_status":"intellectmoney"}
2025-08-01 06:55:16 request.php - https://vivaherb.amocrm.ru/api/v4/leads/30580597 PATCH 400  {"errors":{"30580597":"Lead not found"},"title":"Bad Request","type":"https://httpstatus.es/400","status":400,"detail":"Invalid request body"}
2025-08-01 06:55:16 store_script.php - 56020 crm - 30580597 END []
2025-08-01 06:55:16 store_script.php - 58805 crm - 30699429 {"order_id":"58805","cdeck_id":"10024732090","crm":"30699429","order_status":"yookassa_widget"}
2025-08-01 06:55:17 request.php - https://vivaherb.amocrm.ru/api/v4/leads/30699429 PATCH 400  {"errors":{"30699429":"Lead not found"},"title":"Bad Request","type":"https://httpstatus.es/400","status":400,"detail":"Invalid request body"}
2025-08-01 06:55:17 store_script.php - 58805 crm - 30699429 END []
2025-08-01 06:55:17 store_script.php - 58825 crm - 30700377 {"order_id":"58825","cdeck_id":"10024878326","crm":"30700377","order_status":"yookassa_widget"}
2025-08-01 06:55:17 request.php - https://vivaherb.amocrm.ru/api/v4/leads/30700377 PATCH 400  {"errors":{"30700377":"Lead not found"},"title":"Bad Request","type":"https://httpstatus.es/400","status":400,"detail":"Invalid request body"}
2025-08-01 06:55:18 store_script.php - 58825 crm - 30700377 END []
2025-08-01 06:55:18 store_script.php - 58891 crm - 30702185 {"order_id":"58891","cdeck_id":"10025084375","crm":"30702185","order_status":"yookassa_widget"}
2025-08-01 06:55:18 request.php - https://vivaherb.amocrm.ru/api/v4/leads/30702185 PATCH 400  {"errors":{"30702185":"Lead not found"},"title":"Bad Request","type":"https://httpstatus.es/400","status":400,"detail":"Invalid request body"}
2025-08-01 06:55:18 store_script.php - 58891 crm - 30702185 END []
2025-08-01 06:55:18 store_script.php - 59176 crm - 30706013 {"order_id":"59176","cdeck_id":"10025584176","crm":"30706013","order_status":"yookassa_widget"}
2025-08-01 06:55:19 request.php - https://vivaherb.amocrm.ru/api/v4/leads/30706013 PATCH 400  {"errors":{"30706013":"Lead not found"},"title":"Bad Request","type":"https://httpstatus.es/400","status":400,"detail":"Invalid request body"}
2025-08-01 06:55:19 store_script.php - 59176 crm - 30706013 END []
2025-08-01 06:55:19 store_script.php - 59181 crm - 30706069 {"order_id":"59181","cdeck_id":"10025587928","crm":"30706069","order_status":"yookassa_widget"}
2025-08-01 06:55:19 request.php - https://vivaherb.amocrm.ru/api/v4/leads/30706069 PATCH 400  {"errors":{"30706069":"Lead not found"},"title":"Bad Request","type":"https://httpstatus.es/400","status":400,"detail":"Invalid request body"}
2025-08-01 06:55:20 store_script.php - 59181 crm - 30706069 END []
2025-08-01 06:55:20 store_script.php - 59187 crm - 30706147 {"order_id":"59187","cdeck_id":"10025595773","crm":"30706147","order_status":"yookassa_widget"}
2025-08-01 06:55:20 request.php - https://vivaherb.amocrm.ru/api/v4/leads/30706147 PATCH 400  {"errors":{"30706147":"Lead not found"},"title":"Bad Request","type":"https://httpstatus.es/400","status":400,"detail":"Invalid request body"}
2025-08-01 06:55:20 store_script.php - 59187 crm - 30706147 END []
2025-08-01 06:55:20 store_script.php - 59188 crm - 30706175 {"order_id":"59188","cdeck_id":"10025597779","crm":"30706175","order_status":"yookassa_widget"}
2025-08-01 06:55:21 request.php - https://vivaherb.amocrm.ru/api/v4/leads/30706175 PATCH 400  {"errors":{"30706175":"Lead not found"},"title":"Bad Request","type":"https://httpstatus.es/400","status":400,"detail":"Invalid request body"}
2025-08-01 06:55:21 store_script.php - 59188 crm - 30706175 END []
2025-08-01 06:55:21 store_script.php - 61931 crm - 30957731 {"order_id":"61931","cdeck_id":"10044840842","crm":"30957731","order_status":"yookassa_widget"}
2025-08-01 06:55:21 request.php - https://vivaherb.amocrm.ru/api/v4/leads/30957731 PATCH 400  {"errors":{"30957731":"Lead not found"},"title":"Bad Request","type":"https://httpstatus.es/400","status":400,"detail":"Invalid request body"}
2025-08-01 06:55:22 store_script.php - 61931 crm - 30957731 END []
2025-08-01 06:55:23 store_script.php - 64064 crm - 31115305 {"order_id":"64064","cdeck_id":"10067371813","crm":"31115305","order_status":"yookassa_widget"}
2025-08-01 06:55:23 request.php - https://vivaherb.amocrm.ru/api/v4/leads/31115305 PATCH 400  {"errors":{"31115305":"Lead not found"},"title":"Bad Request","type":"https://httpstatus.es/400","status":400,"detail":"Invalid request body"}
2025-08-01 06:55:23 store_script.php - 64064 crm - 31115305 END []
2025-08-01 06:55:23 store_script.php - 64110 crm - 31117287 {"order_id":"64110","cdeck_id":"10067760566","crm":"31117287","order_status":"yookassa_widget"}
2025-08-01 06:55:23 request.php - https://vivaherb.amocrm.ru/api/v4/leads/31117287 PATCH 400  {"errors":{"31117287":"Lead not found"},"title":"Bad Request","type":"https://httpstatus.es/400","status":400,"detail":"Invalid request body"}
2025-08-01 06:55:24 store_script.php - 64110 crm - 31117287 END []
2025-08-01 06:55:24 store_script.php - 64904 crm - 31188065 {"order_id":"64904","cdeck_id":"10075009440","crm":"31188065","order_status":"yookassa_widget"}
2025-08-01 06:55:24 request.php - https://vivaherb.amocrm.ru/api/v4/leads/31188065 PATCH 400  {"errors":{"31188065":"Lead not found"},"title":"Bad Request","type":"https://httpstatus.es/400","status":400,"detail":"Invalid request body"}
2025-08-01 06:55:24 store_script.php - 64904 crm - 31188065 END []
2025-08-01 06:55:25 store_script.php - 66655 crm - 31331987 {"order_id":"66655","cdeck_id":"10093681196","crm":"31331987","order_status":"yookassa_widget"}
2025-08-01 06:55:25 request.php - https://vivaherb.amocrm.ru/api/v4/leads/31331987 PATCH 400  {"errors":{"31331987":"Lead not found"},"title":"Bad Request","type":"https://httpstatus.es/400","status":400,"detail":"Invalid request body"}
2025-08-01 06:55:25 store_script.php - 66655 crm - 31331987 END []
2025-08-01 06:55:25 store_script.php - 66657 crm - 31332069 {"order_id":"66657","cdeck_id":"10093687362","crm":"31332069","order_status":"yookassa_widget"}
2025-08-01 06:55:25 request.php - https://vivaherb.amocrm.ru/api/v4/leads/31332069 PATCH 400  {"errors":{"31332069":"Lead not found"},"title":"Bad Request","type":"https://httpstatus.es/400","status":400,"detail":"Invalid request body"}
2025-08-01 06:55:27 store_script.php - 66657 crm - 31332069 END []
2025-08-01 06:55:27 store_script.php - 66765 crm - 31341715 {"order_id":"66765","cdeck_id":"10095118494","crm":"31341715","order_status":"cod"}
2025-08-01 06:55:27 request.php - https://vivaherb.amocrm.ru/api/v4/leads/31341715 PATCH 400  {"errors":{"31341715":"Lead not found"},"title":"Bad Request","type":"https://httpstatus.es/400","status":400,"detail":"Invalid request body"}
2025-08-01 06:55:27 request.php - https://vivaherb.amocrm.ru/api/v4/leads/31341715 PATCH 400  {"errors":{"31341715":"Lead not found"},"title":"Bad Request","type":"https://httpstatus.es/400","status":400,"detail":"Invalid request body"}
2025-08-01 06:55:27 store_script.php - 66765 crm - 31341715 END []
2025-08-01 06:55:28 store_script.php - 67842 crm - 31420031 {"order_id":"67842","cdeck_id":"10105128997","crm":"31420031","order_status":"yookassa_widget"}
2025-08-01 06:55:28 request.php - https://vivaherb.amocrm.ru/api/v4/leads/31420031 PATCH 400  {"errors":{"31420031":"Lead not found"},"title":"Bad Request","type":"https://httpstatus.es/400","status":400,"detail":"Invalid request body"}
2025-08-01 06:55:28 store_script.php - 67842 crm - 31420031 END []
2025-08-01 06:55:37 store_script.php - 70672 crm - 31684629 {"order_id":"70672","cdeck_id":"10137210974","crm":"31684629","order_status":"yookassa_widget"}
2025-08-01 06:55:37 request.php - https://vivaherb.amocrm.ru/api/v4/leads/31684629 PATCH 400  {"errors":{"31684629":"Lead not found"},"title":"Bad Request","type":"https://httpstatus.es/400","status":400,"detail":"Invalid request body"}
2025-08-01 06:55:37 store_script.php - 70672 crm - 31684629 END []
2025-08-01 06:55:40 store_script.php - 71181 crm - 31744131 {"order_id":"71181","cdeck_id":"10144133439","crm":"31744131","order_status":"intellectmoney"}
2025-08-01 06:55:41 store_script.php - 71181 crm - 31744131 get_oreder {"meta":{"href":"https://api.moysklad.ru/api/remap/1.2/entity/customerorder/d2cae93a-6e3c-11f0-0a80-01c00001a79d","metadataHref":"https://api.moysklad.ru/api/remap/1.2/entity/customerorder/metadata","type":"customerorder","mediaType":"application/json","uuidHref":"https://online.moysklad.ru/app/#customerorder/edit?id=d2cae93a-6e3c-11f0-0a80-01c00001a79d"},"id":"d2cae93a-6e3c-11f0-0a80-01c00001a79d","accountId":"dc992fd7-e243-
2025-08-01 06:55:42 store_script.php - 71181 crm - 31744131 END []
2025-08-01 06:55:42 store_script.php - 71182 crm - 31744143 {"order_id":"71182","cdeck_id":"10144136635","crm":"31744143","order_status":"yookassa_widget"}
2025-08-01 06:55:42 store_script.php - 71182 crm - 31744143 get_oreder {"meta":{"href":"https://api.moysklad.ru/api/remap/1.2/entity/customerorder/5935276e-6e40-11f0-0a80-055800024c0d","metadataHref":"https://api.moysklad.ru/api/remap/1.2/entity/customerorder/metadata","type":"customerorder","mediaType":"application/json","uuidHref":"https://online.moysklad.ru/app/#customerorder/edit?id=5935276e-6e40-11f0-0a80-055800024c0d"},"id":"5935276e-6e40-11f0-0a80-055800024c0d","accountId":"dc992fd7-e243-
2025-08-01 06:55:43 store_script.php - 71182 crm - 31744143 END []
2025-08-01 06:55:43 store_script.php - 71183 crm - 31744191 {"order_id":"71183","cdeck_id":"10144142546","crm":"31744191","order_status":"intellectmoney"}
2025-08-01 06:55:44 store_script.php - 71183 crm - 31744191 get_oreder {"meta":{"href":"https://api.moysklad.ru/api/remap/1.2/entity/customerorder/df3678fc-6e4b-11f0-0a80-073500045d6b","metadataHref":"https://api.moysklad.ru/api/remap/1.2/entity/customerorder/metadata","type":"customerorder","mediaType":"application/json","uuidHref":"https://online.moysklad.ru/app/#customerorder/edit?id=df3678fc-6e4b-11f0-0a80-073500045d6b"},"id":"df3678fc-6e4b-11f0-0a80-073500045d6b","accountId":"dc992fd7-e243-
2025-08-01 06:55:44 store_script.php - 71183 crm - 31744191 END []
2025-08-01 07:32:37 input data from webhook {"leads":{"status":[{"id":"31744411","status_id":"30471025","pipeline_id":"2139079","old_status_id":"30471022","old_pipeline_id":"2139079"}]},"account":{"id":"28662106","subdomain":"vivaherb"}}
2025-08-01 07:32:37 request to me https://vivaherb.ru/support/amo_mystore/scripts/amo_ms_export-order.php {"id":"31744411","status_id":"30471025"}
2025-08-01 07:32:37 input data from webhook {"id":"31744411","status_id":"30471025"}
2025-08-01 07:32:37 request to me id 31744411 "31744411"
2025-08-01 07:32:37 request to me successStatusArray Array ["30471025","44583808"]
2025-08-01 07:32:39 connect amo and myStore data "45138375"
2025-08-01 07:32:39 order data {"lead":{"id":31744411,"name":"Заказ VivaHerb от Денис Генке","price":10870,"responsible_user_id":8670562,"group_id":0,"status_id":30471025,"pipeline_id":2139079,"loss_reason_id":null,"created_by":0,"updated_by":0,"created_at":1754022704,"updated_at":1754022756,"closed_at":null,"closest_task_at":null,"is_deleted":false,"custom_fields_values":[{"field_id":164511,"field_name":"ORDER_ID","field_code":null,"field_type":"textarea","values":[{"value":"71
2025-08-01 07:32:41 myStore product data {"context":{"employee":{"meta":{"href":"https://api.moysklad.ru/api/remap/1.2/context/employee","metadataHref":"https://api.moysklad.ru/api/remap/1.2/entity/employee/metadata","type":"employee","mediaType":"application/json"}}},"meta":{"href":"https://api.moysklad.ru/api/remap/1.2/entity/product?filter=article=4687202267422","type":"product","mediaType":"application/json","size":1,"limit":1000,"offset":0},"rows":[{"meta":{"href":"https://api.moysklad.ru/a
2025-08-01 07:32:41 myStore product data {"context":{"employee":{"meta":{"href":"https://api.moysklad.ru/api/remap/1.2/context/employee","metadataHref":"https://api.moysklad.ru/api/remap/1.2/entity/employee/metadata","type":"employee","mediaType":"application/json"}}},"meta":{"href":"https://api.moysklad.ru/api/remap/1.2/entity/product?filter=article=4687203150877","type":"product","mediaType":"application/json","size":1,"limit":1000,"offset":0},"rows":[{"meta":{"href":"https://api.moysklad.ru/a
2025-08-01 07:32:41 myStore product data {"context":{"employee":{"meta":{"href":"https://api.moysklad.ru/api/remap/1.2/context/employee","metadataHref":"https://api.moysklad.ru/api/remap/1.2/entity/employee/metadata","type":"employee","mediaType":"application/json"}}},"meta":{"href":"https://api.moysklad.ru/api/remap/1.2/entity/product?filter=article=4670167257423","type":"product","mediaType":"application/json","size":1,"limit":1000,"offset":0},"rows":[{"meta":{"href":"https://api.moysklad.ru/a
2025-08-01 07:32:41 myStore product data {"context":{"employee":{"meta":{"href":"https://api.moysklad.ru/api/remap/1.2/context/employee","metadataHref":"https://api.moysklad.ru/api/remap/1.2/entity/employee/metadata","type":"employee","mediaType":"application/json"}}},"meta":{"href":"https://api.moysklad.ru/api/remap/1.2/entity/product?filter=article=4640346711299","type":"product","mediaType":"application/json","size":1,"limit":1000,"offset":0},"rows":[{"meta":{"href":"https://api.moysklad.ru/a
2025-08-01 07:32:41 myStore product data {"context":{"employee":{"meta":{"href":"https://api.moysklad.ru/api/remap/1.2/context/employee","metadataHref":"https://api.moysklad.ru/api/remap/1.2/entity/employee/metadata","type":"employee","mediaType":"application/json"}}},"meta":{"href":"https://api.moysklad.ru/api/remap/1.2/entity/product?filter=article=4687205424617","type":"product","mediaType":"application/json","size":1,"limit":1000,"offset":0},"rows":[{"meta":{"href":"https://api.moysklad.ru/a
2025-08-01 07:32:41 myStore product data {"context":{"employee":{"meta":{"href":"https://api.moysklad.ru/api/remap/1.2/context/employee","metadataHref":"https://api.moysklad.ru/api/remap/1.2/entity/employee/metadata","type":"employee","mediaType":"application/json"}}},"meta":{"href":"https://api.moysklad.ru/api/remap/1.2/entity/product?filter=article=4640346713132","type":"product","mediaType":"application/json","size":1,"limit":1000,"offset":0},"rows":[{"meta":{"href":"https://api.moysklad.ru/a
2025-08-01 07:32:41 connect amo and myStore data "Розничный покупатель"
2025-08-01 07:32:41 find customer in myStore {"context":{"employee":{"meta":{"href":"https://api.moysklad.ru/api/remap/1.2/context/employee","metadataHref":"https://api.moysklad.ru/api/remap/1.2/entity/employee/metadata","type":"employee","mediaType":"application/json"}}},"meta":{"href":"https://api.moysklad.ru/api/remap/1.2/entity/counterparty?filter=name=%D0%A0%D0%BE%D0%B7%D0%BD%D0%B8%D1%87%D0%BD%D1%8B%D0%B9+%D0%BF%D0%BE%D0%BA%D1%83%D0%BF%D0%B0%D1%82%D0%B5%D0%BB%D1%8C","type":"counterparty","m
2025-08-01 07:32:41 connect amo and myStore data "https://vivaherb.amocrm.ru/leads/detail/31744411"
2025-08-01 07:32:41 connect amo and myStore data "31744411"
2025-08-01 07:32:41 connect amo and myStore data {"meta":{"href":"https://api.moysklad.ru/api/remap/1.2/entity/customentity/f3b26dbe-f323-11ed-0a80-079f0039c17d/1167751a-f324-11ed-0a80-02e0003ae084","metadataHref":"https://api.moysklad.ru/api/remap/1.2/context/companysettings/metadata/customEntities/f3b26dbe-f323-11ed-0a80-079f0039c17d","type":"customentity","mediaType":"application/json","uuidHref":"https://online.moysklad.ru/app/#custom_f3b26dbe-f323-11ed-0a80-079f0039c17d/edit?id=1167751a-f32
2025-08-01 07:32:41 connect amo and myStore data "Оплата через СБП"
2025-08-01 07:32:41 connect amo and myStore data "+79603725904"
2025-08-01 07:32:41 connect amo and myStore data {"postalCode":"432072","country":{"meta":{"href":"https://api.moysklad.ru/api/remap/1.2/entity/country/9df7c2c3-7782-4c5c-a8ed-1102af611608","metadataHref":"https://api.moysklad.ru/api/remap/1.2/entity/country/metadata","type":"country","mediaType":"application/json","uuidHref":"https://online.moysklad.ru/app/#country/edit?id=9df7c2c3-7782-4c5c-a8ed-1102af611608"},"id":"9df7c2c3-7782-4c5c-a8ed-1102af611608","updated":"2012-11-02 12:04:14.054","nam
2025-08-01 07:32:41 connect amo and myStore data "0"
2025-08-01 07:32:41 connect amo and myStore data "0"
2025-08-01 07:32:42 connect amo and myStore data {"meta":{"href":"https://api.moysklad.ru/api/remap/1.2/entity/store/86afd9b6-f87d-11ed-0a80-0e2e002ec499","metadataHref":"https://api.moysklad.ru/api/remap/1.2/entity/store/metadata","type":"store","mediaType":"application/json","uuidHref":"https://online.moysklad.ru/app/#warehouse/edit?id=86afd9b6-f87d-11ed-0a80-0e2e002ec499"}}
2025-08-01 07:32:42 connect amo and myStore data {"meta":{"href":"https://api.moysklad.ru/api/remap/1.2/entity/project/5a0b3e18-e244-11ec-0a80-083900059d82","metadataHref":"https://api.moysklad.ru/api/remap/1.2/entity/project/metadata","type":"project","mediaType":"application/json","uuidHref":"https://online.moysklad.ru/app/#project/edit?id=5a0b3e18-e244-11ec-0a80-083900059d82"}}
2025-08-01 07:32:42 connect amo and myStore data "Денис Генке"
2025-08-01 07:32:42 data for order creation {"attributes":[{"meta":{"href":"https://api.moysklad.ru/api/remap/1.2/entity/customerorder/metadata/attributes/f35f3cd6-f8b8-11ed-0a80-026c003acc8d","type":"attributemetadata","mediaType":"application/json"},"value":"https://vivaherb.amocrm.ru/leads/detail/31744411"},{"meta":{"href":"https://api.moysklad.ru/api/remap/1.2/entity/customerorder/metadata/attributes/5d2b3641-f88c-11ed-0a80-030300324bbf","type":"attributemetadata","mediaType":"application/js
2025-08-01 07:32:42 create new order {"meta":{"href":"https://api.moysklad.ru/api/remap/1.2/entity/customerorder/90399e20-6e90-11f0-0a80-0639000d06d0","metadataHref":"https://api.moysklad.ru/api/remap/1.2/entity/customerorder/metadata","type":"customerorder","mediaType":"application/json","uuidHref":"https://online.moysklad.ru/app/#customerorder/edit?id=90399e20-6e90-11f0-0a80-0639000d06d0"},"id":"90399e20-6e90-11f0-0a80-0639000d06d0","accountId":"dc992fd7-e243-11ec-0a80-058e0000294e","owner":{"
2025-08-01 07:32:43 paymentInPrice 10870
2025-08-01 07:32:43 newPaymentIn {"meta":{"href":"https://api.moysklad.ru/api/remap/1.2/entity/paymentin/9101b79e-6e90-11f0-0a80-169e000d592e","metadataHref":"https://api.moysklad.ru/api/remap/1.2/entity/paymentin/metadata","type":"paymentin","mediaType":"application/json","uuidHref":"https://online.moysklad.ru/app/#paymentin/edit?id=9101b79e-6e90-11f0-0a80-169e000d592e"},"id":"9101b79e-6e90-11f0-0a80-169e000d592e","accountId":"dc992fd7-e243-11ec-0a80-058e0000294e","owner":{"meta":{"href":"https
2025-08-01 07:32:43 OK ["OK"]
2025-08-01 07:33:31 store_script.php - 71188 crm - 31744411 {"order_id":"71188","cdeck_id":"10144173863","crm":"31744411","order_status":"intellectmoney"}
2025-08-01 07:33:31 store_script.php - 71188 crm - 31744411 get_oreder {"meta":{"href":"https://api.moysklad.ru/api/remap/1.2/entity/customerorder/90399e20-6e90-11f0-0a80-0639000d06d0","metadataHref":"https://api.moysklad.ru/api/remap/1.2/entity/customerorder/metadata","type":"customerorder","mediaType":"application/json","uuidHref":"https://online.moysklad.ru/app/#customerorder/edit?id=90399e20-6e90-11f0-0a80-0639000d06d0"},"id":"90399e20-6e90-11f0-0a80-0639000d06d0","accountId":"dc992fd7-e243-
2025-08-01 07:33:32 store_script.php - 71188 crm - 31744411 END []
2025-08-01 07:54:19 store_script.php - 30509 crm - 27215649 {"order_id":"30509","cdeck_id":"1378035246","crm":"27215649","order_status":"cod"}
2025-08-01 07:54:19 request.php - https://vivaherb.amocrm.ru/api/v4/leads/27215649 PATCH 400  {"errors":{"27215649":"Lead not found"},"title":"Bad Request","type":"https://httpstatus.es/400","status":400,"detail":"Invalid request body"}
2025-08-01 07:54:20 request.php - https://vivaherb.amocrm.ru/api/v4/leads/27215649 PATCH 400  {"errors":{"27215649":"Lead not found"},"title":"Bad Request","type":"https://httpstatus.es/400","status":400,"detail":"Invalid request body"}
2025-08-01 07:54:20 store_script.php - 30509 crm - 27215649 END []
2025-08-01 07:54:20 store_script.php - 30980 crm - 27451493 {"order_id":"30980","cdeck_id":"1384831846","crm":"27451493","order_status":"yookassa_widget"}
2025-08-01 07:54:20 request.php - https://vivaherb.amocrm.ru/api/v4/leads/27451493 PATCH 400  {"errors":{"27451493":"Lead not found"},"title":"Bad Request","type":"https://httpstatus.es/400","status":400,"detail":"Invalid request body"}
2025-08-01 07:54:21 store_script.php - 30980 crm - 27451493 END []
2025-08-01 07:54:21 store_script.php - 31159 crm - 27523369 {"order_id":"31159","cdeck_id":"1388417736","crm":"27523369","order_status":"yookassa_widget"}
2025-08-01 07:54:21 request.php - https://vivaherb.amocrm.ru/api/v4/leads/27523369 PATCH 400  {"errors":{"27523369":"Lead not found"},"title":"Bad Request","type":"https://httpstatus.es/400","status":400,"detail":"Invalid request body"}
2025-08-01 07:54:21 store_script.php - 31159 crm - 27523369 END []
2025-08-01 07:54:21 store_script.php - 31689 crm - 27678093 {"order_id":"31689","cdeck_id":"1394658580","crm":"27678093","order_status":"cod"}
2025-08-01 07:54:22 request.php - https://vivaherb.amocrm.ru/api/v4/leads/27678093 PATCH 400  {"errors":{"27678093":"Lead not found"},"title":"Bad Request","type":"https://httpstatus.es/400","status":400,"detail":"Invalid request body"}
2025-08-01 07:54:22 request.php - https://vivaherb.amocrm.ru/api/v4/leads/27678093 PATCH 400  {"errors":{"27678093":"Lead not found"},"title":"Bad Request","type":"https://httpstatus.es/400","status":400,"detail":"Invalid request body"}
2025-08-01 07:54:22 store_script.php - 31689 crm - 27678093 END []
2025-08-01 07:54:22 store_script.php - 32666 crm - 28043619 {"order_id":"32666","cdeck_id":"1407999796","crm":"28043619","order_status":"yookassa_widget"}
2025-08-01 07:54:22 request.php - https://vivaherb.amocrm.ru/api/v4/leads/28043619 PATCH 400  {"errors":{"28043619":"Lead not found"},"title":"Bad Request","type":"https://httpstatus.es/400","status":400,"detail":"Invalid request body"}
2025-08-01 07:54:23 store_script.php - 32666 crm - 28043619 END []
2025-08-01 07:54:23 store_script.php - 35382 crm - 28949539 {"order_id":"35382","cdeck_id":"1440454117","crm":"28949539","order_status":"yookassa_widget"}
2025-08-01 07:54:23 request.php - https://vivaherb.amocrm.ru/api/v4/leads/28949539 PATCH 400  {"errors":{"28949539":"Lead not found"},"title":"Bad Request","type":"https://httpstatus.es/400","status":400,"detail":"Invalid request body"}
2025-08-01 07:54:23 store_script.php - 35382 crm - 28949539 END []
2025-08-01 07:54:23 store_script.php - 36740 crm - 29177633 {"order_id":"36740","cdeck_id":"1450621353","crm":"29177633","order_status":"yookassa_widget"}
2025-08-01 07:54:24 request.php - https://vivaherb.amocrm.ru/api/v4/leads/29177633 PATCH 400  {"errors":{"29177633":"Lead not found"},"title":"Bad Request","type":"https://httpstatus.es/400","status":400,"detail":"Invalid request body"}
2025-08-01 07:54:24 store_script.php - 36740 crm - 29177633 END []
2025-08-01 07:54:24 store_script.php - 43426 crm - 29759963 {"order_id":"43426","cdeck_id":"1492618495","crm":"29759963","order_status":"cod"}
2025-08-01 07:54:24 request.php - https://vivaherb.amocrm.ru/api/v4/leads/29759963 PATCH 400  {"errors":{"29759963":"Lead not found"},"title":"Bad Request","type":"https://httpstatus.es/400","status":400,"detail":"Invalid request body"}
2025-08-01 07:54:24 request.php - https://vivaherb.amocrm.ru/api/v4/leads/29759963 PATCH 400  {"errors":{"29759963":"Lead not found"},"title":"Bad Request","type":"https://httpstatus.es/400","status":400,"detail":"Invalid request body"}
2025-08-01 07:54:25 store_script.php - 43426 crm - 29759963 END []
2025-08-01 07:54:25 store_script.php - 55743 crm - 30571295 {"order_id":"55743","cdeck_id":"10011353606","crm":"30571295","order_status":"cod"}
2025-08-01 07:54:25 request.php - https://vivaherb.amocrm.ru/api/v4/leads/30571295 PATCH 400  {"errors":{"30571295":"Lead not found"},"title":"Bad Request","type":"https://httpstatus.es/400","status":400,"detail":"Invalid request body"}
2025-08-01 07:54:25 request.php - https://vivaherb.amocrm.ru/api/v4/leads/30571295 PATCH 400  {"errors":{"30571295":"Lead not found"},"title":"Bad Request","type":"https://httpstatus.es/400","status":400,"detail":"Invalid request body"}
2025-08-01 07:54:25 store_script.php - 55743 crm - 30571295 END []
2025-08-01 07:54:26 store_script.php - 56020 crm - 30580597 {"order_id":"56020","cdeck_id":"10012192492","crm":"30580597","order_status":"intellectmoney"}
2025-08-01 07:54:26 request.php - https://vivaherb.amocrm.ru/api/v4/leads/30580597 PATCH 400  {"errors":{"30580597":"Lead not found"},"title":"Bad Request","type":"https://httpstatus.es/400","status":400,"detail":"Invalid request body"}
2025-08-01 07:54:26 store_script.php - 56020 crm - 30580597 END []
2025-08-01 07:54:26 store_script.php - 58805 crm - 30699429 {"order_id":"58805","cdeck_id":"10024732090","crm":"30699429","order_status":"yookassa_widget"}
2025-08-01 07:54:26 request.php - https://vivaherb.amocrm.ru/api/v4/leads/30699429 PATCH 400  {"errors":{"30699429":"Lead not found"},"title":"Bad Request","type":"https://httpstatus.es/400","status":400,"detail":"Invalid request body"}
2025-08-01 07:54:27 store_script.php - 58805 crm - 30699429 END []
2025-08-01 07:54:27 store_script.php - 58825 crm - 30700377 {"order_id":"58825","cdeck_id":"10024878326","crm":"30700377","order_status":"yookassa_widget"}
2025-08-01 07:54:27 request.php - https://vivaherb.amocrm.ru/api/v4/leads/30700377 PATCH 400  {"errors":{"30700377":"Lead not found"},"title":"Bad Request","type":"https://httpstatus.es/400","status":400,"detail":"Invalid request body"}
2025-08-01 07:54:27 store_script.php - 58825 crm - 30700377 END []
2025-08-01 07:54:27 store_script.php - 58891 crm - 30702185 {"order_id":"58891","cdeck_id":"10025084375","crm":"30702185","order_status":"yookassa_widget"}
2025-08-01 07:54:28 request.php - https://vivaherb.amocrm.ru/api/v4/leads/30702185 PATCH 400  {"errors":{"30702185":"Lead not found"},"title":"Bad Request","type":"https://httpstatus.es/400","status":400,"detail":"Invalid request body"}
2025-08-01 07:54:28 store_script.php - 58891 crm - 30702185 END []
2025-08-01 07:54:28 store_script.php - 59176 crm - 30706013 {"order_id":"59176","cdeck_id":"10025584176","crm":"30706013","order_status":"yookassa_widget"}
2025-08-01 07:54:28 request.php - https://vivaherb.amocrm.ru/api/v4/leads/30706013 PATCH 400  {"errors":{"30706013":"Lead not found"},"title":"Bad Request","type":"https://httpstatus.es/400","status":400,"detail":"Invalid request body"}
2025-08-01 07:54:28 store_script.php - 59176 crm - 30706013 END []
2025-08-01 07:54:29 store_script.php - 59181 crm - 30706069 {"order_id":"59181","cdeck_id":"10025587928","crm":"30706069","order_status":"yookassa_widget"}
2025-08-01 07:54:29 request.php - https://vivaherb.amocrm.ru/api/v4/leads/30706069 PATCH 400  {"errors":{"30706069":"Lead not found"},"title":"Bad Request","type":"https://httpstatus.es/400","status":400,"detail":"Invalid request body"}
2025-08-01 07:54:29 store_script.php - 59181 crm - 30706069 END []
2025-08-01 07:54:29 store_script.php - 59187 crm - 30706147 {"order_id":"59187","cdeck_id":"10025595773","crm":"30706147","order_status":"yookassa_widget"}
2025-08-01 07:54:30 request.php - https://vivaherb.amocrm.ru/api/v4/leads/30706147 PATCH 400  {"errors":{"30706147":"Lead not found"},"title":"Bad Request","type":"https://httpstatus.es/400","status":400,"detail":"Invalid request body"}
2025-08-01 07:54:30 store_script.php - 59187 crm - 30706147 END []
2025-08-01 07:54:30 store_script.php - 59188 crm - 30706175 {"order_id":"59188","cdeck_id":"10025597779","crm":"30706175","order_status":"yookassa_widget"}
2025-08-01 07:54:30 request.php - https://vivaherb.amocrm.ru/api/v4/leads/30706175 PATCH 400  {"errors":{"30706175":"Lead not found"},"title":"Bad Request","type":"https://httpstatus.es/400","status":400,"detail":"Invalid request body"}
2025-08-01 07:54:30 store_script.php - 59188 crm - 30706175 END []
2025-08-01 07:54:31 store_script.php - 61931 crm - 30957731 {"order_id":"61931","cdeck_id":"10044840842","crm":"30957731","order_status":"yookassa_widget"}
2025-08-01 07:54:31 request.php - https://vivaherb.amocrm.ru/api/v4/leads/30957731 PATCH 400  {"errors":{"30957731":"Lead not found"},"title":"Bad Request","type":"https://httpstatus.es/400","status":400,"detail":"Invalid request body"}
2025-08-01 07:54:31 store_script.php - 61931 crm - 30957731 END []
2025-08-01 07:54:32 store_script.php - 64064 crm - 31115305 {"order_id":"64064","cdeck_id":"10067371813","crm":"31115305","order_status":"yookassa_widget"}
2025-08-01 07:54:32 request.php - https://vivaherb.amocrm.ru/api/v4/leads/31115305 PATCH 400  {"errors":{"31115305":"Lead not found"},"title":"Bad Request","type":"https://httpstatus.es/400","status":400,"detail":"Invalid request body"}
2025-08-01 07:54:33 store_script.php - 64064 crm - 31115305 END []
2025-08-01 07:54:33 store_script.php - 64110 crm - 31117287 {"order_id":"64110","cdeck_id":"10067760566","crm":"31117287","order_status":"yookassa_widget"}
2025-08-01 07:54:33 request.php - https://vivaherb.amocrm.ru/api/v4/leads/31117287 PATCH 400  {"errors":{"31117287":"Lead not found"},"title":"Bad Request","type":"https://httpstatus.es/400","status":400,"detail":"Invalid request body"}
2025-08-01 07:54:33 store_script.php - 64110 crm - 31117287 END []
2025-08-01 07:54:34 store_script.php - 64904 crm - 31188065 {"order_id":"64904","cdeck_id":"10075009440","crm":"31188065","order_status":"yookassa_widget"}
2025-08-01 07:54:34 request.php - https://vivaherb.amocrm.ru/api/v4/leads/31188065 PATCH 400  {"errors":{"31188065":"Lead not found"},"title":"Bad Request","type":"https://httpstatus.es/400","status":400,"detail":"Invalid request body"}
2025-08-01 07:54:34 store_script.php - 64904 crm - 31188065 END []
2025-08-01 07:54:34 store_script.php - 66655 crm - 31331987 {"order_id":"66655","cdeck_id":"10093681196","crm":"31331987","order_status":"yookassa_widget"}
2025-08-01 07:54:35 request.php - https://vivaherb.amocrm.ru/api/v4/leads/31331987 PATCH 400  {"errors":{"31331987":"Lead not found"},"title":"Bad Request","type":"https://httpstatus.es/400","status":400,"detail":"Invalid request body"}
2025-08-01 07:54:35 store_script.php - 66655 crm - 31331987 END []
2025-08-01 07:54:35 store_script.php - 66657 crm - 31332069 {"order_id":"66657","cdeck_id":"10093687362","crm":"31332069","order_status":"yookassa_widget"}
2025-08-01 07:54:35 request.php - https://vivaherb.amocrm.ru/api/v4/leads/31332069 PATCH 400  {"errors":{"31332069":"Lead not found"},"title":"Bad Request","type":"https://httpstatus.es/400","status":400,"detail":"Invalid request body"}
2025-08-01 07:54:35 store_script.php - 66657 crm - 31332069 END []
2025-08-01 07:54:36 store_script.php - 66765 crm - 31341715 {"order_id":"66765","cdeck_id":"10095118494","crm":"31341715","order_status":"cod"}
2025-08-01 07:54:36 request.php - https://vivaherb.amocrm.ru/api/v4/leads/31341715 PATCH 400  {"errors":{"31341715":"Lead not found"},"title":"Bad Request","type":"https://httpstatus.es/400","status":400,"detail":"Invalid request body"}
2025-08-01 07:54:36 request.php - https://vivaherb.amocrm.ru/api/v4/leads/31341715 PATCH 400  {"errors":{"31341715":"Lead not found"},"title":"Bad Request","type":"https://httpstatus.es/400","status":400,"detail":"Invalid request body"}
2025-08-01 07:54:36 store_script.php - 66765 crm - 31341715 END []
2025-08-01 07:54:37 store_script.php - 67842 crm - 31420031 {"order_id":"67842","cdeck_id":"10105128997","crm":"31420031","order_status":"yookassa_widget"}
2025-08-01 07:54:37 request.php - https://vivaherb.amocrm.ru/api/v4/leads/31420031 PATCH 400  {"errors":{"31420031":"Lead not found"},"title":"Bad Request","type":"https://httpstatus.es/400","status":400,"detail":"Invalid request body"}
2025-08-01 07:54:37 store_script.php - 67842 crm - 31420031 END []
2025-08-01 07:54:46 store_script.php - 70672 crm - 31684629 {"order_id":"70672","cdeck_id":"10137210974","crm":"31684629","order_status":"yookassa_widget"}
2025-08-01 07:54:46 request.php - https://vivaherb.amocrm.ru/api/v4/leads/31684629 PATCH 400  {"errors":{"31684629":"Lead not found"},"title":"Bad Request","type":"https://httpstatus.es/400","status":400,"detail":"Invalid request body"}
2025-08-01 07:54:46 store_script.php - 70672 crm - 31684629 END []
2025-08-01 07:54:50 store_script.php - 71181 crm - 31744131 {"order_id":"71181","cdeck_id":"10144133439","crm":"31744131","order_status":"intellectmoney"}
2025-08-01 07:54:50 store_script.php - 71181 crm - 31744131 get_oreder {"meta":{"href":"https://api.moysklad.ru/api/remap/1.2/entity/customerorder/d2cae93a-6e3c-11f0-0a80-01c00001a79d","metadataHref":"https://api.moysklad.ru/api/remap/1.2/entity/customerorder/metadata","type":"customerorder","mediaType":"application/json","uuidHref":"https://online.moysklad.ru/app/#customerorder/edit?id=d2cae93a-6e3c-11f0-0a80-01c00001a79d"},"id":"d2cae93a-6e3c-11f0-0a80-01c00001a79d","accountId":"dc992fd7-e243-
2025-08-01 07:54:51 store_script.php - 71181 crm - 31744131 END []
2025-08-01 07:54:51 store_script.php - 71182 crm - 31744143 {"order_id":"71182","cdeck_id":"10144136635","crm":"31744143","order_status":"yookassa_widget"}
2025-08-01 07:54:52 store_script.php - 71182 crm - 31744143 get_oreder {"meta":{"href":"https://api.moysklad.ru/api/remap/1.2/entity/customerorder/5935276e-6e40-11f0-0a80-055800024c0d","metadataHref":"https://api.moysklad.ru/api/remap/1.2/entity/customerorder/metadata","type":"customerorder","mediaType":"application/json","uuidHref":"https://online.moysklad.ru/app/#customerorder/edit?id=5935276e-6e40-11f0-0a80-055800024c0d"},"id":"5935276e-6e40-11f0-0a80-055800024c0d","accountId":"dc992fd7-e243-
2025-08-01 07:54:52 store_script.php - 71182 crm - 31744143 END []
2025-08-01 07:54:52 store_script.php - 71183 crm - 31744191 {"order_id":"71183","cdeck_id":"10144142546","crm":"31744191","order_status":"intellectmoney"}
2025-08-01 07:54:53 store_script.php - 71183 crm - 31744191 get_oreder {"meta":{"href":"https://api.moysklad.ru/api/remap/1.2/entity/customerorder/df3678fc-6e4b-11f0-0a80-073500045d6b","metadataHref":"https://api.moysklad.ru/api/remap/1.2/entity/customerorder/metadata","type":"customerorder","mediaType":"application/json","uuidHref":"https://online.moysklad.ru/app/#customerorder/edit?id=df3678fc-6e4b-11f0-0a80-073500045d6b"},"id":"df3678fc-6e4b-11f0-0a80-073500045d6b","accountId":"dc992fd7-e243-
2025-08-01 07:54:53 store_script.php - 71183 crm - 31744191 END []
2025-08-01 07:54:54 store_script.php - 71188 crm - 31744411 {"order_id":"71188","cdeck_id":"10144173863","crm":"31744411","order_status":"intellectmoney"}
2025-08-01 07:54:54 store_script.php - 71188 crm - 31744411 get_oreder {"meta":{"href":"https://api.moysklad.ru/api/remap/1.2/entity/customerorder/90399e20-6e90-11f0-0a80-0639000d06d0","metadataHref":"https://api.moysklad.ru/api/remap/1.2/entity/customerorder/metadata","type":"customerorder","mediaType":"application/json","uuidHref":"https://online.moysklad.ru/app/#customerorder/edit?id=90399e20-6e90-11f0-0a80-0639000d06d0"},"id":"90399e20-6e90-11f0-0a80-0639000d06d0","accountId":"dc992fd7-e243-
2025-08-01 07:54:55 store_script.php - 71188 crm - 31744411 END []
2025-08-01 08:54:10 store_script.php - 30509 crm - 27215649 {"order_id":"30509","cdeck_id":"1378035246","crm":"27215649","order_status":"cod"}
2025-08-01 08:54:10 request.php - https://vivaherb.amocrm.ru/api/v4/leads/27215649 PATCH 400  {"errors":{"27215649":"Lead not found"},"title":"Bad Request","type":"https://httpstatus.es/400","status":400,"detail":"Invalid request body"}
2025-08-01 08:54:11 request.php - https://vivaherb.amocrm.ru/api/v4/leads/27215649 PATCH 400  {"errors":{"27215649":"Lead not found"},"title":"Bad Request","type":"https://httpstatus.es/400","status":400,"detail":"Invalid request body"}
2025-08-01 08:54:11 store_script.php - 30509 crm - 27215649 END []
2025-08-01 08:54:12 store_script.php - 30980 crm - 27451493 {"order_id":"30980","cdeck_id":"1384831846","crm":"27451493","order_status":"yookassa_widget"}
2025-08-01 08:54:12 request.php - https://vivaherb.amocrm.ru/api/v4/leads/27451493 PATCH 400  {"errors":{"27451493":"Lead not found"},"title":"Bad Request","type":"https://httpstatus.es/400","status":400,"detail":"Invalid request body"}
2025-08-01 08:54:12 store_script.php - 30980 crm - 27451493 END []
2025-08-01 08:54:13 store_script.php - 31159 crm - 27523369 {"order_id":"31159","cdeck_id":"1388417736","crm":"27523369","order_status":"yookassa_widget"}
2025-08-01 08:54:13 request.php - https://vivaherb.amocrm.ru/api/v4/leads/27523369 PATCH 400  {"errors":{"27523369":"Lead not found"},"title":"Bad Request","type":"https://httpstatus.es/400","status":400,"detail":"Invalid request body"}
2025-08-01 08:54:13 store_script.php - 31159 crm - 27523369 END []
2025-08-01 08:54:13 store_script.php - 31689 crm - 27678093 {"order_id":"31689","cdeck_id":"1394658580","crm":"27678093","order_status":"cod"}
2025-08-01 08:54:13 request.php - https://vivaherb.amocrm.ru/api/v4/leads/27678093 PATCH 400  {"errors":{"27678093":"Lead not found"},"title":"Bad Request","type":"https://httpstatus.es/400","status":400,"detail":"Invalid request body"}
2025-08-01 08:54:14 request.php - https://vivaherb.amocrm.ru/api/v4/leads/27678093 PATCH 400  {"errors":{"27678093":"Lead not found"},"title":"Bad Request","type":"https://httpstatus.es/400","status":400,"detail":"Invalid request body"}
2025-08-01 08:54:14 store_script.php - 31689 crm - 27678093 END []
2025-08-01 08:54:14 store_script.php - 32666 crm - 28043619 {"order_id":"32666","cdeck_id":"1407999796","crm":"28043619","order_status":"yookassa_widget"}
2025-08-01 08:54:14 request.php - https://vivaherb.amocrm.ru/api/v4/leads/28043619 PATCH 400  {"errors":{"28043619":"Lead not found"},"title":"Bad Request","type":"https://httpstatus.es/400","status":400,"detail":"Invalid request body"}
2025-08-01 08:54:15 store_script.php - 32666 crm - 28043619 END []
2025-08-01 08:54:15 store_script.php - 35382 crm - 28949539 {"order_id":"35382","cdeck_id":"1440454117","crm":"28949539","order_status":"yookassa_widget"}
2025-08-01 08:54:15 request.php - https://vivaherb.amocrm.ru/api/v4/leads/28949539 PATCH 400  {"errors":{"28949539":"Lead not found"},"title":"Bad Request","type":"https://httpstatus.es/400","status":400,"detail":"Invalid request body"}
2025-08-01 08:54:15 store_script.php - 35382 crm - 28949539 END []
2025-08-01 08:54:15 store_script.php - 36740 crm - 29177633 {"order_id":"36740","cdeck_id":"1450621353","crm":"29177633","order_status":"yookassa_widget"}
2025-08-01 08:54:16 request.php - https://vivaherb.amocrm.ru/api/v4/leads/29177633 PATCH 400  {"errors":{"29177633":"Lead not found"},"title":"Bad Request","type":"https://httpstatus.es/400","status":400,"detail":"Invalid request body"}
2025-08-01 08:54:16 store_script.php - 36740 crm - 29177633 END []
2025-08-01 08:54:16 store_script.php - 43426 crm - 29759963 {"order_id":"43426","cdeck_id":"1492618495","crm":"29759963","order_status":"cod"}
2025-08-01 08:54:16 request.php - https://vivaherb.amocrm.ru/api/v4/leads/29759963 PATCH 400  {"errors":{"29759963":"Lead not found"},"title":"Bad Request","type":"https://httpstatus.es/400","status":400,"detail":"Invalid request body"}
2025-08-01 08:54:17 request.php - https://vivaherb.amocrm.ru/api/v4/leads/29759963 PATCH 400  {"errors":{"29759963":"Lead not found"},"title":"Bad Request","type":"https://httpstatus.es/400","status":400,"detail":"Invalid request body"}
2025-08-01 08:54:17 store_script.php - 43426 crm - 29759963 END []
2025-08-01 08:54:17 store_script.php - 55743 crm - 30571295 {"order_id":"55743","cdeck_id":"10011353606","crm":"30571295","order_status":"cod"}
2025-08-01 08:54:17 request.php - https://vivaherb.amocrm.ru/api/v4/leads/30571295 PATCH 400  {"errors":{"30571295":"Lead not found"},"title":"Bad Request","type":"https://httpstatus.es/400","status":400,"detail":"Invalid request body"}
2025-08-01 08:54:17 request.php - https://vivaherb.amocrm.ru/api/v4/leads/30571295 PATCH 400  {"errors":{"30571295":"Lead not found"},"title":"Bad Request","type":"https://httpstatus.es/400","status":400,"detail":"Invalid request body"}
2025-08-01 08:54:18 store_script.php - 55743 crm - 30571295 END []
2025-08-01 08:54:18 store_script.php - 56020 crm - 30580597 {"order_id":"56020","cdeck_id":"10012192492","crm":"30580597","order_status":"intellectmoney"}
2025-08-01 08:54:18 request.php - https://vivaherb.amocrm.ru/api/v4/leads/30580597 PATCH 400  {"errors":{"30580597":"Lead not found"},"title":"Bad Request","type":"https://httpstatus.es/400","status":400,"detail":"Invalid request body"}
2025-08-01 08:54:18 store_script.php - 56020 crm - 30580597 END []
2025-08-01 08:54:18 store_script.php - 58805 crm - 30699429 {"order_id":"58805","cdeck_id":"10024732090","crm":"30699429","order_status":"yookassa_widget"}
2025-08-01 08:54:19 request.php - https://vivaherb.amocrm.ru/api/v4/leads/30699429 PATCH 400  {"errors":{"30699429":"Lead not found"},"title":"Bad Request","type":"https://httpstatus.es/400","status":400,"detail":"Invalid request body"}
2025-08-01 08:54:19 store_script.php - 58805 crm - 30699429 END []
2025-08-01 08:54:19 store_script.php - 58825 crm - 30700377 {"order_id":"58825","cdeck_id":"10024878326","crm":"30700377","order_status":"yookassa_widget"}
2025-08-01 08:54:19 request.php - https://vivaherb.amocrm.ru/api/v4/leads/30700377 PATCH 400  {"errors":{"30700377":"Lead not found"},"title":"Bad Request","type":"https://httpstatus.es/400","status":400,"detail":"Invalid request body"}
2025-08-01 08:54:20 store_script.php - 58825 crm - 30700377 END []
2025-08-01 08:54:20 store_script.php - 58891 crm - 30702185 {"order_id":"58891","cdeck_id":"10025084375","crm":"30702185","order_status":"yookassa_widget"}
2025-08-01 08:54:20 request.php - https://vivaherb.amocrm.ru/api/v4/leads/30702185 PATCH 400  {"errors":{"30702185":"Lead not found"},"title":"Bad Request","type":"https://httpstatus.es/400","status":400,"detail":"Invalid request body"}
2025-08-01 08:54:22 store_script.php - 58891 crm - 30702185 END []
2025-08-01 08:54:22 store_script.php - 59176 crm - 30706013 {"order_id":"59176","cdeck_id":"10025584176","crm":"30706013","order_status":"yookassa_widget"}
2025-08-01 08:54:22 request.php - https://vivaherb.amocrm.ru/api/v4/leads/30706013 PATCH 400  {"errors":{"30706013":"Lead not found"},"title":"Bad Request","type":"https://httpstatus.es/400","status":400,"detail":"Invalid request body"}
2025-08-01 08:54:23 store_script.php - 59176 crm - 30706013 END []
2025-08-01 08:54:23 store_script.php - 59181 crm - 30706069 {"order_id":"59181","cdeck_id":"10025587928","crm":"30706069","order_status":"yookassa_widget"}
2025-08-01 08:54:23 request.php - https://vivaherb.amocrm.ru/api/v4/leads/30706069 PATCH 400  {"errors":{"30706069":"Lead not found"},"title":"Bad Request","type":"https://httpstatus.es/400","status":400,"detail":"Invalid request body"}
2025-08-01 08:54:23 store_script.php - 59181 crm - 30706069 END []
2025-08-01 08:54:23 store_script.php - 59187 crm - 30706147 {"order_id":"59187","cdeck_id":"10025595773","crm":"30706147","order_status":"yookassa_widget"}
2025-08-01 08:54:24 request.php - https://vivaherb.amocrm.ru/api/v4/leads/30706147 PATCH 400  {"errors":{"30706147":"Lead not found"},"title":"Bad Request","type":"https://httpstatus.es/400","status":400,"detail":"Invalid request body"}
2025-08-01 08:54:24 store_script.php - 59187 crm - 30706147 END []
2025-08-01 08:54:24 store_script.php - 59188 crm - 30706175 {"order_id":"59188","cdeck_id":"10025597779","crm":"30706175","order_status":"yookassa_widget"}
2025-08-01 08:54:24 request.php - https://vivaherb.amocrm.ru/api/v4/leads/30706175 PATCH 400  {"errors":{"30706175":"Lead not found"},"title":"Bad Request","type":"https://httpstatus.es/400","status":400,"detail":"Invalid request body"}
2025-08-01 08:54:24 store_script.php - 59188 crm - 30706175 END []
2025-08-01 08:54:25 store_script.php - 61931 crm - 30957731 {"order_id":"61931","cdeck_id":"10044840842","crm":"30957731","order_status":"yookassa_widget"}
2025-08-01 08:54:25 request.php - https://vivaherb.amocrm.ru/api/v4/leads/30957731 PATCH 400  {"errors":{"30957731":"Lead not found"},"title":"Bad Request","type":"https://httpstatus.es/400","status":400,"detail":"Invalid request body"}
2025-08-01 08:54:25 store_script.php - 61931 crm - 30957731 END []
2025-08-01 08:54:26 store_script.php - 64064 crm - 31115305 {"order_id":"64064","cdeck_id":"10067371813","crm":"31115305","order_status":"yookassa_widget"}
2025-08-01 08:54:26 request.php - https://vivaherb.amocrm.ru/api/v4/leads/31115305 PATCH 400  {"errors":{"31115305":"Lead not found"},"title":"Bad Request","type":"https://httpstatus.es/400","status":400,"detail":"Invalid request body"}
2025-08-01 08:54:27 store_script.php - 64064 crm - 31115305 END []
2025-08-01 08:54:27 store_script.php - 64110 crm - 31117287 {"order_id":"64110","cdeck_id":"10067760566","crm":"31117287","order_status":"yookassa_widget"}
2025-08-01 08:54:27 request.php - https://vivaherb.amocrm.ru/api/v4/leads/31117287 PATCH 400  {"errors":{"31117287":"Lead not found"},"title":"Bad Request","type":"https://httpstatus.es/400","status":400,"detail":"Invalid request body"}
2025-08-01 08:54:27 store_script.php - 64110 crm - 31117287 END []
2025-08-01 08:54:27 store_script.php - 64904 crm - 31188065 {"order_id":"64904","cdeck_id":"10075009440","crm":"31188065","order_status":"yookassa_widget"}
2025-08-01 08:54:28 request.php - https://vivaherb.amocrm.ru/api/v4/leads/31188065 PATCH 400  {"errors":{"31188065":"Lead not found"},"title":"Bad Request","type":"https://httpstatus.es/400","status":400,"detail":"Invalid request body"}
2025-08-01 08:54:28 store_script.php - 64904 crm - 31188065 END []
2025-08-01 08:54:28 store_script.php - 66655 crm - 31331987 {"order_id":"66655","cdeck_id":"10093681196","crm":"31331987","order_status":"yookassa_widget"}
2025-08-01 08:54:29 request.php - https://vivaherb.amocrm.ru/api/v4/leads/31331987 PATCH 400  {"errors":{"31331987":"Lead not found"},"title":"Bad Request","type":"https://httpstatus.es/400","status":400,"detail":"Invalid request body"}
2025-08-01 08:54:29 store_script.php - 66655 crm - 31331987 END []
2025-08-01 08:54:29 store_script.php - 66657 crm - 31332069 {"order_id":"66657","cdeck_id":"10093687362","crm":"31332069","order_status":"yookassa_widget"}
2025-08-01 08:54:29 request.php - https://vivaherb.amocrm.ru/api/v4/leads/31332069 PATCH 400  {"errors":{"31332069":"Lead not found"},"title":"Bad Request","type":"https://httpstatus.es/400","status":400,"detail":"Invalid request body"}
2025-08-01 08:54:29 store_script.php - 66657 crm - 31332069 END []
2025-08-01 08:54:29 store_script.php - 66765 crm - 31341715 {"order_id":"66765","cdeck_id":"10095118494","crm":"31341715","order_status":"cod"}
2025-08-01 08:54:30 request.php - https://vivaherb.amocrm.ru/api/v4/leads/31341715 PATCH 400  {"errors":{"31341715":"Lead not found"},"title":"Bad Request","type":"https://httpstatus.es/400","status":400,"detail":"Invalid request body"}
2025-08-01 08:54:30 request.php - https://vivaherb.amocrm.ru/api/v4/leads/31341715 PATCH 400  {"errors":{"31341715":"Lead not found"},"title":"Bad Request","type":"https://httpstatus.es/400","status":400,"detail":"Invalid request body"}
2025-08-01 08:54:30 store_script.php - 66765 crm - 31341715 END []
2025-08-01 08:54:30 store_script.php - 67842 crm - 31420031 {"order_id":"67842","cdeck_id":"10105128997","crm":"31420031","order_status":"yookassa_widget"}
2025-08-01 08:54:31 request.php - https://vivaherb.amocrm.ru/api/v4/leads/31420031 PATCH 400  {"errors":{"31420031":"Lead not found"},"title":"Bad Request","type":"https://httpstatus.es/400","status":400,"detail":"Invalid request body"}
2025-08-01 08:54:31 store_script.php - 67842 crm - 31420031 END []
2025-08-01 08:54:39 store_script.php - 70672 crm - 31684629 {"order_id":"70672","cdeck_id":"10137210974","crm":"31684629","order_status":"yookassa_widget"}
2025-08-01 08:54:40 request.php - https://vivaherb.amocrm.ru/api/v4/leads/31684629 PATCH 400  {"errors":{"31684629":"Lead not found"},"title":"Bad Request","type":"https://httpstatus.es/400","status":400,"detail":"Invalid request body"}
2025-08-01 08:54:40 store_script.php - 70672 crm - 31684629 END []
2025-08-01 08:54:43 store_script.php - 71181 crm - 31744131 {"order_id":"71181","cdeck_id":"10144133439","crm":"31744131","order_status":"intellectmoney"}
2025-08-01 08:54:44 store_script.php - 71181 crm - 31744131 get_oreder {"meta":{"href":"https://api.moysklad.ru/api/remap/1.2/entity/customerorder/d2cae93a-6e3c-11f0-0a80-01c00001a79d","metadataHref":"https://api.moysklad.ru/api/remap/1.2/entity/customerorder/metadata","type":"customerorder","mediaType":"application/json","uuidHref":"https://online.moysklad.ru/app/#customerorder/edit?id=d2cae93a-6e3c-11f0-0a80-01c00001a79d"},"id":"d2cae93a-6e3c-11f0-0a80-01c00001a79d","accountId":"dc992fd7-e243-
2025-08-01 08:54:45 store_script.php - 71181 crm - 31744131 END []
2025-08-01 08:54:45 store_script.php - 71182 crm - 31744143 {"order_id":"71182","cdeck_id":"10144136635","crm":"31744143","order_status":"yookassa_widget"}
2025-08-01 08:54:46 store_script.php - 71182 crm - 31744143 get_oreder {"meta":{"href":"https://api.moysklad.ru/api/remap/1.2/entity/customerorder/5935276e-6e40-11f0-0a80-055800024c0d","metadataHref":"https://api.moysklad.ru/api/remap/1.2/entity/customerorder/metadata","type":"customerorder","mediaType":"application/json","uuidHref":"https://online.moysklad.ru/app/#customerorder/edit?id=5935276e-6e40-11f0-0a80-055800024c0d"},"id":"5935276e-6e40-11f0-0a80-055800024c0d","accountId":"dc992fd7-e243-
2025-08-01 08:54:46 store_script.php - 71182 crm - 31744143 END []
2025-08-01 08:54:46 store_script.php - 71183 crm - 31744191 {"order_id":"71183","cdeck_id":"10144142546","crm":"31744191","order_status":"intellectmoney"}
2025-08-01 08:54:47 store_script.php - 71183 crm - 31744191 get_oreder {"meta":{"href":"https://api.moysklad.ru/api/remap/1.2/entity/customerorder/df3678fc-6e4b-11f0-0a80-073500045d6b","metadataHref":"https://api.moysklad.ru/api/remap/1.2/entity/customerorder/metadata","type":"customerorder","mediaType":"application/json","uuidHref":"https://online.moysklad.ru/app/#customerorder/edit?id=df3678fc-6e4b-11f0-0a80-073500045d6b"},"id":"df3678fc-6e4b-11f0-0a80-073500045d6b","accountId":"dc992fd7-e243-
2025-08-01 08:54:48 store_script.php - 71183 crm - 31744191 END []
2025-08-01 08:54:48 store_script.php - 71188 crm - 31744411 {"order_id":"71188","cdeck_id":"10144173863","crm":"31744411","order_status":"intellectmoney"}
2025-08-01 08:54:49 store_script.php - 71188 crm - 31744411 get_oreder {"meta":{"href":"https://api.moysklad.ru/api/remap/1.2/entity/customerorder/90399e20-6e90-11f0-0a80-0639000d06d0","metadataHref":"https://api.moysklad.ru/api/remap/1.2/entity/customerorder/metadata","type":"customerorder","mediaType":"application/json","uuidHref":"https://online.moysklad.ru/app/#customerorder/edit?id=90399e20-6e90-11f0-0a80-0639000d06d0"},"id":"90399e20-6e90-11f0-0a80-0639000d06d0","accountId":"dc992fd7-e243-
2025-08-01 08:54:49 store_script.php - 71188 crm - 31744411 END []
2025-08-01 09:06:08 script 3 - input data from webhook {"id":"d2cae93a-6e3c-11f0-0a80-01c00001a79d","type":"CustomerOrder","requestId":"e8e1f180-093a-4889-ba6a-a8bcb2b5aa7c"}
2025-08-01 09:06:08 script 3 - request to me https://vivaherb.ru/support/amo_mystore/scripts/amo_ms_order-sent.php?id=d2cae93a-6e3c-11f0-0a80-01c00001a79d&type=CustomerOrder&requestId=e8e1f180-093a-4889-ba6a-a8bcb2b5aa7c {"id":"d2cae93a-6e3c-11f0-0a80-01c00001a79d","status_id":"sent"}
2025-08-01 09:06:08 script 3 - input data from webhook {"id":"d2cae93a-6e3c-11f0-0a80-01c00001a79d","status_id":"sent"}
2025-08-01 09:06:08 script 3 - change status in Amo order [{"Тип запроса":"contacts","Сущность в Амо":"lead","Наименование поля в Амо":"id контакта","Имя или id поля в Амо":"_embedded.contacts.0.id"},{"Тип запроса":"counterparty","Сущность в Амо":"contacts","Сущность в МойСклад":"Имя контрагента","Имя или id поля в МойСклад":"name","Префикс":"Рознич
2025-08-01 09:06:08 script 3 - change status in Amo order [{"Воронка":"VivaHerb","id воронки":"2139079","Поле сделки":"Способ оплаты","id поля сделки":"421383","Значение поля сделки":"Оплата при получении","id значения поля сделки":"598425","Поменять на статус":"Наложки отправлены","Поменять на статус (id статуса)":"31303804"},{"Воронк�
2025-08-01 09:06:09 script 3 - find order in myStore {"meta":{"href":"https://api.moysklad.ru/api/remap/1.2/entity/customerorder/d2cae93a-6e3c-11f0-0a80-01c00001a79d","metadataHref":"https://api.moysklad.ru/api/remap/1.2/entity/customerorder/metadata","type":"customerorder","mediaType":"application/json","uuidHref":"https://online.moysklad.ru/app/#customerorder/edit?id=d2cae93a-6e3c-11f0-0a80-01c00001a79d"},"id":"d2cae93a-6e3c-11f0-0a80-01c00001a79d","accountId":"dc992fd7-e243-11ec-0a80-058e0000
2025-08-01 09:06:09 script 3 - find track "10144133439"
2025-08-01 09:06:09 script 3 - find CRM order {"id":31744131,"name":"Заказ VivaHerb от Даниил Лукиничев","price":6272,"responsible_user_id":8670562,"group_id":0,"status_id":30471025,"pipeline_id":2139079,"loss_reason_id":null,"created_by":0,"updated_by":0,"created_at":1753986666,"updated_at":1754027752,"closed_at":null,"closest_task_at":null,"is_deleted":false,"custom_fields_values":[{"field_id":164511,"field_name":"ORDER_ID","field_code":null,"field_type":"textarea","value
2025-08-01 09:06:09 script 3 - get status 728957
2025-08-01 09:06:09 script 3 - get status 728957
2025-08-01 09:06:09 script 3 - set status "142"
2025-08-01 09:06:10 script 3 - push track number to Amo order {"id":31744131,"updated_at":1754027752,"_links":{"self":{"href":"https://vivaherb.amocrm.ru/api/v4/leads/31744131"}}}
2025-08-01 09:06:10 script 3 - change status in Amo order {"id":31744131,"updated_at":1754028370,"_links":{"self":{"href":"https://vivaherb.amocrm.ru/api/v4/leads/31744131"}}}
2025-08-01 09:11:32 script 3 - input data from webhook {"id":"5935276e-6e40-11f0-0a80-055800024c0d","type":"CustomerOrder","requestId":"26c94da5-7c83-432e-9f11-45dcf2614891"}
2025-08-01 09:11:32 script 3 - request to me https://vivaherb.ru/support/amo_mystore/scripts/amo_ms_order-sent.php?id=5935276e-6e40-11f0-0a80-055800024c0d&type=CustomerOrder&requestId=26c94da5-7c83-432e-9f11-45dcf2614891 {"id":"5935276e-6e40-11f0-0a80-055800024c0d","status_id":"sent"}
2025-08-01 09:11:32 script 3 - input data from webhook {"id":"5935276e-6e40-11f0-0a80-055800024c0d","status_id":"sent"}
2025-08-01 09:11:32 script 3 - change status in Amo order [{"Тип запроса":"contacts","Сущность в Амо":"lead","Наименование поля в Амо":"id контакта","Имя или id поля в Амо":"_embedded.contacts.0.id"},{"Тип запроса":"counterparty","Сущность в Амо":"contacts","Сущность в МойСклад":"Имя контрагента","Имя или id поля в МойСклад":"name","Префикс":"Рознич
2025-08-01 09:11:32 script 3 - change status in Amo order [{"Воронка":"VivaHerb","id воронки":"2139079","Поле сделки":"Способ оплаты","id поля сделки":"421383","Значение поля сделки":"Оплата при получении","id значения поля сделки":"598425","Поменять на статус":"Наложки отправлены","Поменять на статус (id статуса)":"31303804"},{"Воронк�
2025-08-01 09:11:33 script 3 - find order in myStore {"meta":{"href":"https://api.moysklad.ru/api/remap/1.2/entity/customerorder/5935276e-6e40-11f0-0a80-055800024c0d","metadataHref":"https://api.moysklad.ru/api/remap/1.2/entity/customerorder/metadata","type":"customerorder","mediaType":"application/json","uuidHref":"https://online.moysklad.ru/app/#customerorder/edit?id=5935276e-6e40-11f0-0a80-055800024c0d"},"id":"5935276e-6e40-11f0-0a80-055800024c0d","accountId":"dc992fd7-e243-11ec-0a80-058e0000
2025-08-01 09:11:33 script 3 - find track "10144136635"
2025-08-01 09:11:33 script 3 - find CRM order {"id":31744143,"name":"Заказ VivaHerb от Алексей Дубиновский","price":7078,"responsible_user_id":8670562,"group_id":0,"status_id":30471025,"pipeline_id":2139079,"loss_reason_id":null,"created_by":0,"updated_by":0,"created_at":1753988139,"updated_at":1754027752,"closed_at":null,"closest_task_at":null,"is_deleted":false,"custom_fields_values":[{"field_id":164511,"field_name":"ORDER_ID","field_code":null,"field_type":"textarea",
2025-08-01 09:11:33 script 3 - get status 727567
2025-08-01 09:11:33 script 3 - get status 727567
2025-08-01 09:11:33 script 3 - set status "142"
2025-08-01 09:11:33 script 3 - push track number to Amo order {"id":31744143,"updated_at":1754027752,"_links":{"self":{"href":"https://vivaherb.amocrm.ru/api/v4/leads/31744143"}}}
2025-08-01 09:11:34 script 3 - change status in Amo order {"id":31744143,"updated_at":1754028693,"_links":{"self":{"href":"https://vivaherb.amocrm.ru/api/v4/leads/31744143"}}}
2025-08-01 09:11:34 script 5 - input data from webhook {"leads":{"status":[{"id":"31744143","status_id":"142","pipeline_id":"2139079","old_status_id":"30471025","old_pipeline_id":"2139079"}]},"account":{"id":"28662106","subdomain":"vivaherb"}}
2025-08-01 09:11:34 script 5 - request to me https://vivaherb.ru/support/amo_mystore/scripts/amo_ms_manual-success.php {"id":"31744143","status_id":"142"}
2025-08-01 09:11:34 script 5 - input data from webhook {"id":"31744143","status_id":"142"}
2025-08-01 09:11:35 script 5 - paymentInPrice 0.010000000000218279
2025-08-01 09:11:35 script 5 - Success []
2025-08-01 09:14:03 script 3 - input data from webhook {"id":"df3678fc-6e4b-11f0-0a80-073500045d6b","type":"CustomerOrder","requestId":"92f7412c-147b-4ab3-a51d-f7be50cc2f9c"}
2025-08-01 09:14:03 script 3 - request to me https://vivaherb.ru/support/amo_mystore/scripts/amo_ms_order-sent.php?id=df3678fc-6e4b-11f0-0a80-073500045d6b&type=CustomerOrder&requestId=92f7412c-147b-4ab3-a51d-f7be50cc2f9c {"id":"df3678fc-6e4b-11f0-0a80-073500045d6b","status_id":"sent"}
2025-08-01 09:14:03 script 3 - input data from webhook {"id":"df3678fc-6e4b-11f0-0a80-073500045d6b","status_id":"sent"}
2025-08-01 09:14:03 script 3 - change status in Amo order [{"Тип запроса":"contacts","Сущность в Амо":"lead","Наименование поля в Амо":"id контакта","Имя или id поля в Амо":"_embedded.contacts.0.id"},{"Тип запроса":"counterparty","Сущность в Амо":"contacts","Сущность в МойСклад":"Имя контрагента","Имя или id поля в МойСклад":"name","Префикс":"Рознич
2025-08-01 09:14:03 script 3 - change status in Amo order [{"Воронка":"VivaHerb","id воронки":"2139079","Поле сделки":"Способ оплаты","id поля сделки":"421383","Значение поля сделки":"Оплата при получении","id значения поля сделки":"598425","Поменять на статус":"Наложки отправлены","Поменять на статус (id статуса)":"31303804"},{"Воронк�
2025-08-01 09:14:03 script 3 - find order in myStore {"meta":{"href":"https://api.moysklad.ru/api/remap/1.2/entity/customerorder/df3678fc-6e4b-11f0-0a80-073500045d6b","metadataHref":"https://api.moysklad.ru/api/remap/1.2/entity/customerorder/metadata","type":"customerorder","mediaType":"application/json","uuidHref":"https://online.moysklad.ru/app/#customerorder/edit?id=df3678fc-6e4b-11f0-0a80-073500045d6b"},"id":"df3678fc-6e4b-11f0-0a80-073500045d6b","accountId":"dc992fd7-e243-11ec-0a80-058e0000
2025-08-01 09:14:03 script 3 - find track "10144142546"
2025-08-01 09:14:04 script 3 - find CRM order {"id":31744191,"name":"Заказ VivaHerb от Алексей Рычагов","price":10160,"responsible_user_id":8670562,"group_id":0,"status_id":30471025,"pipeline_id":2139079,"loss_reason_id":null,"created_by":0,"updated_by":0,"created_at":1753993092,"updated_at":1754027753,"closed_at":null,"closest_task_at":null,"is_deleted":false,"custom_fields_values":[{"field_id":164511,"field_name":"ORDER_ID","field_code":null,"field_type":"textarea","values
2025-08-01 09:14:04 script 3 - get status 728957
2025-08-01 09:14:04 script 3 - get status 728957
2025-08-01 09:14:04 script 3 - set status "142"
2025-08-01 09:14:04 script 3 - push track number to Amo order {"id":31744191,"updated_at":1754027753,"_links":{"self":{"href":"https://vivaherb.amocrm.ru/api/v4/leads/31744191"}}}
2025-08-01 09:14:04 script 3 - change status in Amo order {"id":31744191,"updated_at":1754028844,"_links":{"self":{"href":"https://vivaherb.amocrm.ru/api/v4/leads/31744191"}}}
2025-08-01 09:19:05 script 3 - input data from webhook {"id":"90399e20-6e90-11f0-0a80-0639000d06d0","type":"CustomerOrder","requestId":"83e35847-a15e-4ed5-b35a-8ab037b7650b"}
2025-08-01 09:19:05 script 3 - request to me https://vivaherb.ru/support/amo_mystore/scripts/amo_ms_order-sent.php?id=90399e20-6e90-11f0-0a80-0639000d06d0&type=CustomerOrder&requestId=83e35847-a15e-4ed5-b35a-8ab037b7650b {"id":"90399e20-6e90-11f0-0a80-0639000d06d0","status_id":"sent"}
2025-08-01 09:19:05 script 3 - input data from webhook {"id":"90399e20-6e90-11f0-0a80-0639000d06d0","status_id":"sent"}
2025-08-01 09:19:05 script 3 - change status in Amo order [{"Тип запроса":"contacts","Сущность в Амо":"lead","Наименование поля в Амо":"id контакта","Имя или id поля в Амо":"_embedded.contacts.0.id"},{"Тип запроса":"counterparty","Сущность в Амо":"contacts","Сущность в МойСклад":"Имя контрагента","Имя или id поля в МойСклад":"name","Префикс":"Рознич
2025-08-01 09:19:05 script 3 - change status in Amo order [{"Воронка":"VivaHerb","id воронки":"2139079","Поле сделки":"Способ оплаты","id поля сделки":"421383","Значение поля сделки":"Оплата при получении","id значения поля сделки":"598425","Поменять на статус":"Наложки отправлены","Поменять на статус (id статуса)":"31303804"},{"Воронк�
2025-08-01 09:19:05 script 3 - find order in myStore {"meta":{"href":"https://api.moysklad.ru/api/remap/1.2/entity/customerorder/90399e20-6e90-11f0-0a80-0639000d06d0","metadataHref":"https://api.moysklad.ru/api/remap/1.2/entity/customerorder/metadata","type":"customerorder","mediaType":"application/json","uuidHref":"https://online.moysklad.ru/app/#customerorder/edit?id=90399e20-6e90-11f0-0a80-0639000d06d0"},"id":"90399e20-6e90-11f0-0a80-0639000d06d0","accountId":"dc992fd7-e243-11ec-0a80-058e0000
2025-08-01 09:19:05 script 3 - find track "10144173863"
2025-08-01 09:19:06 script 3 - find CRM order {"id":31744411,"name":"Заказ VivaHerb от Денис Генке","price":10870,"responsible_user_id":8670562,"group_id":0,"status_id":30471025,"pipeline_id":2139079,"loss_reason_id":null,"created_by":0,"updated_by":0,"created_at":1754022704,"updated_at":1754027753,"closed_at":null,"closest_task_at":null,"is_deleted":false,"custom_fields_values":[{"field_id":164511,"field_name":"ORDER_ID","field_code":null,"field_type":"textarea","values":[{"val
2025-08-01 09:19:06 script 3 - get status 728957
2025-08-01 09:19:06 script 3 - get status 728957
2025-08-01 09:19:06 script 3 - set status "142"
2025-08-01 09:19:06 script 3 - push track number to Amo order {"id":31744411,"updated_at":1754027753,"_links":{"self":{"href":"https://vivaherb.amocrm.ru/api/v4/leads/31744411"}}}
2025-08-01 09:19:07 script 3 - change status in Amo order {"id":31744411,"updated_at":1754029147,"_links":{"self":{"href":"https://vivaherb.amocrm.ru/api/v4/leads/31744411"}}}
2025-08-01 09:54:13 store_script.php - 30509 crm - 27215649 {"order_id":"30509","cdeck_id":"1378035246","crm":"27215649","order_status":"cod"}
2025-08-01 09:54:14 request.php - https://vivaherb.amocrm.ru/api/v4/leads/27215649 PATCH 400  {"errors":{"27215649":"Lead not found"},"title":"Bad Request","type":"https://httpstatus.es/400","status":400,"detail":"Invalid request body"}
2025-08-01 09:54:14 request.php - https://vivaherb.amocrm.ru/api/v4/leads/27215649 PATCH 400  {"errors":{"27215649":"Lead not found"},"title":"Bad Request","type":"https://httpstatus.es/400","status":400,"detail":"Invalid request body"}
2025-08-01 09:54:15 store_script.php - 30509 crm - 27215649 END []
2025-08-01 09:54:15 store_script.php - 30980 crm - 27451493 {"order_id":"30980","cdeck_id":"1384831846","crm":"27451493","order_status":"yookassa_widget"}
2025-08-01 09:54:16 request.php - https://vivaherb.amocrm.ru/api/v4/leads/27451493 PATCH 400  {"errors":{"27451493":"Lead not found"},"title":"Bad Request","type":"https://httpstatus.es/400","status":400,"detail":"Invalid request body"}
2025-08-01 09:54:16 store_script.php - 30980 crm - 27451493 END []
2025-08-01 09:54:16 store_script.php - 31159 crm - 27523369 {"order_id":"31159","cdeck_id":"1388417736","crm":"27523369","order_status":"yookassa_widget"}
2025-08-01 09:54:17 request.php - https://vivaherb.amocrm.ru/api/v4/leads/27523369 PATCH 400  {"errors":{"27523369":"Lead not found"},"title":"Bad Request","type":"https://httpstatus.es/400","status":400,"detail":"Invalid request body"}
2025-08-01 09:54:17 store_script.php - 31159 crm - 27523369 END []
2025-08-01 09:54:17 store_script.php - 31689 crm - 27678093 {"order_id":"31689","cdeck_id":"1394658580","crm":"27678093","order_status":"cod"}
2025-08-01 09:54:17 request.php - https://vivaherb.amocrm.ru/api/v4/leads/27678093 PATCH 400  {"errors":{"27678093":"Lead not found"},"title":"Bad Request","type":"https://httpstatus.es/400","status":400,"detail":"Invalid request body"}
2025-08-01 09:54:17 request.php - https://vivaherb.amocrm.ru/api/v4/leads/27678093 PATCH 400  {"errors":{"27678093":"Lead not found"},"title":"Bad Request","type":"https://httpstatus.es/400","status":400,"detail":"Invalid request body"}
2025-08-01 09:54:18 store_script.php - 31689 crm - 27678093 END []
2025-08-01 09:54:18 store_script.php - 32666 crm - 28043619 {"order_id":"32666","cdeck_id":"1407999796","crm":"28043619","order_status":"yookassa_widget"}
2025-08-01 09:54:18 request.php - https://vivaherb.amocrm.ru/api/v4/leads/28043619 PATCH 400  {"errors":{"28043619":"Lead not found"},"title":"Bad Request","type":"https://httpstatus.es/400","status":400,"detail":"Invalid request body"}
2025-08-01 09:54:19 store_script.php - 32666 crm - 28043619 END []
2025-08-01 09:54:19 store_script.php - 35382 crm - 28949539 {"order_id":"35382","cdeck_id":"1440454117","crm":"28949539","order_status":"yookassa_widget"}
2025-08-01 09:54:19 request.php - https://vivaherb.amocrm.ru/api/v4/leads/28949539 PATCH 400  {"errors":{"28949539":"Lead not found"},"title":"Bad Request","type":"https://httpstatus.es/400","status":400,"detail":"Invalid request body"}
2025-08-01 09:54:19 store_script.php - 35382 crm - 28949539 END []
2025-08-01 09:54:19 store_script.php - 36740 crm - 29177633 {"order_id":"36740","cdeck_id":"1450621353","crm":"29177633","order_status":"yookassa_widget"}
2025-08-01 09:54:20 request.php - https://vivaherb.amocrm.ru/api/v4/leads/29177633 PATCH 400  {"errors":{"29177633":"Lead not found"},"title":"Bad Request","type":"https://httpstatus.es/400","status":400,"detail":"Invalid request body"}
2025-08-01 09:54:20 store_script.php - 36740 crm - 29177633 END []
2025-08-01 09:54:20 store_script.php - 43426 crm - 29759963 {"order_id":"43426","cdeck_id":"1492618495","crm":"29759963","order_status":"cod"}
2025-08-01 09:54:21 request.php - https://vivaherb.amocrm.ru/api/v4/leads/29759963 PATCH 400  {"errors":{"29759963":"Lead not found"},"title":"Bad Request","type":"https://httpstatus.es/400","status":400,"detail":"Invalid request body"}
2025-08-01 09:54:21 request.php - https://vivaherb.amocrm.ru/api/v4/leads/29759963 PATCH 400  {"errors":{"29759963":"Lead not found"},"title":"Bad Request","type":"https://httpstatus.es/400","status":400,"detail":"Invalid request body"}
2025-08-01 09:54:21 store_script.php - 43426 crm - 29759963 END []
2025-08-01 09:54:21 store_script.php - 55743 crm - 30571295 {"order_id":"55743","cdeck_id":"10011353606","crm":"30571295","order_status":"cod"}
2025-08-01 09:54:22 request.php - https://vivaherb.amocrm.ru/api/v4/leads/30571295 PATCH 400  {"errors":{"30571295":"Lead not found"},"title":"Bad Request","type":"https://httpstatus.es/400","status":400,"detail":"Invalid request body"}
2025-08-01 09:54:22 request.php - https://vivaherb.amocrm.ru/api/v4/leads/30571295 PATCH 400  {"errors":{"30571295":"Lead not found"},"title":"Bad Request","type":"https://httpstatus.es/400","status":400,"detail":"Invalid request body"}
2025-08-01 09:54:22 store_script.php - 55743 crm - 30571295 END []
2025-08-01 09:54:22 store_script.php - 56020 crm - 30580597 {"order_id":"56020","cdeck_id":"10012192492","crm":"30580597","order_status":"intellectmoney"}
2025-08-01 09:54:22 request.php - https://vivaherb.amocrm.ru/api/v4/leads/30580597 PATCH 400  {"errors":{"30580597":"Lead not found"},"title":"Bad Request","type":"https://httpstatus.es/400","status":400,"detail":"Invalid request body"}
2025-08-01 09:54:23 store_script.php - 56020 crm - 30580597 END []
2025-08-01 09:54:23 store_script.php - 58805 crm - 30699429 {"order_id":"58805","cdeck_id":"10024732090","crm":"30699429","order_status":"yookassa_widget"}
2025-08-01 09:54:23 request.php - https://vivaherb.amocrm.ru/api/v4/leads/30699429 PATCH 400  {"errors":{"30699429":"Lead not found"},"title":"Bad Request","type":"https://httpstatus.es/400","status":400,"detail":"Invalid request body"}
2025-08-01 09:54:23 store_script.php - 58805 crm - 30699429 END []
2025-08-01 09:54:23 store_script.php - 58825 crm - 30700377 {"order_id":"58825","cdeck_id":"10024878326","crm":"30700377","order_status":"yookassa_widget"}
2025-08-01 09:54:24 request.php - https://vivaherb.amocrm.ru/api/v4/leads/30700377 PATCH 400  {"errors":{"30700377":"Lead not found"},"title":"Bad Request","type":"https://httpstatus.es/400","status":400,"detail":"Invalid request body"}
2025-08-01 09:54:24 store_script.php - 58825 crm - 30700377 END []
2025-08-01 09:54:24 store_script.php - 58891 crm - 30702185 {"order_id":"58891","cdeck_id":"10025084375","crm":"30702185","order_status":"yookassa_widget"}
2025-08-01 09:54:24 request.php - https://vivaherb.amocrm.ru/api/v4/leads/30702185 PATCH 400  {"errors":{"30702185":"Lead not found"},"title":"Bad Request","type":"https://httpstatus.es/400","status":400,"detail":"Invalid request body"}
2025-08-01 09:54:25 store_script.php - 58891 crm - 30702185 END []
2025-08-01 09:54:25 store_script.php - 59176 crm - 30706013 {"order_id":"59176","cdeck_id":"10025584176","crm":"30706013","order_status":"yookassa_widget"}
2025-08-01 09:54:25 request.php - https://vivaherb.amocrm.ru/api/v4/leads/30706013 PATCH 400  {"errors":{"30706013":"Lead not found"},"title":"Bad Request","type":"https://httpstatus.es/400","status":400,"detail":"Invalid request body"}
2025-08-01 09:54:25 store_script.php - 59176 crm - 30706013 END []
2025-08-01 09:54:26 store_script.php - 59181 crm - 30706069 {"order_id":"59181","cdeck_id":"10025587928","crm":"30706069","order_status":"yookassa_widget"}
2025-08-01 09:54:26 request.php - https://vivaherb.amocrm.ru/api/v4/leads/30706069 PATCH 400  {"errors":{"30706069":"Lead not found"},"title":"Bad Request","type":"https://httpstatus.es/400","status":400,"detail":"Invalid request body"}
2025-08-01 09:54:26 store_script.php - 59181 crm - 30706069 END []
2025-08-01 09:54:26 store_script.php - 59187 crm - 30706147 {"order_id":"59187","cdeck_id":"10025595773","crm":"30706147","order_status":"yookassa_widget"}
2025-08-01 09:54:27 request.php - https://vivaherb.amocrm.ru/api/v4/leads/30706147 PATCH 400  {"errors":{"30706147":"Lead not found"},"title":"Bad Request","type":"https://httpstatus.es/400","status":400,"detail":"Invalid request body"}
2025-08-01 09:54:27 store_script.php - 59187 crm - 30706147 END []
2025-08-01 09:54:27 store_script.php - 59188 crm - 30706175 {"order_id":"59188","cdeck_id":"10025597779","crm":"30706175","order_status":"yookassa_widget"}
2025-08-01 09:54:27 request.php - https://vivaherb.amocrm.ru/api/v4/leads/30706175 PATCH 400  {"errors":{"30706175":"Lead not found"},"title":"Bad Request","type":"https://httpstatus.es/400","status":400,"detail":"Invalid request body"}
2025-08-01 09:54:27 store_script.php - 59188 crm - 30706175 END []
2025-08-01 09:54:28 store_script.php - 61931 crm - 30957731 {"order_id":"61931","cdeck_id":"10044840842","crm":"30957731","order_status":"yookassa_widget"}
2025-08-01 09:54:28 request.php - https://vivaherb.amocrm.ru/api/v4/leads/30957731 PATCH 400  {"errors":{"30957731":"Lead not found"},"title":"Bad Request","type":"https://httpstatus.es/400","status":400,"detail":"Invalid request body"}
2025-08-01 09:54:28 store_script.php - 61931 crm - 30957731 END []
2025-08-01 09:54:29 store_script.php - 64064 crm - 31115305 {"order_id":"64064","cdeck_id":"10067371813","crm":"31115305","order_status":"yookassa_widget"}
2025-08-01 09:54:29 request.php - https://vivaherb.amocrm.ru/api/v4/leads/31115305 PATCH 400  {"errors":{"31115305":"Lead not found"},"title":"Bad Request","type":"https://httpstatus.es/400","status":400,"detail":"Invalid request body"}
2025-08-01 09:54:30 store_script.php - 64064 crm - 31115305 END []
2025-08-01 09:54:30 store_script.php - 64110 crm - 31117287 {"order_id":"64110","cdeck_id":"10067760566","crm":"31117287","order_status":"yookassa_widget"}
2025-08-01 09:54:30 request.php - https://vivaherb.amocrm.ru/api/v4/leads/31117287 PATCH 400  {"errors":{"31117287":"Lead not found"},"title":"Bad Request","type":"https://httpstatus.es/400","status":400,"detail":"Invalid request body"}
2025-08-01 09:54:30 store_script.php - 64110 crm - 31117287 END []
2025-08-01 09:54:31 store_script.php - 64904 crm - 31188065 {"order_id":"64904","cdeck_id":"10075009440","crm":"31188065","order_status":"yookassa_widget"}
2025-08-01 09:54:31 request.php - https://vivaherb.amocrm.ru/api/v4/leads/31188065 PATCH 400  {"errors":{"31188065":"Lead not found"},"title":"Bad Request","type":"https://httpstatus.es/400","status":400,"detail":"Invalid request body"}
2025-08-01 09:54:31 store_script.php - 64904 crm - 31188065 END []
2025-08-01 09:54:32 store_script.php - 66655 crm - 31331987 {"order_id":"66655","cdeck_id":"10093681196","crm":"31331987","order_status":"yookassa_widget"}
2025-08-01 09:54:32 request.php - https://vivaherb.amocrm.ru/api/v4/leads/31331987 PATCH 400  {"errors":{"31331987":"Lead not found"},"title":"Bad Request","type":"https://httpstatus.es/400","status":400,"detail":"Invalid request body"}
2025-08-01 09:54:32 store_script.php - 66655 crm - 31331987 END []
2025-08-01 09:54:32 store_script.php - 66657 crm - 31332069 {"order_id":"66657","cdeck_id":"10093687362","crm":"31332069","order_status":"yookassa_widget"}
2025-08-01 09:54:33 request.php - https://vivaherb.amocrm.ru/api/v4/leads/31332069 PATCH 400  {"errors":{"31332069":"Lead not found"},"title":"Bad Request","type":"https://httpstatus.es/400","status":400,"detail":"Invalid request body"}
2025-08-01 09:54:33 store_script.php - 66657 crm - 31332069 END []
2025-08-01 09:54:33 store_script.php - 66765 crm - 31341715 {"order_id":"66765","cdeck_id":"10095118494","crm":"31341715","order_status":"cod"}
2025-08-01 09:54:33 request.php - https://vivaherb.amocrm.ru/api/v4/leads/31341715 PATCH 400  {"errors":{"31341715":"Lead not found"},"title":"Bad Request","type":"https://httpstatus.es/400","status":400,"detail":"Invalid request body"}
2025-08-01 09:54:34 request.php - https://vivaherb.amocrm.ru/api/v4/leads/31341715 PATCH 400  {"errors":{"31341715":"Lead not found"},"title":"Bad Request","type":"https://httpstatus.es/400","status":400,"detail":"Invalid request body"}
2025-08-01 09:54:34 store_script.php - 66765 crm - 31341715 END []
2025-08-01 09:54:34 store_script.php - 67842 crm - 31420031 {"order_id":"67842","cdeck_id":"10105128997","crm":"31420031","order_status":"yookassa_widget"}
2025-08-01 09:54:35 request.php - https://vivaherb.amocrm.ru/api/v4/leads/31420031 PATCH 400  {"errors":{"31420031":"Lead not found"},"title":"Bad Request","type":"https://httpstatus.es/400","status":400,"detail":"Invalid request body"}
2025-08-01 09:54:35 store_script.php - 67842 crm - 31420031 END []
2025-08-01 09:54:43 store_script.php - 70672 crm - 31684629 {"order_id":"70672","cdeck_id":"10137210974","crm":"31684629","order_status":"yookassa_widget"}
2025-08-01 09:54:43 request.php - https://vivaherb.amocrm.ru/api/v4/leads/31684629 PATCH 400  {"errors":{"31684629":"Lead not found"},"title":"Bad Request","type":"https://httpstatus.es/400","status":400,"detail":"Invalid request body"}
2025-08-01 09:54:44 store_script.php - 70672 crm - 31684629 END []
2025-08-01 10:54:20 store_script.php - 30509 crm - 27215649 {"order_id":"30509","cdeck_id":"1378035246","crm":"27215649","order_status":"cod"}
2025-08-01 10:54:20 request.php - https://vivaherb.amocrm.ru/api/v4/leads/27215649 PATCH 400  {"errors":{"27215649":"Lead not found"},"title":"Bad Request","type":"https://httpstatus.es/400","status":400,"detail":"Invalid request body"}
2025-08-01 10:54:21 request.php - https://vivaherb.amocrm.ru/api/v4/leads/27215649 PATCH 400  {"errors":{"27215649":"Lead not found"},"title":"Bad Request","type":"https://httpstatus.es/400","status":400,"detail":"Invalid request body"}
2025-08-01 10:54:21 store_script.php - 30509 crm - 27215649 END []
2025-08-01 10:54:21 store_script.php - 30980 crm - 27451493 {"order_id":"30980","cdeck_id":"1384831846","crm":"27451493","order_status":"yookassa_widget"}
2025-08-01 10:54:22 request.php - https://vivaherb.amocrm.ru/api/v4/leads/27451493 PATCH 400  {"errors":{"27451493":"Lead not found"},"title":"Bad Request","type":"https://httpstatus.es/400","status":400,"detail":"Invalid request body"}
2025-08-01 10:54:22 store_script.php - 30980 crm - 27451493 END []
2025-08-01 10:54:22 store_script.php - 31159 crm - 27523369 {"order_id":"31159","cdeck_id":"1388417736","crm":"27523369","order_status":"yookassa_widget"}
2025-08-01 10:54:23 request.php - https://vivaherb.amocrm.ru/api/v4/leads/27523369 PATCH 400  {"errors":{"27523369":"Lead not found"},"title":"Bad Request","type":"https://httpstatus.es/400","status":400,"detail":"Invalid request body"}
2025-08-01 10:54:23 store_script.php - 31159 crm - 27523369 END []
2025-08-01 10:54:23 store_script.php - 31689 crm - 27678093 {"order_id":"31689","cdeck_id":"1394658580","crm":"27678093","order_status":"cod"}
2025-08-01 10:54:23 request.php - https://vivaherb.amocrm.ru/api/v4/leads/27678093 PATCH 400  {"errors":{"27678093":"Lead not found"},"title":"Bad Request","type":"https://httpstatus.es/400","status":400,"detail":"Invalid request body"}
2025-08-01 10:54:24 request.php - https://vivaherb.amocrm.ru/api/v4/leads/27678093 PATCH 400  {"errors":{"27678093":"Lead not found"},"title":"Bad Request","type":"https://httpstatus.es/400","status":400,"detail":"Invalid request body"}
2025-08-01 10:54:24 store_script.php - 31689 crm - 27678093 END []
2025-08-01 10:54:24 store_script.php - 32666 crm - 28043619 {"order_id":"32666","cdeck_id":"1407999796","crm":"28043619","order_status":"yookassa_widget"}
2025-08-01 10:54:25 request.php - https://vivaherb.amocrm.ru/api/v4/leads/28043619 PATCH 400  {"errors":{"28043619":"Lead not found"},"title":"Bad Request","type":"https://httpstatus.es/400","status":400,"detail":"Invalid request body"}
2025-08-01 10:54:25 store_script.php - 32666 crm - 28043619 END []
2025-08-01 10:54:25 store_script.php - 35382 crm - 28949539 {"order_id":"35382","cdeck_id":"1440454117","crm":"28949539","order_status":"yookassa_widget"}
2025-08-01 10:54:25 request.php - https://vivaherb.amocrm.ru/api/v4/leads/28949539 PATCH 400  {"errors":{"28949539":"Lead not found"},"title":"Bad Request","type":"https://httpstatus.es/400","status":400,"detail":"Invalid request body"}
2025-08-01 10:54:25 store_script.php - 35382 crm - 28949539 END []
2025-08-01 10:54:26 store_script.php - 36740 crm - 29177633 {"order_id":"36740","cdeck_id":"1450621353","crm":"29177633","order_status":"yookassa_widget"}
2025-08-01 10:54:26 request.php - https://vivaherb.amocrm.ru/api/v4/leads/29177633 PATCH 400  {"errors":{"29177633":"Lead not found"},"title":"Bad Request","type":"https://httpstatus.es/400","status":400,"detail":"Invalid request body"}
2025-08-01 10:54:26 store_script.php - 36740 crm - 29177633 END []
2025-08-01 10:54:26 store_script.php - 43426 crm - 29759963 {"order_id":"43426","cdeck_id":"1492618495","crm":"29759963","order_status":"cod"}
2025-08-01 10:54:27 request.php - https://vivaherb.amocrm.ru/api/v4/leads/29759963 PATCH 400  {"errors":{"29759963":"Lead not found"},"title":"Bad Request","type":"https://httpstatus.es/400","status":400,"detail":"Invalid request body"}
2025-08-01 10:54:27 request.php - https://vivaherb.amocrm.ru/api/v4/leads/29759963 PATCH 400  {"errors":{"29759963":"Lead not found"},"title":"Bad Request","type":"https://httpstatus.es/400","status":400,"detail":"Invalid request body"}
2025-08-01 10:54:27 store_script.php - 43426 crm - 29759963 END []
2025-08-01 10:54:27 store_script.php - 55743 crm - 30571295 {"order_id":"55743","cdeck_id":"10011353606","crm":"30571295","order_status":"cod"}
2025-08-01 10:54:28 request.php - https://vivaherb.amocrm.ru/api/v4/leads/30571295 PATCH 400  {"errors":{"30571295":"Lead not found"},"title":"Bad Request","type":"https://httpstatus.es/400","status":400,"detail":"Invalid request body"}
2025-08-01 10:54:28 request.php - https://vivaherb.amocrm.ru/api/v4/leads/30571295 PATCH 400  {"errors":{"30571295":"Lead not found"},"title":"Bad Request","type":"https://httpstatus.es/400","status":400,"detail":"Invalid request body"}
2025-08-01 10:54:28 store_script.php - 55743 crm - 30571295 END []
2025-08-01 10:54:28 store_script.php - 56020 crm - 30580597 {"order_id":"56020","cdeck_id":"10012192492","crm":"30580597","order_status":"intellectmoney"}
2025-08-01 10:54:28 request.php - https://vivaherb.amocrm.ru/api/v4/leads/30580597 PATCH 400  {"errors":{"30580597":"Lead not found"},"title":"Bad Request","type":"https://httpstatus.es/400","status":400,"detail":"Invalid request body"}
2025-08-01 10:54:29 store_script.php - 56020 crm - 30580597 END []
2025-08-01 10:54:29 store_script.php - 58805 crm - 30699429 {"order_id":"58805","cdeck_id":"10024732090","crm":"30699429","order_status":"yookassa_widget"}
2025-08-01 10:54:29 request.php - https://vivaherb.amocrm.ru/api/v4/leads/30699429 PATCH 400  {"errors":{"30699429":"Lead not found"},"title":"Bad Request","type":"https://httpstatus.es/400","status":400,"detail":"Invalid request body"}
2025-08-01 10:54:29 store_script.php - 58805 crm - 30699429 END []
2025-08-01 10:54:30 store_script.php - 58825 crm - 30700377 {"order_id":"58825","cdeck_id":"10024878326","crm":"30700377","order_status":"yookassa_widget"}
2025-08-01 10:54:30 request.php - https://vivaherb.amocrm.ru/api/v4/leads/30700377 PATCH 400  {"errors":{"30700377":"Lead not found"},"title":"Bad Request","type":"https://httpstatus.es/400","status":400,"detail":"Invalid request body"}
2025-08-01 10:54:30 store_script.php - 58825 crm - 30700377 END []
2025-08-01 10:54:30 store_script.php - 58891 crm - 30702185 {"order_id":"58891","cdeck_id":"10025084375","crm":"30702185","order_status":"yookassa_widget"}
2025-08-01 10:54:31 request.php - https://vivaherb.amocrm.ru/api/v4/leads/30702185 PATCH 400  {"errors":{"30702185":"Lead not found"},"title":"Bad Request","type":"https://httpstatus.es/400","status":400,"detail":"Invalid request body"}
2025-08-01 10:54:31 store_script.php - 58891 crm - 30702185 END []
2025-08-01 10:54:31 store_script.php - 59176 crm - 30706013 {"order_id":"59176","cdeck_id":"10025584176","crm":"30706013","order_status":"yookassa_widget"}
2025-08-01 10:54:31 request.php - https://vivaherb.amocrm.ru/api/v4/leads/30706013 PATCH 400  {"errors":{"30706013":"Lead not found"},"title":"Bad Request","type":"https://httpstatus.es/400","status":400,"detail":"Invalid request body"}
2025-08-01 10:54:32 store_script.php - 59176 crm - 30706013 END []
2025-08-01 10:54:32 store_script.php - 59181 crm - 30706069 {"order_id":"59181","cdeck_id":"10025587928","crm":"30706069","order_status":"yookassa_widget"}
2025-08-01 10:54:32 request.php - https://vivaherb.amocrm.ru/api/v4/leads/30706069 PATCH 400  {"errors":{"30706069":"Lead not found"},"title":"Bad Request","type":"https://httpstatus.es/400","status":400,"detail":"Invalid request body"}
2025-08-01 10:54:32 store_script.php - 59181 crm - 30706069 END []
2025-08-01 10:54:32 store_script.php - 59187 crm - 30706147 {"order_id":"59187","cdeck_id":"10025595773","crm":"30706147","order_status":"yookassa_widget"}
2025-08-01 10:54:33 request.php - https://vivaherb.amocrm.ru/api/v4/leads/30706147 PATCH 400  {"errors":{"30706147":"Lead not found"},"title":"Bad Request","type":"https://httpstatus.es/400","status":400,"detail":"Invalid request body"}
2025-08-01 10:54:33 store_script.php - 59187 crm - 30706147 END []
2025-08-01 10:54:33 store_script.php - 59188 crm - 30706175 {"order_id":"59188","cdeck_id":"10025597779","crm":"30706175","order_status":"yookassa_widget"}
2025-08-01 10:54:34 request.php - https://vivaherb.amocrm.ru/api/v4/leads/30706175 PATCH 400  {"errors":{"30706175":"Lead not found"},"title":"Bad Request","type":"https://httpstatus.es/400","status":400,"detail":"Invalid request body"}
2025-08-01 10:54:34 store_script.php - 59188 crm - 30706175 END []
2025-08-01 10:54:35 store_script.php - 61931 crm - 30957731 {"order_id":"61931","cdeck_id":"10044840842","crm":"30957731","order_status":"yookassa_widget"}
2025-08-01 10:54:35 request.php - https://vivaherb.amocrm.ru/api/v4/leads/30957731 PATCH 400  {"errors":{"30957731":"Lead not found"},"title":"Bad Request","type":"https://httpstatus.es/400","status":400,"detail":"Invalid request body"}
2025-08-01 10:54:35 store_script.php - 61931 crm - 30957731 END []
2025-08-01 10:54:36 store_script.php - 64064 crm - 31115305 {"order_id":"64064","cdeck_id":"10067371813","crm":"31115305","order_status":"yookassa_widget"}
2025-08-01 10:54:36 request.php - https://vivaherb.amocrm.ru/api/v4/leads/31115305 PATCH 400  {"errors":{"31115305":"Lead not found"},"title":"Bad Request","type":"https://httpstatus.es/400","status":400,"detail":"Invalid request body"}
2025-08-01 10:54:37 store_script.php - 64064 crm - 31115305 END []
2025-08-01 10:54:37 store_script.php - 64110 crm - 31117287 {"order_id":"64110","cdeck_id":"10067760566","crm":"31117287","order_status":"yookassa_widget"}
2025-08-01 10:54:37 request.php - https://vivaherb.amocrm.ru/api/v4/leads/31117287 PATCH 400  {"errors":{"31117287":"Lead not found"},"title":"Bad Request","type":"https://httpstatus.es/400","status":400,"detail":"Invalid request body"}
2025-08-01 10:54:37 store_script.php - 64110 crm - 31117287 END []
2025-08-01 10:54:37 store_script.php - 64904 crm - 31188065 {"order_id":"64904","cdeck_id":"10075009440","crm":"31188065","order_status":"yookassa_widget"}
2025-08-01 10:54:38 request.php - https://vivaherb.amocrm.ru/api/v4/leads/31188065 PATCH 400  {"errors":{"31188065":"Lead not found"},"title":"Bad Request","type":"https://httpstatus.es/400","status":400,"detail":"Invalid request body"}
2025-08-01 10:54:38 store_script.php - 64904 crm - 31188065 END []
2025-08-01 10:54:38 store_script.php - 66655 crm - 31331987 {"order_id":"66655","cdeck_id":"10093681196","crm":"31331987","order_status":"yookassa_widget"}
2025-08-01 10:54:39 request.php - https://vivaherb.amocrm.ru/api/v4/leads/31331987 PATCH 400  {"errors":{"31331987":"Lead not found"},"title":"Bad Request","type":"https://httpstatus.es/400","status":400,"detail":"Invalid request body"}
2025-08-01 10:54:39 store_script.php - 66655 crm - 31331987 END []
2025-08-01 10:54:39 store_script.php - 66657 crm - 31332069 {"order_id":"66657","cdeck_id":"10093687362","crm":"31332069","order_status":"yookassa_widget"}
2025-08-01 10:54:39 request.php - https://vivaherb.amocrm.ru/api/v4/leads/31332069 PATCH 400  {"errors":{"31332069":"Lead not found"},"title":"Bad Request","type":"https://httpstatus.es/400","status":400,"detail":"Invalid request body"}
2025-08-01 10:54:40 store_script.php - 66657 crm - 31332069 END []
2025-08-01 10:54:40 store_script.php - 66765 crm - 31341715 {"order_id":"66765","cdeck_id":"10095118494","crm":"31341715","order_status":"cod"}
2025-08-01 10:54:40 request.php - https://vivaherb.amocrm.ru/api/v4/leads/31341715 PATCH 400  {"errors":{"31341715":"Lead not found"},"title":"Bad Request","type":"https://httpstatus.es/400","status":400,"detail":"Invalid request body"}
2025-08-01 10:54:40 request.php - https://vivaherb.amocrm.ru/api/v4/leads/31341715 PATCH 400  {"errors":{"31341715":"Lead not found"},"title":"Bad Request","type":"https://httpstatus.es/400","status":400,"detail":"Invalid request body"}
2025-08-01 10:54:40 store_script.php - 66765 crm - 31341715 END []
2025-08-01 10:54:41 store_script.php - 67842 crm - 31420031 {"order_id":"67842","cdeck_id":"10105128997","crm":"31420031","order_status":"yookassa_widget"}
2025-08-01 10:54:41 request.php - https://vivaherb.amocrm.ru/api/v4/leads/31420031 PATCH 400  {"errors":{"31420031":"Lead not found"},"title":"Bad Request","type":"https://httpstatus.es/400","status":400,"detail":"Invalid request body"}
2025-08-01 10:54:41 store_script.php - 67842 crm - 31420031 END []
2025-08-01 10:54:50 store_script.php - 70672 crm - 31684629 {"order_id":"70672","cdeck_id":"10137210974","crm":"31684629","order_status":"yookassa_widget"}
2025-08-01 10:54:51 request.php - https://vivaherb.amocrm.ru/api/v4/leads/31684629 PATCH 400  {"errors":{"31684629":"Lead not found"},"title":"Bad Request","type":"https://httpstatus.es/400","status":400,"detail":"Invalid request body"}
2025-08-01 10:54:51 store_script.php - 70672 crm - 31684629 END []
2025-08-01 11:54:22 store_script.php - 30509 crm - 27215649 {"order_id":"30509","cdeck_id":"1378035246","crm":"27215649","order_status":"cod"}
2025-08-01 11:54:22 request.php - https://vivaherb.amocrm.ru/api/v4/leads/27215649 PATCH 400  {"errors":{"27215649":"Lead not found"},"title":"Bad Request","type":"https://httpstatus.es/400","status":400,"detail":"Invalid request body"}
2025-08-01 11:54:23 request.php - https://vivaherb.amocrm.ru/api/v4/leads/27215649 PATCH 400  {"errors":{"27215649":"Lead not found"},"title":"Bad Request","type":"https://httpstatus.es/400","status":400,"detail":"Invalid request body"}
2025-08-01 11:54:23 store_script.php - 30509 crm - 27215649 END []
2025-08-01 11:54:23 store_script.php - 30980 crm - 27451493 {"order_id":"30980","cdeck_id":"1384831846","crm":"27451493","order_status":"yookassa_widget"}
2025-08-01 11:54:23 request.php - https://vivaherb.amocrm.ru/api/v4/leads/27451493 PATCH 400  {"errors":{"27451493":"Lead not found"},"title":"Bad Request","type":"https://httpstatus.es/400","status":400,"detail":"Invalid request body"}
2025-08-01 11:54:24 store_script.php - 30980 crm - 27451493 END []
2025-08-01 11:54:24 store_script.php - 31159 crm - 27523369 {"order_id":"31159","cdeck_id":"1388417736","crm":"27523369","order_status":"yookassa_widget"}
2025-08-01 11:54:24 request.php - https://vivaherb.amocrm.ru/api/v4/leads/27523369 PATCH 400  {"errors":{"27523369":"Lead not found"},"title":"Bad Request","type":"https://httpstatus.es/400","status":400,"detail":"Invalid request body"}
2025-08-01 11:54:25 store_script.php - 31159 crm - 27523369 END []
2025-08-01 11:54:25 store_script.php - 31689 crm - 27678093 {"order_id":"31689","cdeck_id":"1394658580","crm":"27678093","order_status":"cod"}
2025-08-01 11:54:25 request.php - https://vivaherb.amocrm.ru/api/v4/leads/27678093 PATCH 400  {"errors":{"27678093":"Lead not found"},"title":"Bad Request","type":"https://httpstatus.es/400","status":400,"detail":"Invalid request body"}
2025-08-01 11:54:25 request.php - https://vivaherb.amocrm.ru/api/v4/leads/27678093 PATCH 400  {"errors":{"27678093":"Lead not found"},"title":"Bad Request","type":"https://httpstatus.es/400","status":400,"detail":"Invalid request body"}
2025-08-01 11:54:26 store_script.php - 31689 crm - 27678093 END []
2025-08-01 11:54:26 store_script.php - 32666 crm - 28043619 {"order_id":"32666","cdeck_id":"1407999796","crm":"28043619","order_status":"yookassa_widget"}
2025-08-01 11:54:26 request.php - https://vivaherb.amocrm.ru/api/v4/leads/28043619 PATCH 400  {"errors":{"28043619":"Lead not found"},"title":"Bad Request","type":"https://httpstatus.es/400","status":400,"detail":"Invalid request body"}
2025-08-01 11:54:27 store_script.php - 32666 crm - 28043619 END []
2025-08-01 11:54:27 store_script.php - 35382 crm - 28949539 {"order_id":"35382","cdeck_id":"1440454117","crm":"28949539","order_status":"yookassa_widget"}
2025-08-01 11:54:27 request.php - https://vivaherb.amocrm.ru/api/v4/leads/28949539 PATCH 400  {"errors":{"28949539":"Lead not found"},"title":"Bad Request","type":"https://httpstatus.es/400","status":400,"detail":"Invalid request body"}
2025-08-01 11:54:27 store_script.php - 35382 crm - 28949539 END []
2025-08-01 11:54:28 store_script.php - 36740 crm - 29177633 {"order_id":"36740","cdeck_id":"1450621353","crm":"29177633","order_status":"yookassa_widget"}
2025-08-01 11:54:28 request.php - https://vivaherb.amocrm.ru/api/v4/leads/29177633 PATCH 400  {"errors":{"29177633":"Lead not found"},"title":"Bad Request","type":"https://httpstatus.es/400","status":400,"detail":"Invalid request body"}
2025-08-01 11:54:28 store_script.php - 36740 crm - 29177633 END []
2025-08-01 11:54:28 store_script.php - 43426 crm - 29759963 {"order_id":"43426","cdeck_id":"1492618495","crm":"29759963","order_status":"cod"}
2025-08-01 11:54:29 request.php - https://vivaherb.amocrm.ru/api/v4/leads/29759963 PATCH 400  {"errors":{"29759963":"Lead not found"},"title":"Bad Request","type":"https://httpstatus.es/400","status":400,"detail":"Invalid request body"}
2025-08-01 11:54:29 request.php - https://vivaherb.amocrm.ru/api/v4/leads/29759963 PATCH 400  {"errors":{"29759963":"Lead not found"},"title":"Bad Request","type":"https://httpstatus.es/400","status":400,"detail":"Invalid request body"}
2025-08-01 11:54:29 store_script.php - 43426 crm - 29759963 END []
2025-08-01 11:54:29 store_script.php - 55743 crm - 30571295 {"order_id":"55743","cdeck_id":"10011353606","crm":"30571295","order_status":"cod"}
2025-08-01 11:54:30 request.php - https://vivaherb.amocrm.ru/api/v4/leads/30571295 PATCH 400  {"errors":{"30571295":"Lead not found"},"title":"Bad Request","type":"https://httpstatus.es/400","status":400,"detail":"Invalid request body"}
2025-08-01 11:54:30 request.php - https://vivaherb.amocrm.ru/api/v4/leads/30571295 PATCH 400  {"errors":{"30571295":"Lead not found"},"title":"Bad Request","type":"https://httpstatus.es/400","status":400,"detail":"Invalid request body"}
2025-08-01 11:54:30 store_script.php - 55743 crm - 30571295 END []
2025-08-01 11:54:30 store_script.php - 56020 crm - 30580597 {"order_id":"56020","cdeck_id":"10012192492","crm":"30580597","order_status":"intellectmoney"}
2025-08-01 11:54:31 request.php - https://vivaherb.amocrm.ru/api/v4/leads/30580597 PATCH 400  {"errors":{"30580597":"Lead not found"},"title":"Bad Request","type":"https://httpstatus.es/400","status":400,"detail":"Invalid request body"}
2025-08-01 11:54:31 store_script.php - 56020 crm - 30580597 END []
2025-08-01 11:54:31 store_script.php - 58805 crm - 30699429 {"order_id":"58805","cdeck_id":"10024732090","crm":"30699429","order_status":"yookassa_widget"}
2025-08-01 11:54:31 request.php - https://vivaherb.amocrm.ru/api/v4/leads/30699429 PATCH 400  {"errors":{"30699429":"Lead not found"},"title":"Bad Request","type":"https://httpstatus.es/400","status":400,"detail":"Invalid request body"}
2025-08-01 11:54:32 store_script.php - 58805 crm - 30699429 END []
2025-08-01 11:54:32 store_script.php - 58825 crm - 30700377 {"order_id":"58825","cdeck_id":"10024878326","crm":"30700377","order_status":"yookassa_widget"}
2025-08-01 11:54:32 request.php - https://vivaherb.amocrm.ru/api/v4/leads/30700377 PATCH 400  {"errors":{"30700377":"Lead not found"},"title":"Bad Request","type":"https://httpstatus.es/400","status":400,"detail":"Invalid request body"}
2025-08-01 11:54:32 store_script.php - 58825 crm - 30700377 END []
2025-08-01 11:54:32 store_script.php - 58891 crm - 30702185 {"order_id":"58891","cdeck_id":"10025084375","crm":"30702185","order_status":"yookassa_widget"}
2025-08-01 11:54:33 request.php - https://vivaherb.amocrm.ru/api/v4/leads/30702185 PATCH 400  {"errors":{"30702185":"Lead not found"},"title":"Bad Request","type":"https://httpstatus.es/400","status":400,"detail":"Invalid request body"}
2025-08-01 11:54:33 store_script.php - 58891 crm - 30702185 END []
2025-08-01 11:54:33 store_script.php - 59176 crm - 30706013 {"order_id":"59176","cdeck_id":"10025584176","crm":"30706013","order_status":"yookassa_widget"}
2025-08-01 11:54:33 request.php - https://vivaherb.amocrm.ru/api/v4/leads/30706013 PATCH 400  {"errors":{"30706013":"Lead not found"},"title":"Bad Request","type":"https://httpstatus.es/400","status":400,"detail":"Invalid request body"}
2025-08-01 11:54:34 store_script.php - 59176 crm - 30706013 END []
2025-08-01 11:54:34 store_script.php - 59181 crm - 30706069 {"order_id":"59181","cdeck_id":"10025587928","crm":"30706069","order_status":"yookassa_widget"}
2025-08-01 11:54:34 request.php - https://vivaherb.amocrm.ru/api/v4/leads/30706069 PATCH 400  {"errors":{"30706069":"Lead not found"},"title":"Bad Request","type":"https://httpstatus.es/400","status":400,"detail":"Invalid request body"}
2025-08-01 11:54:34 store_script.php - 59181 crm - 30706069 END []
2025-08-01 11:54:34 store_script.php - 59187 crm - 30706147 {"order_id":"59187","cdeck_id":"10025595773","crm":"30706147","order_status":"yookassa_widget"}
2025-08-01 11:54:35 request.php - https://vivaherb.amocrm.ru/api/v4/leads/30706147 PATCH 400  {"errors":{"30706147":"Lead not found"},"title":"Bad Request","type":"https://httpstatus.es/400","status":400,"detail":"Invalid request body"}
2025-08-01 11:54:35 store_script.php - 59187 crm - 30706147 END []
2025-08-01 11:54:35 store_script.php - 59188 crm - 30706175 {"order_id":"59188","cdeck_id":"10025597779","crm":"30706175","order_status":"yookassa_widget"}
2025-08-01 11:54:35 request.php - https://vivaherb.amocrm.ru/api/v4/leads/30706175 PATCH 400  {"errors":{"30706175":"Lead not found"},"title":"Bad Request","type":"https://httpstatus.es/400","status":400,"detail":"Invalid request body"}
2025-08-01 11:54:36 store_script.php - 59188 crm - 30706175 END []
2025-08-01 11:54:36 store_script.php - 61931 crm - 30957731 {"order_id":"61931","cdeck_id":"10044840842","crm":"30957731","order_status":"yookassa_widget"}
2025-08-01 11:54:36 request.php - https://vivaherb.amocrm.ru/api/v4/leads/30957731 PATCH 400  {"errors":{"30957731":"Lead not found"},"title":"Bad Request","type":"https://httpstatus.es/400","status":400,"detail":"Invalid request body"}
2025-08-01 11:54:37 store_script.php - 61931 crm - 30957731 END []
2025-08-01 11:54:38 store_script.php - 64064 crm - 31115305 {"order_id":"64064","cdeck_id":"10067371813","crm":"31115305","order_status":"yookassa_widget"}
2025-08-01 11:54:38 request.php - https://vivaherb.amocrm.ru/api/v4/leads/31115305 PATCH 400  {"errors":{"31115305":"Lead not found"},"title":"Bad Request","type":"https://httpstatus.es/400","status":400,"detail":"Invalid request body"}
2025-08-01 11:54:38 store_script.php - 64064 crm - 31115305 END []
2025-08-01 11:54:38 store_script.php - 64110 crm - 31117287 {"order_id":"64110","cdeck_id":"10067760566","crm":"31117287","order_status":"yookassa_widget"}
2025-08-01 11:54:39 request.php - https://vivaherb.amocrm.ru/api/v4/leads/31117287 PATCH 400  {"errors":{"31117287":"Lead not found"},"title":"Bad Request","type":"https://httpstatus.es/400","status":400,"detail":"Invalid request body"}
2025-08-01 11:54:39 store_script.php - 64110 crm - 31117287 END []
2025-08-01 11:54:39 store_script.php - 64904 crm - 31188065 {"order_id":"64904","cdeck_id":"10075009440","crm":"31188065","order_status":"yookassa_widget"}
2025-08-01 11:54:39 request.php - https://vivaherb.amocrm.ru/api/v4/leads/31188065 PATCH 400  {"errors":{"31188065":"Lead not found"},"title":"Bad Request","type":"https://httpstatus.es/400","status":400,"detail":"Invalid request body"}
2025-08-01 11:54:40 store_script.php - 64904 crm - 31188065 END []
2025-08-01 11:54:40 store_script.php - 66655 crm - 31331987 {"order_id":"66655","cdeck_id":"10093681196","crm":"31331987","order_status":"yookassa_widget"}
2025-08-01 11:54:40 request.php - https://vivaherb.amocrm.ru/api/v4/leads/31331987 PATCH 400  {"errors":{"31331987":"Lead not found"},"title":"Bad Request","type":"https://httpstatus.es/400","status":400,"detail":"Invalid request body"}
2025-08-01 11:54:41 store_script.php - 66655 crm - 31331987 END []
2025-08-01 11:54:41 store_script.php - 66657 crm - 31332069 {"order_id":"66657","cdeck_id":"10093687362","crm":"31332069","order_status":"yookassa_widget"}
2025-08-01 11:54:41 request.php - https://vivaherb.amocrm.ru/api/v4/leads/31332069 PATCH 400  {"errors":{"31332069":"Lead not found"},"title":"Bad Request","type":"https://httpstatus.es/400","status":400,"detail":"Invalid request body"}
2025-08-01 11:54:41 store_script.php - 66657 crm - 31332069 END []
2025-08-01 11:54:41 store_script.php - 66765 crm - 31341715 {"order_id":"66765","cdeck_id":"10095118494","crm":"31341715","order_status":"cod"}
2025-08-01 11:54:42 request.php - https://vivaherb.amocrm.ru/api/v4/leads/31341715 PATCH 400  {"errors":{"31341715":"Lead not found"},"title":"Bad Request","type":"https://httpstatus.es/400","status":400,"detail":"Invalid request body"}
2025-08-01 11:54:42 request.php - https://vivaherb.amocrm.ru/api/v4/leads/31341715 PATCH 400  {"errors":{"31341715":"Lead not found"},"title":"Bad Request","type":"https://httpstatus.es/400","status":400,"detail":"Invalid request body"}
2025-08-01 11:54:42 store_script.php - 66765 crm - 31341715 END []
2025-08-01 11:54:43 store_script.php - 67842 crm - 31420031 {"order_id":"67842","cdeck_id":"10105128997","crm":"31420031","order_status":"yookassa_widget"}
2025-08-01 11:54:43 request.php - https://vivaherb.amocrm.ru/api/v4/leads/31420031 PATCH 400  {"errors":{"31420031":"Lead not found"},"title":"Bad Request","type":"https://httpstatus.es/400","status":400,"detail":"Invalid request body"}
2025-08-01 11:54:43 store_script.php - 67842 crm - 31420031 END []
2025-08-01 11:54:53 store_script.php - 70672 crm - 31684629 {"order_id":"70672","cdeck_id":"10137210974","crm":"31684629","order_status":"yookassa_widget"}
2025-08-01 11:54:53 request.php - https://vivaherb.amocrm.ru/api/v4/leads/31684629 PATCH 400  {"errors":{"31684629":"Lead not found"},"title":"Bad Request","type":"https://httpstatus.es/400","status":400,"detail":"Invalid request body"}
2025-08-01 11:54:53 store_script.php - 70672 crm - 31684629 END []
2025-08-01 12:00:03 token refresh []
2025-08-01 12:54:06 store_script.php - 30509 crm - 27215649 {"order_id":"30509","cdeck_id":"1378035246","crm":"27215649","order_status":"cod"}
2025-08-01 12:54:07 request.php - https://vivaherb.amocrm.ru/api/v4/leads/27215649 PATCH 400  {"errors":{"27215649":"Lead not found"},"title":"Bad Request","type":"https://httpstatus.es/400","status":400,"detail":"Invalid request body"}
2025-08-01 12:54:07 request.php - https://vivaherb.amocrm.ru/api/v4/leads/27215649 PATCH 400  {"errors":{"27215649":"Lead not found"},"title":"Bad Request","type":"https://httpstatus.es/400","status":400,"detail":"Invalid request body"}
2025-08-01 12:54:08 store_script.php - 30509 crm - 27215649 END []
2025-08-01 12:54:08 store_script.php - 30980 crm - 27451493 {"order_id":"30980","cdeck_id":"1384831846","crm":"27451493","order_status":"yookassa_widget"}
2025-08-01 12:54:09 request.php - https://vivaherb.amocrm.ru/api/v4/leads/27451493 PATCH 400  {"errors":{"27451493":"Lead not found"},"title":"Bad Request","type":"https://httpstatus.es/400","status":400,"detail":"Invalid request body"}
2025-08-01 12:54:09 store_script.php - 30980 crm - 27451493 END []
2025-08-01 12:54:09 store_script.php - 31159 crm - 27523369 {"order_id":"31159","cdeck_id":"1388417736","crm":"27523369","order_status":"yookassa_widget"}
2025-08-01 12:54:10 request.php - https://vivaherb.amocrm.ru/api/v4/leads/27523369 PATCH 400  {"errors":{"27523369":"Lead not found"},"title":"Bad Request","type":"https://httpstatus.es/400","status":400,"detail":"Invalid request body"}
2025-08-01 12:54:10 store_script.php - 31159 crm - 27523369 END []
2025-08-01 12:54:11 store_script.php - 31689 crm - 27678093 {"order_id":"31689","cdeck_id":"1394658580","crm":"27678093","order_status":"cod"}
2025-08-01 12:54:11 request.php - https://vivaherb.amocrm.ru/api/v4/leads/27678093 PATCH 400  {"errors":{"27678093":"Lead not found"},"title":"Bad Request","type":"https://httpstatus.es/400","status":400,"detail":"Invalid request body"}
2025-08-01 12:54:12 request.php - https://vivaherb.amocrm.ru/api/v4/leads/27678093 PATCH 400  {"errors":{"27678093":"Lead not found"},"title":"Bad Request","type":"https://httpstatus.es/400","status":400,"detail":"Invalid request body"}
2025-08-01 12:54:12 store_script.php - 31689 crm - 27678093 END []
2025-08-01 12:54:12 store_script.php - 32666 crm - 28043619 {"order_id":"32666","cdeck_id":"1407999796","crm":"28043619","order_status":"yookassa_widget"}
2025-08-01 12:54:12 request.php - https://vivaherb.amocrm.ru/api/v4/leads/28043619 PATCH 400  {"errors":{"28043619":"Lead not found"},"title":"Bad Request","type":"https://httpstatus.es/400","status":400,"detail":"Invalid request body"}
2025-08-01 12:54:13 store_script.php - 32666 crm - 28043619 END []
2025-08-01 12:54:13 store_script.php - 35382 crm - 28949539 {"order_id":"35382","cdeck_id":"1440454117","crm":"28949539","order_status":"yookassa_widget"}
2025-08-01 12:54:14 request.php - https://vivaherb.amocrm.ru/api/v4/leads/28949539 PATCH 400  {"errors":{"28949539":"Lead not found"},"title":"Bad Request","type":"https://httpstatus.es/400","status":400,"detail":"Invalid request body"}
2025-08-01 12:54:14 store_script.php - 35382 crm - 28949539 END []
2025-08-01 12:54:14 store_script.php - 36740 crm - 29177633 {"order_id":"36740","cdeck_id":"1450621353","crm":"29177633","order_status":"yookassa_widget"}
2025-08-01 12:54:15 request.php - https://vivaherb.amocrm.ru/api/v4/leads/29177633 PATCH 400  {"errors":{"29177633":"Lead not found"},"title":"Bad Request","type":"https://httpstatus.es/400","status":400,"detail":"Invalid request body"}
2025-08-01 12:54:15 store_script.php - 36740 crm - 29177633 END []
2025-08-01 12:54:16 store_script.php - 43426 crm - 29759963 {"order_id":"43426","cdeck_id":"1492618495","crm":"29759963","order_status":"cod"}
2025-08-01 12:54:16 request.php - https://vivaherb.amocrm.ru/api/v4/leads/29759963 PATCH 400  {"errors":{"29759963":"Lead not found"},"title":"Bad Request","type":"https://httpstatus.es/400","status":400,"detail":"Invalid request body"}
2025-08-01 12:54:17 request.php - https://vivaherb.amocrm.ru/api/v4/leads/29759963 PATCH 400  {"errors":{"29759963":"Lead not found"},"title":"Bad Request","type":"https://httpstatus.es/400","status":400,"detail":"Invalid request body"}
2025-08-01 12:54:17 store_script.php - 43426 crm - 29759963 END []
2025-08-01 12:54:17 store_script.php - 55743 crm - 30571295 {"order_id":"55743","cdeck_id":"10011353606","crm":"30571295","order_status":"cod"}
2025-08-01 12:54:18 request.php - https://vivaherb.amocrm.ru/api/v4/leads/30571295 PATCH 400  {"errors":{"30571295":"Lead not found"},"title":"Bad Request","type":"https://httpstatus.es/400","status":400,"detail":"Invalid request body"}
2025-08-01 12:54:18 request.php - https://vivaherb.amocrm.ru/api/v4/leads/30571295 PATCH 400  {"errors":{"30571295":"Lead not found"},"title":"Bad Request","type":"https://httpstatus.es/400","status":400,"detail":"Invalid request body"}
2025-08-01 12:54:18 store_script.php - 55743 crm - 30571295 END []
2025-08-01 12:54:18 store_script.php - 56020 crm - 30580597 {"order_id":"56020","cdeck_id":"10012192492","crm":"30580597","order_status":"intellectmoney"}
2025-08-01 12:54:19 request.php - https://vivaherb.amocrm.ru/api/v4/leads/30580597 PATCH 400  {"errors":{"30580597":"Lead not found"},"title":"Bad Request","type":"https://httpstatus.es/400","status":400,"detail":"Invalid request body"}
2025-08-01 12:54:19 store_script.php - 56020 crm - 30580597 END []
2025-08-01 12:54:19 store_script.php - 58805 crm - 30699429 {"order_id":"58805","cdeck_id":"10024732090","crm":"30699429","order_status":"yookassa_widget"}
2025-08-01 12:54:20 request.php - https://vivaherb.amocrm.ru/api/v4/leads/30699429 PATCH 400  {"errors":{"30699429":"Lead not found"},"title":"Bad Request","type":"https://httpstatus.es/400","status":400,"detail":"Invalid request body"}
2025-08-01 12:54:20 store_script.php - 58805 crm - 30699429 END []
2025-08-01 12:54:20 store_script.php - 58825 crm - 30700377 {"order_id":"58825","cdeck_id":"10024878326","crm":"30700377","order_status":"yookassa_widget"}
2025-08-01 12:54:20 request.php - https://vivaherb.amocrm.ru/api/v4/leads/30700377 PATCH 400  {"errors":{"30700377":"Lead not found"},"title":"Bad Request","type":"https://httpstatus.es/400","status":400,"detail":"Invalid request body"}
2025-08-01 12:54:21 store_script.php - 58825 crm - 30700377 END []
2025-08-01 12:54:21 store_script.php - 58891 crm - 30702185 {"order_id":"58891","cdeck_id":"10025084375","crm":"30702185","order_status":"yookassa_widget"}
2025-08-01 12:54:21 request.php - https://vivaherb.amocrm.ru/api/v4/leads/30702185 PATCH 400  {"errors":{"30702185":"Lead not found"},"title":"Bad Request","type":"https://httpstatus.es/400","status":400,"detail":"Invalid request body"}
2025-08-01 12:54:21 store_script.php - 58891 crm - 30702185 END []
2025-08-01 12:54:22 store_script.php - 59176 crm - 30706013 {"order_id":"59176","cdeck_id":"10025584176","crm":"30706013","order_status":"yookassa_widget"}
2025-08-01 12:54:22 request.php - https://vivaherb.amocrm.ru/api/v4/leads/30706013 PATCH 400  {"errors":{"30706013":"Lead not found"},"title":"Bad Request","type":"https://httpstatus.es/400","status":400,"detail":"Invalid request body"}
2025-08-01 12:54:22 store_script.php - 59176 crm - 30706013 END []
2025-08-01 12:54:22 store_script.php - 59181 crm - 30706069 {"order_id":"59181","cdeck_id":"10025587928","crm":"30706069","order_status":"yookassa_widget"}
2025-08-01 12:54:23 request.php - https://vivaherb.amocrm.ru/api/v4/leads/30706069 PATCH 400  {"errors":{"30706069":"Lead not found"},"title":"Bad Request","type":"https://httpstatus.es/400","status":400,"detail":"Invalid request body"}
2025-08-01 12:54:23 store_script.php - 59181 crm - 30706069 END []
2025-08-01 12:54:23 store_script.php - 59187 crm - 30706147 {"order_id":"59187","cdeck_id":"10025595773","crm":"30706147","order_status":"yookassa_widget"}
2025-08-01 12:54:23 request.php - https://vivaherb.amocrm.ru/api/v4/leads/30706147 PATCH 400  {"errors":{"30706147":"Lead not found"},"title":"Bad Request","type":"https://httpstatus.es/400","status":400,"detail":"Invalid request body"}
2025-08-01 12:54:24 store_script.php - 59187 crm - 30706147 END []
2025-08-01 12:54:24 store_script.php - 59188 crm - 30706175 {"order_id":"59188","cdeck_id":"10025597779","crm":"30706175","order_status":"yookassa_widget"}
2025-08-01 12:54:24 request.php - https://vivaherb.amocrm.ru/api/v4/leads/30706175 PATCH 400  {"errors":{"30706175":"Lead not found"},"title":"Bad Request","type":"https://httpstatus.es/400","status":400,"detail":"Invalid request body"}
2025-08-01 12:54:24 store_script.php - 59188 crm - 30706175 END []
2025-08-01 12:54:25 store_script.php - 61931 crm - 30957731 {"order_id":"61931","cdeck_id":"10044840842","crm":"30957731","order_status":"yookassa_widget"}
2025-08-01 12:54:25 request.php - https://vivaherb.amocrm.ru/api/v4/leads/30957731 PATCH 400  {"errors":{"30957731":"Lead not found"},"title":"Bad Request","type":"https://httpstatus.es/400","status":400,"detail":"Invalid request body"}
2025-08-01 12:54:26 store_script.php - 61931 crm - 30957731 END []
2025-08-01 12:54:26 store_script.php - 64064 crm - 31115305 {"order_id":"64064","cdeck_id":"10067371813","crm":"31115305","order_status":"yookassa_widget"}
2025-08-01 12:54:27 request.php - https://vivaherb.amocrm.ru/api/v4/leads/31115305 PATCH 400  {"errors":{"31115305":"Lead not found"},"title":"Bad Request","type":"https://httpstatus.es/400","status":400,"detail":"Invalid request body"}
2025-08-01 12:54:27 store_script.php - 64064 crm - 31115305 END []
2025-08-01 12:54:27 store_script.php - 64110 crm - 31117287 {"order_id":"64110","cdeck_id":"10067760566","crm":"31117287","order_status":"yookassa_widget"}
2025-08-01 12:54:27 request.php - https://vivaherb.amocrm.ru/api/v4/leads/31117287 PATCH 400  {"errors":{"31117287":"Lead not found"},"title":"Bad Request","type":"https://httpstatus.es/400","status":400,"detail":"Invalid request body"}
2025-08-01 12:54:28 store_script.php - 64110 crm - 31117287 END []
2025-08-01 12:54:28 store_script.php - 64904 crm - 31188065 {"order_id":"64904","cdeck_id":"10075009440","crm":"31188065","order_status":"yookassa_widget"}
2025-08-01 12:54:28 request.php - https://vivaherb.amocrm.ru/api/v4/leads/31188065 PATCH 400  {"errors":{"31188065":"Lead not found"},"title":"Bad Request","type":"https://httpstatus.es/400","status":400,"detail":"Invalid request body"}
2025-08-01 12:54:28 store_script.php - 64904 crm - 31188065 END []
2025-08-01 12:54:29 store_script.php - 66655 crm - 31331987 {"order_id":"66655","cdeck_id":"10093681196","crm":"31331987","order_status":"yookassa_widget"}
2025-08-01 12:54:29 request.php - https://vivaherb.amocrm.ru/api/v4/leads/31331987 PATCH 400  {"errors":{"31331987":"Lead not found"},"title":"Bad Request","type":"https://httpstatus.es/400","status":400,"detail":"Invalid request body"}
2025-08-01 12:54:29 store_script.php - 66655 crm - 31331987 END []
2025-08-01 12:54:29 store_script.php - 66657 crm - 31332069 {"order_id":"66657","cdeck_id":"10093687362","crm":"31332069","order_status":"yookassa_widget"}
2025-08-01 12:54:30 request.php - https://vivaherb.amocrm.ru/api/v4/leads/31332069 PATCH 400  {"errors":{"31332069":"Lead not found"},"title":"Bad Request","type":"https://httpstatus.es/400","status":400,"detail":"Invalid request body"}
2025-08-01 12:54:30 store_script.php - 66657 crm - 31332069 END []
2025-08-01 12:54:30 store_script.php - 66765 crm - 31341715 {"order_id":"66765","cdeck_id":"10095118494","crm":"31341715","order_status":"cod"}
2025-08-01 12:54:30 request.php - https://vivaherb.amocrm.ru/api/v4/leads/31341715 PATCH 400  {"errors":{"31341715":"Lead not found"},"title":"Bad Request","type":"https://httpstatus.es/400","status":400,"detail":"Invalid request body"}
2025-08-01 12:54:31 request.php - https://vivaherb.amocrm.ru/api/v4/leads/31341715 PATCH 400  {"errors":{"31341715":"Lead not found"},"title":"Bad Request","type":"https://httpstatus.es/400","status":400,"detail":"Invalid request body"}
2025-08-01 12:54:31 store_script.php - 66765 crm - 31341715 END []
2025-08-01 12:54:31 store_script.php - 67842 crm - 31420031 {"order_id":"67842","cdeck_id":"10105128997","crm":"31420031","order_status":"yookassa_widget"}
2025-08-01 12:54:32 request.php - https://vivaherb.amocrm.ru/api/v4/leads/31420031 PATCH 400  {"errors":{"31420031":"Lead not found"},"title":"Bad Request","type":"https://httpstatus.es/400","status":400,"detail":"Invalid request body"}
2025-08-01 12:54:32 store_script.php - 67842 crm - 31420031 END []
2025-08-01 12:54:41 store_script.php - 70672 crm - 31684629 {"order_id":"70672","cdeck_id":"10137210974","crm":"31684629","order_status":"yookassa_widget"}
2025-08-01 12:54:41 request.php - https://vivaherb.amocrm.ru/api/v4/leads/31684629 PATCH 400  {"errors":{"31684629":"Lead not found"},"title":"Bad Request","type":"https://httpstatus.es/400","status":400,"detail":"Invalid request body"}
2025-08-01 12:54:42 store_script.php - 70672 crm - 31684629 END []
2025-08-01 13:16:30 store_script.php - 71194 crm - 31745495 {"order_id":"71194","cdeck_id":"10144337899","crm":"31745495","order_status":"intellectmoney"}
2025-08-01 13:16:31 store_script.php - 71194 crm - 31745495 END []
2025-08-01 13:16:32 input data from webhook {"leads":{"status":[{"id":"31745495","status_id":"30471025","pipeline_id":"2139079","old_status_id":"30471022","old_pipeline_id":"2139079"}]},"account":{"id":"28662106","subdomain":"vivaherb"}}
2025-08-01 13:16:32 request to me https://vivaherb.ru/support/amo_mystore/scripts/amo_ms_export-order.php {"id":"31745495","status_id":"30471025"}
2025-08-01 13:16:32 input data from webhook {"id":"31745495","status_id":"30471025"}
2025-08-01 13:16:32 request to me id 31745495 "31745495"
2025-08-01 13:16:32 request to me successStatusArray Array ["30471025","44583808"]
2025-08-01 13:16:34 connect amo and myStore data "45139277"
2025-08-01 13:16:34 order data {"lead":{"id":31745495,"name":"Заказ VivaHerb от Дмитрий Платонов","price":3301,"responsible_user_id":8670562,"group_id":0,"status_id":30471025,"pipeline_id":2139079,"loss_reason_id":null,"created_by":0,"updated_by":0,"created_at":1754043282,"updated_at":1754043391,"closed_at":null,"closest_task_at":null,"is_deleted":false,"custom_fields_values":[{"field_id":164511,"field_name":"ORDER_ID","field_code":null,"field_type":"textarea","values":[{"v
2025-08-01 13:16:35 myStore product data {"context":{"employee":{"meta":{"href":"https://api.moysklad.ru/api/remap/1.2/context/employee","metadataHref":"https://api.moysklad.ru/api/remap/1.2/entity/employee/metadata","type":"employee","mediaType":"application/json"}}},"meta":{"href":"https://api.moysklad.ru/api/remap/1.2/entity/product?filter=article=4627201556417","type":"product","mediaType":"application/json","size":1,"limit":1000,"offset":0},"rows":[{"meta":{"href":"https://api.moysklad.ru/a
2025-08-01 13:16:35 myStore product data {"context":{"employee":{"meta":{"href":"https://api.moysklad.ru/api/remap/1.2/context/employee","metadataHref":"https://api.moysklad.ru/api/remap/1.2/entity/employee/metadata","type":"employee","mediaType":"application/json"}}},"meta":{"href":"https://api.moysklad.ru/api/remap/1.2/entity/service?filter=code=4687203150879","type":"service","mediaType":"application/json","size":1,"limit":1000,"offset":0},"rows":[{"meta":{"href":"https://api.moysklad.ru/api/
2025-08-01 13:16:35 connect amo and myStore data "Розничный покупатель"
2025-08-01 13:16:35 find customer in myStore {"context":{"employee":{"meta":{"href":"https://api.moysklad.ru/api/remap/1.2/context/employee","metadataHref":"https://api.moysklad.ru/api/remap/1.2/entity/employee/metadata","type":"employee","mediaType":"application/json"}}},"meta":{"href":"https://api.moysklad.ru/api/remap/1.2/entity/counterparty?filter=name=%D0%A0%D0%BE%D0%B7%D0%BD%D0%B8%D1%87%D0%BD%D1%8B%D0%B9+%D0%BF%D0%BE%D0%BA%D1%83%D0%BF%D0%B0%D1%82%D0%B5%D0%BB%D1%8C","type":"counterparty","m
2025-08-01 13:16:35 connect amo and myStore data "https://vivaherb.amocrm.ru/leads/detail/31745495"
2025-08-01 13:16:35 connect amo and myStore data "31745495"
2025-08-01 13:16:35 connect amo and myStore data {"meta":{"href":"https://api.moysklad.ru/api/remap/1.2/entity/customentity/f3b26dbe-f323-11ed-0a80-079f0039c17d/1167751a-f324-11ed-0a80-02e0003ae084","metadataHref":"https://api.moysklad.ru/api/remap/1.2/context/companysettings/metadata/customEntities/f3b26dbe-f323-11ed-0a80-079f0039c17d","type":"customentity","mediaType":"application/json","uuidHref":"https://online.moysklad.ru/app/#custom_f3b26dbe-f323-11ed-0a80-079f0039c17d/edit?id=1167751a-f32
2025-08-01 13:16:35 connect amo and myStore data "Оплата через СБП"
2025-08-01 13:16:35 connect amo and myStore data "+79200010203"
2025-08-01 13:16:35 connect amo and myStore data {"postalCode":"603070","country":{"meta":{"href":"https://api.moysklad.ru/api/remap/1.2/entity/country/9df7c2c3-7782-4c5c-a8ed-1102af611608","metadataHref":"https://api.moysklad.ru/api/remap/1.2/entity/country/metadata","type":"country","mediaType":"application/json","uuidHref":"https://online.moysklad.ru/app/#country/edit?id=9df7c2c3-7782-4c5c-a8ed-1102af611608"},"id":"9df7c2c3-7782-4c5c-a8ed-1102af611608","updated":"2012-11-02 12:04:14.054","nam
2025-08-01 13:16:35 connect amo and myStore data "10144337899"
2025-08-01 13:16:35 connect amo and myStore data "0"
2025-08-01 13:16:35 connect amo and myStore data {"meta":{"href":"https://api.moysklad.ru/api/remap/1.2/entity/store/86afd9b6-f87d-11ed-0a80-0e2e002ec499","metadataHref":"https://api.moysklad.ru/api/remap/1.2/entity/store/metadata","type":"store","mediaType":"application/json","uuidHref":"https://online.moysklad.ru/app/#warehouse/edit?id=86afd9b6-f87d-11ed-0a80-0e2e002ec499"}}
2025-08-01 13:16:35 connect amo and myStore data {"meta":{"href":"https://api.moysklad.ru/api/remap/1.2/entity/project/5a0b3e18-e244-11ec-0a80-083900059d82","metadataHref":"https://api.moysklad.ru/api/remap/1.2/entity/project/metadata","type":"project","mediaType":"application/json","uuidHref":"https://online.moysklad.ru/app/#project/edit?id=5a0b3e18-e244-11ec-0a80-083900059d82"}}
2025-08-01 13:16:35 connect amo and myStore data "Дмитрий Платонов"
2025-08-01 13:16:35 data for order creation {"attributes":[{"meta":{"href":"https://api.moysklad.ru/api/remap/1.2/entity/customerorder/metadata/attributes/f35f3cd6-f8b8-11ed-0a80-026c003acc8d","type":"attributemetadata","mediaType":"application/json"},"value":"https://vivaherb.amocrm.ru/leads/detail/31745495"},{"meta":{"href":"https://api.moysklad.ru/api/remap/1.2/entity/customerorder/metadata/attributes/5d2b3641-f88c-11ed-0a80-030300324bbf","type":"attributemetadata","mediaType":"application/js
2025-08-01 13:16:36 create new order {"meta":{"href":"https://api.moysklad.ru/api/remap/1.2/entity/customerorder/9ae3f404-6ec0-11f0-0a80-18d80016c05f","metadataHref":"https://api.moysklad.ru/api/remap/1.2/entity/customerorder/metadata","type":"customerorder","mediaType":"application/json","uuidHref":"https://online.moysklad.ru/app/#customerorder/edit?id=9ae3f404-6ec0-11f0-0a80-18d80016c05f"},"id":"9ae3f404-6ec0-11f0-0a80-18d80016c05f","accountId":"dc992fd7-e243-11ec-0a80-058e0000294e","owner":{"
2025-08-01 13:16:37 paymentInPrice 3301
2025-08-01 13:16:37 newPaymentIn {"meta":{"href":"https://api.moysklad.ru/api/remap/1.2/entity/paymentin/9bb96de3-6ec0-11f0-0a80-141b0017a918","metadataHref":"https://api.moysklad.ru/api/remap/1.2/entity/paymentin/metadata","type":"paymentin","mediaType":"application/json","uuidHref":"https://online.moysklad.ru/app/#paymentin/edit?id=9bb96de3-6ec0-11f0-0a80-141b0017a918"},"id":"9bb96de3-6ec0-11f0-0a80-141b0017a918","accountId":"dc992fd7-e243-11ec-0a80-058e0000294e","owner":{"meta":{"href":"https
2025-08-01 13:16:37 OK ["OK"]
2025-08-01 13:27:20 script 3 - input data from webhook {"id":"9ae3f404-6ec0-11f0-0a80-18d80016c05f","type":"CustomerOrder","requestId":"ae2dc6e3-ce1f-40d7-a5b5-7e58e03127de"}
2025-08-01 13:27:20 script 3 - request to me https://vivaherb.ru/support/amo_mystore/scripts/amo_ms_order-sent.php?id=9ae3f404-6ec0-11f0-0a80-18d80016c05f&type=CustomerOrder&requestId=ae2dc6e3-ce1f-40d7-a5b5-7e58e03127de {"id":"9ae3f404-6ec0-11f0-0a80-18d80016c05f","status_id":"sent"}
2025-08-01 13:27:20 script 3 - input data from webhook {"id":"9ae3f404-6ec0-11f0-0a80-18d80016c05f","status_id":"sent"}
2025-08-01 13:27:20 script 3 - change status in Amo order [{"Тип запроса":"contacts","Сущность в Амо":"lead","Наименование поля в Амо":"id контакта","Имя или id поля в Амо":"_embedded.contacts.0.id"},{"Тип запроса":"counterparty","Сущность в Амо":"contacts","Сущность в МойСклад":"Имя контрагента","Имя или id поля в МойСклад":"name","Префикс":"Рознич
2025-08-01 13:27:20 script 3 - change status in Amo order [{"Воронка":"VivaHerb","id воронки":"2139079","Поле сделки":"Способ оплаты","id поля сделки":"421383","Значение поля сделки":"Оплата при получении","id значения поля сделки":"598425","Поменять на статус":"Наложки отправлены","Поменять на статус (id статуса)":"31303804"},{"Воронк�
2025-08-01 13:27:20 script 3 - find order in myStore {"meta":{"href":"https://api.moysklad.ru/api/remap/1.2/entity/customerorder/9ae3f404-6ec0-11f0-0a80-18d80016c05f","metadataHref":"https://api.moysklad.ru/api/remap/1.2/entity/customerorder/metadata","type":"customerorder","mediaType":"application/json","uuidHref":"https://online.moysklad.ru/app/#customerorder/edit?id=9ae3f404-6ec0-11f0-0a80-18d80016c05f"},"id":"9ae3f404-6ec0-11f0-0a80-18d80016c05f","accountId":"dc992fd7-e243-11ec-0a80-058e0000
2025-08-01 13:27:20 script 3 - find track "10144337899"
2025-08-01 13:27:20 script 3 - find CRM order {"id":31745495,"name":"Заказ VivaHerb от Дмитрий Платонов","price":3301,"responsible_user_id":8670562,"group_id":0,"status_id":30471025,"pipeline_id":2139079,"loss_reason_id":null,"created_by":0,"updated_by":0,"created_at":1754043282,"updated_at":1754043396,"closed_at":null,"closest_task_at":null,"is_deleted":false,"custom_fields_values":[{"field_id":164511,"field_name":"ORDER_ID","field_code":null,"field_type":"textarea","value
2025-08-01 13:27:20 script 3 - get status 728957
2025-08-01 13:27:20 script 3 - get status 728957
2025-08-01 13:27:20 script 3 - set status "142"
2025-08-01 13:27:21 script 3 - push track number to Amo order {"id":31745495,"updated_at":1754043396,"_links":{"self":{"href":"https://vivaherb.amocrm.ru/api/v4/leads/31745495"}}}
2025-08-01 13:27:22 script 3 - change status in Amo order {"id":31745495,"updated_at":1754044042,"_links":{"self":{"href":"https://vivaherb.amocrm.ru/api/v4/leads/31745495"}}}
2025-08-01 13:44:50 store_script.php - 71196 crm - 31745593 {"order_id":"71196","cdeck_id":"10144353181","crm":"31745593","order_status":"yookassa_widget"}
2025-08-01 13:44:51 store_script.php - 71196 crm - 31745593 END []
2025-08-01 13:44:52 input data from webhook {"leads":{"status":[{"id":"31745593","status_id":"30471025","pipeline_id":"2139079","old_status_id":"30471022","old_pipeline_id":"2139079"}]},"account":{"id":"28662106","subdomain":"vivaherb"}}
2025-08-01 13:44:52 request to me https://vivaherb.ru/support/amo_mystore/scripts/amo_ms_export-order.php {"id":"31745593","status_id":"30471025"}
2025-08-01 13:44:52 input data from webhook {"id":"31745593","status_id":"30471025"}
2025-08-01 13:44:52 request to me id 31745593 "31745593"
2025-08-01 13:44:52 request to me successStatusArray Array ["30471025","44583808"]
2025-08-01 13:44:53 connect amo and myStore data "41830535"
2025-08-01 13:44:53 order data {"lead":{"id":31745593,"name":"Заказ VivaHerb от Павел Б","price":2630,"responsible_user_id":8670562,"group_id":0,"status_id":30471025,"pipeline_id":2139079,"loss_reason_id":null,"created_by":0,"updated_by":0,"created_at":1754044859,"updated_at":1754045093,"closed_at":null,"closest_task_at":null,"is_deleted":false,"custom_fields_values":[{"field_id":164511,"field_name":"ORDER_ID","field_code":null,"field_type":"textarea","values":[{"value":"71196"}]},{
2025-08-01 13:44:54 myStore product data {"context":{"employee":{"meta":{"href":"https://api.moysklad.ru/api/remap/1.2/context/employee","metadataHref":"https://api.moysklad.ru/api/remap/1.2/entity/employee/metadata","type":"employee","mediaType":"application/json"}}},"meta":{"href":"https://api.moysklad.ru/api/remap/1.2/entity/product?filter=article=4687203266677","type":"product","mediaType":"application/json","size":1,"limit":1000,"offset":0},"rows":[{"meta":{"href":"https://api.moysklad.ru/a
2025-08-01 13:44:54 myStore product data {"context":{"employee":{"meta":{"href":"https://api.moysklad.ru/api/remap/1.2/context/employee","metadataHref":"https://api.moysklad.ru/api/remap/1.2/entity/employee/metadata","type":"employee","mediaType":"application/json"}}},"meta":{"href":"https://api.moysklad.ru/api/remap/1.2/entity/service?filter=code=4687203150879","type":"service","mediaType":"application/json","size":1,"limit":1000,"offset":0},"rows":[{"meta":{"href":"https://api.moysklad.ru/api/
2025-08-01 13:44:54 connect amo and myStore data "Розничный покупатель"
2025-08-01 13:44:54 find customer in myStore {"context":{"employee":{"meta":{"href":"https://api.moysklad.ru/api/remap/1.2/context/employee","metadataHref":"https://api.moysklad.ru/api/remap/1.2/entity/employee/metadata","type":"employee","mediaType":"application/json"}}},"meta":{"href":"https://api.moysklad.ru/api/remap/1.2/entity/counterparty?filter=name=%D0%A0%D0%BE%D0%B7%D0%BD%D0%B8%D1%87%D0%BD%D1%8B%D0%B9+%D0%BF%D0%BE%D0%BA%D1%83%D0%BF%D0%B0%D1%82%D0%B5%D0%BB%D1%8C","type":"counterparty","m
2025-08-01 13:44:54 connect amo and myStore data "https://vivaherb.amocrm.ru/leads/detail/31745593"
2025-08-01 13:44:54 connect amo and myStore data "31745593"
2025-08-01 13:44:54 connect amo and myStore data {"meta":{"href":"https://api.moysklad.ru/api/remap/1.2/entity/customentity/f3b26dbe-f323-11ed-0a80-079f0039c17d/1167751a-f324-11ed-0a80-02e0003ae084","metadataHref":"https://api.moysklad.ru/api/remap/1.2/context/companysettings/metadata/customEntities/f3b26dbe-f323-11ed-0a80-079f0039c17d","type":"customentity","mediaType":"application/json","uuidHref":"https://online.moysklad.ru/app/#custom_f3b26dbe-f323-11ed-0a80-079f0039c17d/edit?id=1167751a-f32
2025-08-01 13:44:54 connect amo and myStore data "Оплата онлайн (ЮКасса)"
2025-08-01 13:44:54 connect amo and myStore data "89296906088"
2025-08-01 13:44:54 connect amo and myStore data {"postalCode":"125493","country":{"meta":{"href":"https://api.moysklad.ru/api/remap/1.2/entity/country/9df7c2c3-7782-4c5c-a8ed-1102af611608","metadataHref":"https://api.moysklad.ru/api/remap/1.2/entity/country/metadata","type":"country","mediaType":"application/json","uuidHref":"https://online.moysklad.ru/app/#country/edit?id=9df7c2c3-7782-4c5c-a8ed-1102af611608"},"id":"9df7c2c3-7782-4c5c-a8ed-1102af611608","updated":"2012-11-02 12:04:14.054","nam
2025-08-01 13:44:54 connect amo and myStore data "10144353181"
2025-08-01 13:44:54 connect amo and myStore data "0"
2025-08-01 13:44:54 connect amo and myStore data {"meta":{"href":"https://api.moysklad.ru/api/remap/1.2/entity/store/86afd9b6-f87d-11ed-0a80-0e2e002ec499","metadataHref":"https://api.moysklad.ru/api/remap/1.2/entity/store/metadata","type":"store","mediaType":"application/json","uuidHref":"https://online.moysklad.ru/app/#warehouse/edit?id=86afd9b6-f87d-11ed-0a80-0e2e002ec499"}}
2025-08-01 13:44:54 connect amo and myStore data {"meta":{"href":"https://api.moysklad.ru/api/remap/1.2/entity/project/5a0b3e18-e244-11ec-0a80-083900059d82","metadataHref":"https://api.moysklad.ru/api/remap/1.2/entity/project/metadata","type":"project","mediaType":"application/json","uuidHref":"https://online.moysklad.ru/app/#project/edit?id=5a0b3e18-e244-11ec-0a80-083900059d82"}}
2025-08-01 13:44:54 connect amo and myStore data "Павел Б"
2025-08-01 13:44:54 data for order creation {"attributes":[{"meta":{"href":"https://api.moysklad.ru/api/remap/1.2/entity/customerorder/metadata/attributes/f35f3cd6-f8b8-11ed-0a80-026c003acc8d","type":"attributemetadata","mediaType":"application/json"},"value":"https://vivaherb.amocrm.ru/leads/detail/31745593"},{"meta":{"href":"https://api.moysklad.ru/api/remap/1.2/entity/customerorder/metadata/attributes/5d2b3641-f88c-11ed-0a80-030300324bbf","type":"attributemetadata","mediaType":"application/js
2025-08-01 13:44:55 create new order {"meta":{"href":"https://api.moysklad.ru/api/remap/1.2/entity/customerorder/8f914ed0-6ec4-11f0-0a80-09fb001778ee","metadataHref":"https://api.moysklad.ru/api/remap/1.2/entity/customerorder/metadata","type":"customerorder","mediaType":"application/json","uuidHref":"https://online.moysklad.ru/app/#customerorder/edit?id=8f914ed0-6ec4-11f0-0a80-09fb001778ee"},"id":"8f914ed0-6ec4-11f0-0a80-09fb001778ee","accountId":"dc992fd7-e243-11ec-0a80-058e0000294e","owner":{"
2025-08-01 13:44:56 paymentInPrice 2630
2025-08-01 13:44:56 newPaymentIn {"meta":{"href":"https://api.moysklad.ru/api/remap/1.2/entity/paymentin/906b2d84-6ec4-11f0-0a80-169e0018b571","metadataHref":"https://api.moysklad.ru/api/remap/1.2/entity/paymentin/metadata","type":"paymentin","mediaType":"application/json","uuidHref":"https://online.moysklad.ru/app/#paymentin/edit?id=906b2d84-6ec4-11f0-0a80-169e0018b571"},"id":"906b2d84-6ec4-11f0-0a80-169e0018b571","accountId":"dc992fd7-e243-11ec-0a80-058e0000294e","owner":{"meta":{"href":"https
2025-08-01 13:44:56 OK ["OK"]
2025-08-01 13:53:43 script 3 - input data from webhook {"id":"8f914ed0-6ec4-11f0-0a80-09fb001778ee","type":"CustomerOrder","requestId":"f5c9e670-5d21-4ba0-a919-d2a46bd9687e"}
2025-08-01 13:53:43 script 3 - request to me https://vivaherb.ru/support/amo_mystore/scripts/amo_ms_order-sent.php?id=8f914ed0-6ec4-11f0-0a80-09fb001778ee&type=CustomerOrder&requestId=f5c9e670-5d21-4ba0-a919-d2a46bd9687e {"id":"8f914ed0-6ec4-11f0-0a80-09fb001778ee","status_id":"sent"}
2025-08-01 13:53:43 script 3 - input data from webhook {"id":"8f914ed0-6ec4-11f0-0a80-09fb001778ee","status_id":"sent"}
2025-08-01 13:53:43 script 3 - change status in Amo order [{"Тип запроса":"contacts","Сущность в Амо":"lead","Наименование поля в Амо":"id контакта","Имя или id поля в Амо":"_embedded.contacts.0.id"},{"Тип запроса":"counterparty","Сущность в Амо":"contacts","Сущность в МойСклад":"Имя контрагента","Имя или id поля в МойСклад":"name","Префикс":"Рознич
2025-08-01 13:53:43 script 3 - change status in Amo order [{"Воронка":"VivaHerb","id воронки":"2139079","Поле сделки":"Способ оплаты","id поля сделки":"421383","Значение поля сделки":"Оплата при получении","id значения поля сделки":"598425","Поменять на статус":"Наложки отправлены","Поменять на статус (id статуса)":"31303804"},{"Воронк�
2025-08-01 13:53:43 script 3 - find order in myStore {"meta":{"href":"https://api.moysklad.ru/api/remap/1.2/entity/customerorder/8f914ed0-6ec4-11f0-0a80-09fb001778ee","metadataHref":"https://api.moysklad.ru/api/remap/1.2/entity/customerorder/metadata","type":"customerorder","mediaType":"application/json","uuidHref":"https://online.moysklad.ru/app/#customerorder/edit?id=8f914ed0-6ec4-11f0-0a80-09fb001778ee"},"id":"8f914ed0-6ec4-11f0-0a80-09fb001778ee","accountId":"dc992fd7-e243-11ec-0a80-058e0000
2025-08-01 13:53:43 script 3 - find track "10144353181"
2025-08-01 13:53:43 script 3 - find CRM order {"id":31745593,"name":"Заказ VivaHerb от Павел Б","price":2630,"responsible_user_id":8670562,"group_id":0,"status_id":30471025,"pipeline_id":2139079,"loss_reason_id":null,"created_by":0,"updated_by":0,"created_at":1754044859,"updated_at":1754045095,"closed_at":null,"closest_task_at":null,"is_deleted":false,"custom_fields_values":[{"field_id":164511,"field_name":"ORDER_ID","field_code":null,"field_type":"textarea","values":[{"value":"7119
2025-08-01 13:53:43 script 3 - get status 727567
2025-08-01 13:53:43 script 3 - get status 727567
2025-08-01 13:53:43 script 3 - set status "142"
2025-08-01 13:53:44 script 3 - push track number to Amo order {"id":31745593,"updated_at":1754045095,"_links":{"self":{"href":"https://vivaherb.amocrm.ru/api/v4/leads/31745593"}}}
2025-08-01 13:53:44 script 3 - change status in Amo order {"id":31745593,"updated_at":1754045624,"_links":{"self":{"href":"https://vivaherb.amocrm.ru/api/v4/leads/31745593"}}}
2025-08-01 13:53:45 script 5 - input data from webhook {"leads":{"status":[{"id":"31745593","status_id":"142","pipeline_id":"2139079","old_status_id":"30471025","old_pipeline_id":"2139079"}]},"account":{"id":"28662106","subdomain":"vivaherb"}}
2025-08-01 13:53:45 script 5 - request to me https://vivaherb.ru/support/amo_mystore/scripts/amo_ms_manual-success.php {"id":"31745593","status_id":"142"}
2025-08-01 13:53:45 script 5 - input data from webhook {"id":"31745593","status_id":"142"}
2025-08-01 13:53:46 script 5 - paymentInPrice 0
2025-08-01 13:53:46 script 5 - Success []
2025-08-01 13:54:56 store_script.php - 30509 crm - 27215649 {"order_id":"30509","cdeck_id":"1378035246","crm":"27215649","order_status":"cod"}
2025-08-01 13:54:56 request.php - https://vivaherb.amocrm.ru/api/v4/leads/27215649 PATCH 400  {"errors":{"27215649":"Lead not found"},"title":"Bad Request","type":"https://httpstatus.es/400","status":400,"detail":"Invalid request body"}
2025-08-01 13:54:57 request.php - https://vivaherb.amocrm.ru/api/v4/leads/27215649 PATCH 400  {"errors":{"27215649":"Lead not found"},"title":"Bad Request","type":"https://httpstatus.es/400","status":400,"detail":"Invalid request body"}
2025-08-01 13:54:57 store_script.php - 30509 crm - 27215649 END []
2025-08-01 13:54:57 store_script.php - 30980 crm - 27451493 {"order_id":"30980","cdeck_id":"1384831846","crm":"27451493","order_status":"yookassa_widget"}
2025-08-01 13:54:57 request.php - https://vivaherb.amocrm.ru/api/v4/leads/27451493 PATCH 400  {"errors":{"27451493":"Lead not found"},"title":"Bad Request","type":"https://httpstatus.es/400","status":400,"detail":"Invalid request body"}
2025-08-01 13:54:58 store_script.php - 30980 crm - 27451493 END []
2025-08-01 13:54:58 store_script.php - 31159 crm - 27523369 {"order_id":"31159","cdeck_id":"1388417736","crm":"27523369","order_status":"yookassa_widget"}
2025-08-01 13:54:58 request.php - https://vivaherb.amocrm.ru/api/v4/leads/27523369 PATCH 400  {"errors":{"27523369":"Lead not found"},"title":"Bad Request","type":"https://httpstatus.es/400","status":400,"detail":"Invalid request body"}
2025-08-01 13:54:58 store_script.php - 31159 crm - 27523369 END []
2025-08-01 13:54:59 store_script.php - 31689 crm - 27678093 {"order_id":"31689","cdeck_id":"1394658580","crm":"27678093","order_status":"cod"}
2025-08-01 13:54:59 request.php - https://vivaherb.amocrm.ru/api/v4/leads/27678093 PATCH 400  {"errors":{"27678093":"Lead not found"},"title":"Bad Request","type":"https://httpstatus.es/400","status":400,"detail":"Invalid request body"}
2025-08-01 13:54:59 request.php - https://vivaherb.amocrm.ru/api/v4/leads/27678093 PATCH 400  {"errors":{"27678093":"Lead not found"},"title":"Bad Request","type":"https://httpstatus.es/400","status":400,"detail":"Invalid request body"}
2025-08-01 13:54:59 store_script.php - 31689 crm - 27678093 END []
2025-08-01 13:55:00 store_script.php - 32666 crm - 28043619 {"order_id":"32666","cdeck_id":"1407999796","crm":"28043619","order_status":"yookassa_widget"}
2025-08-01 13:55:00 request.php - https://vivaherb.amocrm.ru/api/v4/leads/28043619 PATCH 400  {"errors":{"28043619":"Lead not found"},"title":"Bad Request","type":"https://httpstatus.es/400","status":400,"detail":"Invalid request body"}
2025-08-01 13:55:00 store_script.php - 32666 crm - 28043619 END []
2025-08-01 13:55:00 store_script.php - 35382 crm - 28949539 {"order_id":"35382","cdeck_id":"1440454117","crm":"28949539","order_status":"yookassa_widget"}
2025-08-01 13:55:01 request.php - https://vivaherb.amocrm.ru/api/v4/leads/28949539 PATCH 400  {"errors":{"28949539":"Lead not found"},"title":"Bad Request","type":"https://httpstatus.es/400","status":400,"detail":"Invalid request body"}
2025-08-01 13:55:01 store_script.php - 35382 crm - 28949539 END []
2025-08-01 13:55:01 store_script.php - 36740 crm - 29177633 {"order_id":"36740","cdeck_id":"1450621353","crm":"29177633","order_status":"yookassa_widget"}
2025-08-01 13:55:01 request.php - https://vivaherb.amocrm.ru/api/v4/leads/29177633 PATCH 400  {"errors":{"29177633":"Lead not found"},"title":"Bad Request","type":"https://httpstatus.es/400","status":400,"detail":"Invalid request body"}
2025-08-01 13:55:02 store_script.php - 36740 crm - 29177633 END []
2025-08-01 13:55:02 store_script.php - 43426 crm - 29759963 {"order_id":"43426","cdeck_id":"1492618495","crm":"29759963","order_status":"cod"}
2025-08-01 13:55:02 request.php - https://vivaherb.amocrm.ru/api/v4/leads/29759963 PATCH 400  {"errors":{"29759963":"Lead not found"},"title":"Bad Request","type":"https://httpstatus.es/400","status":400,"detail":"Invalid request body"}
2025-08-01 13:55:02 request.php - https://vivaherb.amocrm.ru/api/v4/leads/29759963 PATCH 400  {"errors":{"29759963":"Lead not found"},"title":"Bad Request","type":"https://httpstatus.es/400","status":400,"detail":"Invalid request body"}
2025-08-01 13:55:03 store_script.php - 43426 crm - 29759963 END []
2025-08-01 13:55:03 store_script.php - 55743 crm - 30571295 {"order_id":"55743","cdeck_id":"10011353606","crm":"30571295","order_status":"cod"}
2025-08-01 13:55:03 request.php - https://vivaherb.amocrm.ru/api/v4/leads/30571295 PATCH 400  {"errors":{"30571295":"Lead not found"},"title":"Bad Request","type":"https://httpstatus.es/400","status":400,"detail":"Invalid request body"}
2025-08-01 13:55:04 request.php - https://vivaherb.amocrm.ru/api/v4/leads/30571295 PATCH 400  {"errors":{"30571295":"Lead not found"},"title":"Bad Request","type":"https://httpstatus.es/400","status":400,"detail":"Invalid request body"}
2025-08-01 13:55:04 store_script.php - 55743 crm - 30571295 END []
2025-08-01 13:55:04 store_script.php - 56020 crm - 30580597 {"order_id":"56020","cdeck_id":"10012192492","crm":"30580597","order_status":"intellectmoney"}
2025-08-01 13:55:05 request.php - https://vivaherb.amocrm.ru/api/v4/leads/30580597 PATCH 400  {"errors":{"30580597":"Lead not found"},"title":"Bad Request","type":"https://httpstatus.es/400","status":400,"detail":"Invalid request body"}
2025-08-01 13:55:06 store_script.php - 56020 crm - 30580597 END []
2025-08-01 13:55:06 store_script.php - 58805 crm - 30699429 {"order_id":"58805","cdeck_id":"10024732090","crm":"30699429","order_status":"yookassa_widget"}
2025-08-01 13:55:06 request.php - https://vivaherb.amocrm.ru/api/v4/leads/30699429 PATCH 400  {"errors":{"30699429":"Lead not found"},"title":"Bad Request","type":"https://httpstatus.es/400","status":400,"detail":"Invalid request body"}
2025-08-01 13:55:07 store_script.php - 58805 crm - 30699429 END []
2025-08-01 13:55:07 store_script.php - 58825 crm - 30700377 {"order_id":"58825","cdeck_id":"10024878326","crm":"30700377","order_status":"yookassa_widget"}
2025-08-01 13:55:08 request.php - https://vivaherb.amocrm.ru/api/v4/leads/30700377 PATCH 400  {"errors":{"30700377":"Lead not found"},"title":"Bad Request","type":"https://httpstatus.es/400","status":400,"detail":"Invalid request body"}
2025-08-01 13:55:09 store_script.php - 58825 crm - 30700377 END []
2025-08-01 13:55:09 store_script.php - 58891 crm - 30702185 {"order_id":"58891","cdeck_id":"10025084375","crm":"30702185","order_status":"yookassa_widget"}
2025-08-01 13:55:09 request.php - https://vivaherb.amocrm.ru/api/v4/leads/30702185 PATCH 400  {"errors":{"30702185":"Lead not found"},"title":"Bad Request","type":"https://httpstatus.es/400","status":400,"detail":"Invalid request body"}
2025-08-01 13:55:10 store_script.php - 58891 crm - 30702185 END []
2025-08-01 13:55:10 store_script.php - 59176 crm - 30706013 {"order_id":"59176","cdeck_id":"10025584176","crm":"30706013","order_status":"yookassa_widget"}
2025-08-01 13:55:11 request.php - https://vivaherb.amocrm.ru/api/v4/leads/30706013 PATCH 400  {"errors":{"30706013":"Lead not found"},"title":"Bad Request","type":"https://httpstatus.es/400","status":400,"detail":"Invalid request body"}
2025-08-01 13:55:12 store_script.php - 59176 crm - 30706013 END []
2025-08-01 13:55:12 store_script.php - 59181 crm - 30706069 {"order_id":"59181","cdeck_id":"10025587928","crm":"30706069","order_status":"yookassa_widget"}
2025-08-01 13:55:12 request.php - https://vivaherb.amocrm.ru/api/v4/leads/30706069 PATCH 400  {"errors":{"30706069":"Lead not found"},"title":"Bad Request","type":"https://httpstatus.es/400","status":400,"detail":"Invalid request body"}
2025-08-01 13:55:13 store_script.php - 59181 crm - 30706069 END []
2025-08-01 13:55:13 store_script.php - 59187 crm - 30706147 {"order_id":"59187","cdeck_id":"10025595773","crm":"30706147","order_status":"yookassa_widget"}
2025-08-01 13:55:13 request.php - https://vivaherb.amocrm.ru/api/v4/leads/30706147 PATCH 400  {"errors":{"30706147":"Lead not found"},"title":"Bad Request","type":"https://httpstatus.es/400","status":400,"detail":"Invalid request body"}
2025-08-01 13:55:14 store_script.php - 59187 crm - 30706147 END []
2025-08-01 13:55:14 store_script.php - 59188 crm - 30706175 {"order_id":"59188","cdeck_id":"10025597779","crm":"30706175","order_status":"yookassa_widget"}
2025-08-01 13:55:14 request.php - https://vivaherb.amocrm.ru/api/v4/leads/30706175 PATCH 400  {"errors":{"30706175":"Lead not found"},"title":"Bad Request","type":"https://httpstatus.es/400","status":400,"detail":"Invalid request body"}
2025-08-01 13:55:15 store_script.php - 59188 crm - 30706175 END []
2025-08-01 13:55:15 store_script.php - 61931 crm - 30957731 {"order_id":"61931","cdeck_id":"10044840842","crm":"30957731","order_status":"yookassa_widget"}
2025-08-01 13:55:16 request.php - https://vivaherb.amocrm.ru/api/v4/leads/30957731 PATCH 400  {"errors":{"30957731":"Lead not found"},"title":"Bad Request","type":"https://httpstatus.es/400","status":400,"detail":"Invalid request body"}
2025-08-01 13:55:16 store_script.php - 61931 crm - 30957731 END []
2025-08-01 13:55:17 store_script.php - 64064 crm - 31115305 {"order_id":"64064","cdeck_id":"10067371813","crm":"31115305","order_status":"yookassa_widget"}
2025-08-01 13:55:18 request.php - https://vivaherb.amocrm.ru/api/v4/leads/31115305 PATCH 400  {"errors":{"31115305":"Lead not found"},"title":"Bad Request","type":"https://httpstatus.es/400","status":400,"detail":"Invalid request body"}
2025-08-01 13:55:18 store_script.php - 64064 crm - 31115305 END []
2025-08-01 13:55:18 store_script.php - 64110 crm - 31117287 {"order_id":"64110","cdeck_id":"10067760566","crm":"31117287","order_status":"yookassa_widget"}
2025-08-01 13:55:18 request.php - https://vivaherb.amocrm.ru/api/v4/leads/31117287 PATCH 400  {"errors":{"31117287":"Lead not found"},"title":"Bad Request","type":"https://httpstatus.es/400","status":400,"detail":"Invalid request body"}
2025-08-01 13:55:19 store_script.php - 64110 crm - 31117287 END []
2025-08-01 13:55:19 store_script.php - 64904 crm - 31188065 {"order_id":"64904","cdeck_id":"10075009440","crm":"31188065","order_status":"yookassa_widget"}
2025-08-01 13:55:19 request.php - https://vivaherb.amocrm.ru/api/v4/leads/31188065 PATCH 400  {"errors":{"31188065":"Lead not found"},"title":"Bad Request","type":"https://httpstatus.es/400","status":400,"detail":"Invalid request body"}
2025-08-01 13:55:20 store_script.php - 64904 crm - 31188065 END []
2025-08-01 13:55:20 store_script.php - 66655 crm - 31331987 {"order_id":"66655","cdeck_id":"10093681196","crm":"31331987","order_status":"yookassa_widget"}
2025-08-01 13:55:20 request.php - https://vivaherb.amocrm.ru/api/v4/leads/31331987 PATCH 400  {"errors":{"31331987":"Lead not found"},"title":"Bad Request","type":"https://httpstatus.es/400","status":400,"detail":"Invalid request body"}
2025-08-01 13:55:21 store_script.php - 66655 crm - 31331987 END []
2025-08-01 13:55:21 store_script.php - 66657 crm - 31332069 {"order_id":"66657","cdeck_id":"10093687362","crm":"31332069","order_status":"yookassa_widget"}
2025-08-01 13:55:21 request.php - https://vivaherb.amocrm.ru/api/v4/leads/31332069 PATCH 400  {"errors":{"31332069":"Lead not found"},"title":"Bad Request","type":"https://httpstatus.es/400","status":400,"detail":"Invalid request body"}
2025-08-01 13:55:21 store_script.php - 66657 crm - 31332069 END []
2025-08-01 13:55:22 store_script.php - 66765 crm - 31341715 {"order_id":"66765","cdeck_id":"10095118494","crm":"31341715","order_status":"cod"}
2025-08-01 13:55:22 request.php - https://vivaherb.amocrm.ru/api/v4/leads/31341715 PATCH 400  {"errors":{"31341715":"Lead not found"},"title":"Bad Request","type":"https://httpstatus.es/400","status":400,"detail":"Invalid request body"}
2025-08-01 13:55:22 request.php - https://vivaherb.amocrm.ru/api/v4/leads/31341715 PATCH 400  {"errors":{"31341715":"Lead not found"},"title":"Bad Request","type":"https://httpstatus.es/400","status":400,"detail":"Invalid request body"}
2025-08-01 13:55:22 store_script.php - 66765 crm - 31341715 END []
2025-08-01 13:55:23 store_script.php - 67842 crm - 31420031 {"order_id":"67842","cdeck_id":"10105128997","crm":"31420031","order_status":"yookassa_widget"}
2025-08-01 13:55:23 request.php - https://vivaherb.amocrm.ru/api/v4/leads/31420031 PATCH 400  {"errors":{"31420031":"Lead not found"},"title":"Bad Request","type":"https://httpstatus.es/400","status":400,"detail":"Invalid request body"}
2025-08-01 13:55:23 store_script.php - 67842 crm - 31420031 END []
2025-08-01 13:55:32 store_script.php - 70672 crm - 31684629 {"order_id":"70672","cdeck_id":"10137210974","crm":"31684629","order_status":"yookassa_widget"}
2025-08-01 13:55:32 request.php - https://vivaherb.amocrm.ru/api/v4/leads/31684629 PATCH 400  {"errors":{"31684629":"Lead not found"},"title":"Bad Request","type":"https://httpstatus.es/400","status":400,"detail":"Invalid request body"}
2025-08-01 13:55:32 store_script.php - 70672 crm - 31684629 END []
2025-08-01 14:48:03 input data from webhook {"leads":{"status":[{"id":"31745845","status_id":"30471025","pipeline_id":"2139079","old_status_id":"30471022","old_pipeline_id":"2139079"}]},"account":{"id":"28662106","subdomain":"vivaherb"}}
2025-08-01 14:48:03 request to me https://vivaherb.ru/support/amo_mystore/scripts/amo_ms_export-order.php {"id":"31745845","status_id":"30471025"}
2025-08-01 14:48:03 input data from webhook {"id":"31745845","status_id":"30471025"}
2025-08-01 14:48:03 request to me id 31745845 "31745845"
2025-08-01 14:48:03 request to me successStatusArray Array ["30471025","44583808"]
2025-08-01 14:48:04 connect amo and myStore data "45139577"
2025-08-01 14:48:05 order data {"lead":{"id":31745845,"name":"Заказ VivaHerb от Никита Горбачев","price":3301,"responsible_user_id":8670562,"group_id":0,"status_id":30471025,"pipeline_id":2139079,"loss_reason_id":null,"created_by":0,"updated_by":0,"created_at":1754048811,"updated_at":1754048882,"closed_at":null,"closest_task_at":null,"is_deleted":false,"custom_fields_values":[{"field_id":164511,"field_name":"ORDER_ID","field_code":null,"field_type":"textarea","values":[{"val
2025-08-01 14:48:06 myStore product data {"context":{"employee":{"meta":{"href":"https://api.moysklad.ru/api/remap/1.2/context/employee","metadataHref":"https://api.moysklad.ru/api/remap/1.2/entity/employee/metadata","type":"employee","mediaType":"application/json"}}},"meta":{"href":"https://api.moysklad.ru/api/remap/1.2/entity/product?filter=article=4687202251148","type":"product","mediaType":"application/json","size":1,"limit":1000,"offset":0},"rows":[{"meta":{"href":"https://api.moysklad.ru/a
2025-08-01 14:48:06 myStore product data {"context":{"employee":{"meta":{"href":"https://api.moysklad.ru/api/remap/1.2/context/employee","metadataHref":"https://api.moysklad.ru/api/remap/1.2/entity/employee/metadata","type":"employee","mediaType":"application/json"}}},"meta":{"href":"https://api.moysklad.ru/api/remap/1.2/entity/service?filter=code=4687203150879","type":"service","mediaType":"application/json","size":1,"limit":1000,"offset":0},"rows":[{"meta":{"href":"https://api.moysklad.ru/api/
2025-08-01 14:48:06 connect amo and myStore data "Розничный покупатель"
2025-08-01 14:48:07 find customer in myStore {"context":{"employee":{"meta":{"href":"https://api.moysklad.ru/api/remap/1.2/context/employee","metadataHref":"https://api.moysklad.ru/api/remap/1.2/entity/employee/metadata","type":"employee","mediaType":"application/json"}}},"meta":{"href":"https://api.moysklad.ru/api/remap/1.2/entity/counterparty?filter=name=%D0%A0%D0%BE%D0%B7%D0%BD%D0%B8%D1%87%D0%BD%D1%8B%D0%B9+%D0%BF%D0%BE%D0%BA%D1%83%D0%BF%D0%B0%D1%82%D0%B5%D0%BB%D1%8C","type":"counterparty","m
2025-08-01 14:48:07 connect amo and myStore data "https://vivaherb.amocrm.ru/leads/detail/31745845"
2025-08-01 14:48:07 connect amo and myStore data "31745845"
2025-08-01 14:48:07 connect amo and myStore data {"meta":{"href":"https://api.moysklad.ru/api/remap/1.2/entity/customentity/f3b26dbe-f323-11ed-0a80-079f0039c17d/1167751a-f324-11ed-0a80-02e0003ae084","metadataHref":"https://api.moysklad.ru/api/remap/1.2/context/companysettings/metadata/customEntities/f3b26dbe-f323-11ed-0a80-079f0039c17d","type":"customentity","mediaType":"application/json","uuidHref":"https://online.moysklad.ru/app/#custom_f3b26dbe-f323-11ed-0a80-079f0039c17d/edit?id=1167751a-f32
2025-08-01 14:48:07 connect amo and myStore data "Оплата через СБП"
2025-08-01 14:48:07 connect amo and myStore data "+79034240638"
2025-08-01 14:48:07 connect amo and myStore data {"postalCode":"443028","country":{"meta":{"href":"https://api.moysklad.ru/api/remap/1.2/entity/country/9df7c2c3-7782-4c5c-a8ed-1102af611608","metadataHref":"https://api.moysklad.ru/api/remap/1.2/entity/country/metadata","type":"country","mediaType":"application/json","uuidHref":"https://online.moysklad.ru/app/#country/edit?id=9df7c2c3-7782-4c5c-a8ed-1102af611608"},"id":"9df7c2c3-7782-4c5c-a8ed-1102af611608","updated":"2012-11-02 12:04:14.054","nam
2025-08-01 14:48:07 connect amo and myStore data "0"
2025-08-01 14:48:07 connect amo and myStore data "0"
2025-08-01 14:48:08 connect amo and myStore data {"meta":{"href":"https://api.moysklad.ru/api/remap/1.2/entity/store/86afd9b6-f87d-11ed-0a80-0e2e002ec499","metadataHref":"https://api.moysklad.ru/api/remap/1.2/entity/store/metadata","type":"store","mediaType":"application/json","uuidHref":"https://online.moysklad.ru/app/#warehouse/edit?id=86afd9b6-f87d-11ed-0a80-0e2e002ec499"}}
2025-08-01 14:48:08 connect amo and myStore data {"meta":{"href":"https://api.moysklad.ru/api/remap/1.2/entity/project/5a0b3e18-e244-11ec-0a80-083900059d82","metadataHref":"https://api.moysklad.ru/api/remap/1.2/entity/project/metadata","type":"project","mediaType":"application/json","uuidHref":"https://online.moysklad.ru/app/#project/edit?id=5a0b3e18-e244-11ec-0a80-083900059d82"}}
2025-08-01 14:48:08 connect amo and myStore data "Никита Горбачев"
2025-08-01 14:48:08 data for order creation {"attributes":[{"meta":{"href":"https://api.moysklad.ru/api/remap/1.2/entity/customerorder/metadata/attributes/f35f3cd6-f8b8-11ed-0a80-026c003acc8d","type":"attributemetadata","mediaType":"application/json"},"value":"https://vivaherb.amocrm.ru/leads/detail/31745845"},{"meta":{"href":"https://api.moysklad.ru/api/remap/1.2/entity/customerorder/metadata/attributes/5d2b3641-f88c-11ed-0a80-030300324bbf","type":"attributemetadata","mediaType":"application/js
2025-08-01 14:48:09 create new order {"meta":{"href":"https://api.moysklad.ru/api/remap/1.2/entity/customerorder/64bad5ec-6ecd-11f0-0a80-0da7001b2440","metadataHref":"https://api.moysklad.ru/api/remap/1.2/entity/customerorder/metadata","type":"customerorder","mediaType":"application/json","uuidHref":"https://online.moysklad.ru/app/#customerorder/edit?id=64bad5ec-6ecd-11f0-0a80-0da7001b2440"},"id":"64bad5ec-6ecd-11f0-0a80-0da7001b2440","accountId":"dc992fd7-e243-11ec-0a80-058e0000294e","owner":{"
2025-08-01 14:48:10 paymentInPrice 3301
2025-08-01 14:48:11 newPaymentIn {"meta":{"href":"https://api.moysklad.ru/api/remap/1.2/entity/paymentin/65db7bf0-6ecd-11f0-0a80-169e001b247d","metadataHref":"https://api.moysklad.ru/api/remap/1.2/entity/paymentin/metadata","type":"paymentin","mediaType":"application/json","uuidHref":"https://online.moysklad.ru/app/#paymentin/edit?id=65db7bf0-6ecd-11f0-0a80-169e001b247d"},"id":"65db7bf0-6ecd-11f0-0a80-169e001b247d","accountId":"dc992fd7-e243-11ec-0a80-058e0000294e","owner":{"meta":{"href":"https
2025-08-01 14:48:11 OK ["OK"]
2025-08-01 14:48:29 store_script.php - 71198 crm - 31745845 {"order_id":"71198","cdeck_id":"10144389750","crm":"31745845","order_status":"intellectmoney"}
2025-08-01 14:48:30 store_script.php - 71198 crm - 31745845 get_oreder {"meta":{"href":"https://api.moysklad.ru/api/remap/1.2/entity/customerorder/64bad5ec-6ecd-11f0-0a80-0da7001b2440","metadataHref":"https://api.moysklad.ru/api/remap/1.2/entity/customerorder/metadata","type":"customerorder","mediaType":"application/json","uuidHref":"https://online.moysklad.ru/app/#customerorder/edit?id=64bad5ec-6ecd-11f0-0a80-0da7001b2440"},"id":"64bad5ec-6ecd-11f0-0a80-0da7001b2440","accountId":"dc992fd7-e243-
2025-08-01 14:48:31 store_script.php - 71198 crm - 31745845 END []
2025-08-01 14:49:56 script 3 - input data from webhook {"id":"64bad5ec-6ecd-11f0-0a80-0da7001b2440","type":"CustomerOrder","requestId":"f8efa65d-e8c0-4b89-b8c3-b8f148be35bd"}
2025-08-01 14:49:56 script 3 - request to me https://vivaherb.ru/support/amo_mystore/scripts/amo_ms_order-sent.php?id=64bad5ec-6ecd-11f0-0a80-0da7001b2440&type=CustomerOrder&requestId=f8efa65d-e8c0-4b89-b8c3-b8f148be35bd {"id":"64bad5ec-6ecd-11f0-0a80-0da7001b2440","status_id":"sent"}
2025-08-01 14:49:56 script 3 - input data from webhook {"id":"64bad5ec-6ecd-11f0-0a80-0da7001b2440","status_id":"sent"}
2025-08-01 14:49:56 script 3 - change status in Amo order [{"Тип запроса":"contacts","Сущность в Амо":"lead","Наименование поля в Амо":"id контакта","Имя или id поля в Амо":"_embedded.contacts.0.id"},{"Тип запроса":"counterparty","Сущность в Амо":"contacts","Сущность в МойСклад":"Имя контрагента","Имя или id поля в МойСклад":"name","Префикс":"Рознич
2025-08-01 14:49:56 script 3 - change status in Amo order [{"Воронка":"VivaHerb","id воронки":"2139079","Поле сделки":"Способ оплаты","id поля сделки":"421383","Значение поля сделки":"Оплата при получении","id значения поля сделки":"598425","Поменять на статус":"Наложки отправлены","Поменять на статус (id статуса)":"31303804"},{"Воронк�
2025-08-01 14:49:56 script 3 - find order in myStore {"meta":{"href":"https://api.moysklad.ru/api/remap/1.2/entity/customerorder/64bad5ec-6ecd-11f0-0a80-0da7001b2440","metadataHref":"https://api.moysklad.ru/api/remap/1.2/entity/customerorder/metadata","type":"customerorder","mediaType":"application/json","uuidHref":"https://online.moysklad.ru/app/#customerorder/edit?id=64bad5ec-6ecd-11f0-0a80-0da7001b2440"},"id":"64bad5ec-6ecd-11f0-0a80-0da7001b2440","accountId":"dc992fd7-e243-11ec-0a80-058e0000
2025-08-01 14:49:56 script 3 - find track "10144389750"
2025-08-01 14:49:56 script 3 - find CRM order {"id":31745845,"name":"Заказ VivaHerb от Никита Горбачев","price":3301,"responsible_user_id":8670562,"group_id":0,"status_id":30471025,"pipeline_id":2139079,"loss_reason_id":null,"created_by":0,"updated_by":0,"created_at":1754048811,"updated_at":1754048926,"closed_at":null,"closest_task_at":null,"is_deleted":false,"custom_fields_values":[{"field_id":164511,"field_name":"ORDER_ID","field_code":null,"field_type":"textarea","values"
2025-08-01 14:49:56 script 3 - get status 728957
2025-08-01 14:49:56 script 3 - get status 728957
2025-08-01 14:49:56 script 3 - set status "142"
2025-08-01 14:49:56 script 3 - push track number to Amo order {"id":31745845,"updated_at":1754048926,"_links":{"self":{"href":"https://vivaherb.amocrm.ru/api/v4/leads/31745845"}}}
2025-08-01 14:49:57 script 3 - change status in Amo order {"id":31745845,"updated_at":1754048997,"_links":{"self":{"href":"https://vivaherb.amocrm.ru/api/v4/leads/31745845"}}}
2025-08-01 14:53:35 input data from webhook {"leads":{"status":[{"id":"31745863","status_id":"30471025","pipeline_id":"2139079","old_status_id":"30471022","old_pipeline_id":"2139079"}]},"account":{"id":"28662106","subdomain":"vivaherb"}}
2025-08-01 14:53:35 request to me https://vivaherb.ru/support/amo_mystore/scripts/amo_ms_export-order.php {"id":"31745863","status_id":"30471025"}
2025-08-01 14:53:35 input data from webhook {"id":"31745863","status_id":"30471025"}
2025-08-01 14:53:35 request to me id 31745863 "31745863"
2025-08-01 14:53:35 request to me successStatusArray Array ["30471025","44583808"]
2025-08-01 14:53:35 store_script.php - 71199 crm - 31745863 {"order_id":"71199","cdeck_id":"10144392559","crm":"31745863","order_status":"intellectmoney"}
2025-08-01 14:53:36 connect amo and myStore data "45139577"
2025-08-01 14:53:36 order data {"lead":{"id":31745863,"name":"Заказ VivaHerb от Никита Горбачев","price":2091,"responsible_user_id":8670562,"group_id":0,"status_id":30471025,"pipeline_id":2139079,"loss_reason_id":null,"created_by":0,"updated_by":0,"created_at":1754049151,"updated_at":1754049214,"closed_at":null,"closest_task_at":null,"is_deleted":false,"custom_fields_values":[{"field_id":164511,"field_name":"ORDER_ID","field_code":null,"field_type":"textarea","values":[{"val
2025-08-01 14:53:36 store_script.php - 71199 crm - 31745863 END []
2025-08-01 14:53:36 myStore product data {"context":{"employee":{"meta":{"href":"https://api.moysklad.ru/api/remap/1.2/context/employee","metadataHref":"https://api.moysklad.ru/api/remap/1.2/entity/employee/metadata","type":"employee","mediaType":"application/json"}}},"meta":{"href":"https://api.moysklad.ru/api/remap/1.2/entity/product?filter=article=4687202267422","type":"product","mediaType":"application/json","size":1,"limit":1000,"offset":0},"rows":[{"meta":{"href":"https://api.moysklad.ru/a
2025-08-01 14:53:36 myStore product data {"context":{"employee":{"meta":{"href":"https://api.moysklad.ru/api/remap/1.2/context/employee","metadataHref":"https://api.moysklad.ru/api/remap/1.2/entity/employee/metadata","type":"employee","mediaType":"application/json"}}},"meta":{"href":"https://api.moysklad.ru/api/remap/1.2/entity/service?filter=code=4687203150879","type":"service","mediaType":"application/json","size":1,"limit":1000,"offset":0},"rows":[{"meta":{"href":"https://api.moysklad.ru/api/
2025-08-01 14:53:36 connect amo and myStore data "Розничный покупатель"
2025-08-01 14:53:37 find customer in myStore {"context":{"employee":{"meta":{"href":"https://api.moysklad.ru/api/remap/1.2/context/employee","metadataHref":"https://api.moysklad.ru/api/remap/1.2/entity/employee/metadata","type":"employee","mediaType":"application/json"}}},"meta":{"href":"https://api.moysklad.ru/api/remap/1.2/entity/counterparty?filter=name=%D0%A0%D0%BE%D0%B7%D0%BD%D0%B8%D1%87%D0%BD%D1%8B%D0%B9+%D0%BF%D0%BE%D0%BA%D1%83%D0%BF%D0%B0%D1%82%D0%B5%D0%BB%D1%8C","type":"counterparty","m
2025-08-01 14:53:37 connect amo and myStore data "https://vivaherb.amocrm.ru/leads/detail/31745863"
2025-08-01 14:53:37 connect amo and myStore data "31745863"
2025-08-01 14:53:37 connect amo and myStore data {"meta":{"href":"https://api.moysklad.ru/api/remap/1.2/entity/customentity/f3b26dbe-f323-11ed-0a80-079f0039c17d/1167751a-f324-11ed-0a80-02e0003ae084","metadataHref":"https://api.moysklad.ru/api/remap/1.2/context/companysettings/metadata/customEntities/f3b26dbe-f323-11ed-0a80-079f0039c17d","type":"customentity","mediaType":"application/json","uuidHref":"https://online.moysklad.ru/app/#custom_f3b26dbe-f323-11ed-0a80-079f0039c17d/edit?id=1167751a-f32
2025-08-01 14:53:37 connect amo and myStore data "Оплата через СБП"
2025-08-01 14:53:37 connect amo and myStore data "+79034240638"
2025-08-01 14:53:37 connect amo and myStore data {"postalCode":"443028","country":{"meta":{"href":"https://api.moysklad.ru/api/remap/1.2/entity/country/9df7c2c3-7782-4c5c-a8ed-1102af611608","metadataHref":"https://api.moysklad.ru/api/remap/1.2/entity/country/metadata","type":"country","mediaType":"application/json","uuidHref":"https://online.moysklad.ru/app/#country/edit?id=9df7c2c3-7782-4c5c-a8ed-1102af611608"},"id":"9df7c2c3-7782-4c5c-a8ed-1102af611608","updated":"2012-11-02 12:04:14.054","nam
2025-08-01 14:53:37 connect amo and myStore data "0"
2025-08-01 14:53:37 connect amo and myStore data "0"
2025-08-01 14:53:37 connect amo and myStore data {"meta":{"href":"https://api.moysklad.ru/api/remap/1.2/entity/store/86afd9b6-f87d-11ed-0a80-0e2e002ec499","metadataHref":"https://api.moysklad.ru/api/remap/1.2/entity/store/metadata","type":"store","mediaType":"application/json","uuidHref":"https://online.moysklad.ru/app/#warehouse/edit?id=86afd9b6-f87d-11ed-0a80-0e2e002ec499"}}
2025-08-01 14:53:37 connect amo and myStore data {"meta":{"href":"https://api.moysklad.ru/api/remap/1.2/entity/project/5a0b3e18-e244-11ec-0a80-083900059d82","metadataHref":"https://api.moysklad.ru/api/remap/1.2/entity/project/metadata","type":"project","mediaType":"application/json","uuidHref":"https://online.moysklad.ru/app/#project/edit?id=5a0b3e18-e244-11ec-0a80-083900059d82"}}
2025-08-01 14:53:37 connect amo and myStore data "Никита Горбачев"
2025-08-01 14:53:37 data for order creation {"attributes":[{"meta":{"href":"https://api.moysklad.ru/api/remap/1.2/entity/customerorder/metadata/attributes/f35f3cd6-f8b8-11ed-0a80-026c003acc8d","type":"attributemetadata","mediaType":"application/json"},"value":"https://vivaherb.amocrm.ru/leads/detail/31745863"},{"meta":{"href":"https://api.moysklad.ru/api/remap/1.2/entity/customerorder/metadata/attributes/5d2b3641-f88c-11ed-0a80-030300324bbf","type":"attributemetadata","mediaType":"application/js
2025-08-01 14:53:38 create new order {"meta":{"href":"https://api.moysklad.ru/api/remap/1.2/entity/customerorder/28e74a5f-6ece-11f0-0a80-199e001a98ea","metadataHref":"https://api.moysklad.ru/api/remap/1.2/entity/customerorder/metadata","type":"customerorder","mediaType":"application/json","uuidHref":"https://online.moysklad.ru/app/#customerorder/edit?id=28e74a5f-6ece-11f0-0a80-199e001a98ea"},"id":"28e74a5f-6ece-11f0-0a80-199e001a98ea","accountId":"dc992fd7-e243-11ec-0a80-058e0000294e","owner":{"
2025-08-01 14:53:38 paymentInPrice 2091
2025-08-01 14:53:39 newPaymentIn {"meta":{"href":"https://api.moysklad.ru/api/remap/1.2/entity/paymentin/29a2279c-6ece-11f0-0a80-01c00019efd8","metadataHref":"https://api.moysklad.ru/api/remap/1.2/entity/paymentin/metadata","type":"paymentin","mediaType":"application/json","uuidHref":"https://online.moysklad.ru/app/#paymentin/edit?id=29a2279c-6ece-11f0-0a80-01c00019efd8"},"id":"29a2279c-6ece-11f0-0a80-01c00019efd8","accountId":"dc992fd7-e243-11ec-0a80-058e0000294e","owner":{"meta":{"href":"https
2025-08-01 14:53:39 OK ["OK"]
2025-08-01 14:54:38 store_script.php - 30509 crm - 27215649 {"order_id":"30509","cdeck_id":"1378035246","crm":"27215649","order_status":"cod"}
2025-08-01 14:54:38 request.php - https://vivaherb.amocrm.ru/api/v4/leads/27215649 PATCH 400  {"errors":{"27215649":"Lead not found"},"title":"Bad Request","type":"https://httpstatus.es/400","status":400,"detail":"Invalid request body"}
2025-08-01 14:54:38 request.php - https://vivaherb.amocrm.ru/api/v4/leads/27215649 PATCH 400  {"errors":{"27215649":"Lead not found"},"title":"Bad Request","type":"https://httpstatus.es/400","status":400,"detail":"Invalid request body"}
2025-08-01 14:54:38 store_script.php - 30509 crm - 27215649 END []
2025-08-01 14:54:39 store_script.php - 30980 crm - 27451493 {"order_id":"30980","cdeck_id":"1384831846","crm":"27451493","order_status":"yookassa_widget"}
2025-08-01 14:54:39 request.php - https://vivaherb.amocrm.ru/api/v4/leads/27451493 PATCH 400  {"errors":{"27451493":"Lead not found"},"title":"Bad Request","type":"https://httpstatus.es/400","status":400,"detail":"Invalid request body"}
2025-08-01 14:54:39 store_script.php - 30980 crm - 27451493 END []
2025-08-01 14:54:39 store_script.php - 31159 crm - 27523369 {"order_id":"31159","cdeck_id":"1388417736","crm":"27523369","order_status":"yookassa_widget"}
2025-08-01 14:54:39 request.php - https://vivaherb.amocrm.ru/api/v4/leads/27523369 PATCH 400  {"errors":{"27523369":"Lead not found"},"title":"Bad Request","type":"https://httpstatus.es/400","status":400,"detail":"Invalid request body"}
2025-08-01 14:54:40 store_script.php - 31159 crm - 27523369 END []
2025-08-01 14:54:40 store_script.php - 31689 crm - 27678093 {"order_id":"31689","cdeck_id":"1394658580","crm":"27678093","order_status":"cod"}
2025-08-01 14:54:40 request.php - https://vivaherb.amocrm.ru/api/v4/leads/27678093 PATCH 400  {"errors":{"27678093":"Lead not found"},"title":"Bad Request","type":"https://httpstatus.es/400","status":400,"detail":"Invalid request body"}
2025-08-01 14:54:40 request.php - https://vivaherb.amocrm.ru/api/v4/leads/27678093 PATCH 400  {"errors":{"27678093":"Lead not found"},"title":"Bad Request","type":"https://httpstatus.es/400","status":400,"detail":"Invalid request body"}
2025-08-01 14:54:40 store_script.php - 31689 crm - 27678093 END []
2025-08-01 14:54:41 store_script.php - 32666 crm - 28043619 {"order_id":"32666","cdeck_id":"1407999796","crm":"28043619","order_status":"yookassa_widget"}
2025-08-01 14:54:41 request.php - https://vivaherb.amocrm.ru/api/v4/leads/28043619 PATCH 400  {"errors":{"28043619":"Lead not found"},"title":"Bad Request","type":"https://httpstatus.es/400","status":400,"detail":"Invalid request body"}
2025-08-01 14:54:41 store_script.php - 32666 crm - 28043619 END []
2025-08-01 14:54:41 store_script.php - 35382 crm - 28949539 {"order_id":"35382","cdeck_id":"1440454117","crm":"28949539","order_status":"yookassa_widget"}
2025-08-01 14:54:42 request.php - https://vivaherb.amocrm.ru/api/v4/leads/28949539 PATCH 400  {"errors":{"28949539":"Lead not found"},"title":"Bad Request","type":"https://httpstatus.es/400","status":400,"detail":"Invalid request body"}
2025-08-01 14:54:42 store_script.php - 35382 crm - 28949539 END []
2025-08-01 14:54:42 store_script.php - 36740 crm - 29177633 {"order_id":"36740","cdeck_id":"1450621353","crm":"29177633","order_status":"yookassa_widget"}
2025-08-01 14:54:42 request.php - https://vivaherb.amocrm.ru/api/v4/leads/29177633 PATCH 400  {"errors":{"29177633":"Lead not found"},"title":"Bad Request","type":"https://httpstatus.es/400","status":400,"detail":"Invalid request body"}
2025-08-01 14:54:42 store_script.php - 36740 crm - 29177633 END []
2025-08-01 14:54:42 store_script.php - 43426 crm - 29759963 {"order_id":"43426","cdeck_id":"1492618495","crm":"29759963","order_status":"cod"}
2025-08-01 14:54:43 request.php - https://vivaherb.amocrm.ru/api/v4/leads/29759963 PATCH 400  {"errors":{"29759963":"Lead not found"},"title":"Bad Request","type":"https://httpstatus.es/400","status":400,"detail":"Invalid request body"}
2025-08-01 14:54:43 request.php - https://vivaherb.amocrm.ru/api/v4/leads/29759963 PATCH 400  {"errors":{"29759963":"Lead not found"},"title":"Bad Request","type":"https://httpstatus.es/400","status":400,"detail":"Invalid request body"}
2025-08-01 14:54:43 store_script.php - 43426 crm - 29759963 END []
2025-08-01 14:54:43 store_script.php - 55743 crm - 30571295 {"order_id":"55743","cdeck_id":"10011353606","crm":"30571295","order_status":"cod"}
2025-08-01 14:54:44 request.php - https://vivaherb.amocrm.ru/api/v4/leads/30571295 PATCH 400  {"errors":{"30571295":"Lead not found"},"title":"Bad Request","type":"https://httpstatus.es/400","status":400,"detail":"Invalid request body"}
2025-08-01 14:54:44 request.php - https://vivaherb.amocrm.ru/api/v4/leads/30571295 PATCH 400  {"errors":{"30571295":"Lead not found"},"title":"Bad Request","type":"https://httpstatus.es/400","status":400,"detail":"Invalid request body"}
2025-08-01 14:54:44 store_script.php - 55743 crm - 30571295 END []
2025-08-01 14:54:44 store_script.php - 56020 crm - 30580597 {"order_id":"56020","cdeck_id":"10012192492","crm":"30580597","order_status":"intellectmoney"}
2025-08-01 14:54:45 request.php - https://vivaherb.amocrm.ru/api/v4/leads/30580597 PATCH 400  {"errors":{"30580597":"Lead not found"},"title":"Bad Request","type":"https://httpstatus.es/400","status":400,"detail":"Invalid request body"}
2025-08-01 14:54:45 store_script.php - 56020 crm - 30580597 END []
2025-08-01 14:54:45 store_script.php - 58805 crm - 30699429 {"order_id":"58805","cdeck_id":"10024732090","crm":"30699429","order_status":"yookassa_widget"}
2025-08-01 14:54:45 request.php - https://vivaherb.amocrm.ru/api/v4/leads/30699429 PATCH 400  {"errors":{"30699429":"Lead not found"},"title":"Bad Request","type":"https://httpstatus.es/400","status":400,"detail":"Invalid request body"}
2025-08-01 14:54:46 store_script.php - 58805 crm - 30699429 END []
2025-08-01 14:54:46 store_script.php - 58825 crm - 30700377 {"order_id":"58825","cdeck_id":"10024878326","crm":"30700377","order_status":"yookassa_widget"}
2025-08-01 14:54:46 request.php - https://vivaherb.amocrm.ru/api/v4/leads/30700377 PATCH 400  {"errors":{"30700377":"Lead not found"},"title":"Bad Request","type":"https://httpstatus.es/400","status":400,"detail":"Invalid request body"}
2025-08-01 14:54:46 store_script.php - 58825 crm - 30700377 END []
2025-08-01 14:54:46 store_script.php - 58891 crm - 30702185 {"order_id":"58891","cdeck_id":"10025084375","crm":"30702185","order_status":"yookassa_widget"}
2025-08-01 14:54:47 request.php - https://vivaherb.amocrm.ru/api/v4/leads/30702185 PATCH 400  {"errors":{"30702185":"Lead not found"},"title":"Bad Request","type":"https://httpstatus.es/400","status":400,"detail":"Invalid request body"}
2025-08-01 14:54:47 store_script.php - 58891 crm - 30702185 END []
2025-08-01 14:54:47 store_script.php - 59176 crm - 30706013 {"order_id":"59176","cdeck_id":"10025584176","crm":"30706013","order_status":"yookassa_widget"}
2025-08-01 14:54:47 request.php - https://vivaherb.amocrm.ru/api/v4/leads/30706013 PATCH 400  {"errors":{"30706013":"Lead not found"},"title":"Bad Request","type":"https://httpstatus.es/400","status":400,"detail":"Invalid request body"}
2025-08-01 14:54:48 store_script.php - 59176 crm - 30706013 END []
2025-08-01 14:54:48 store_script.php - 59181 crm - 30706069 {"order_id":"59181","cdeck_id":"10025587928","crm":"30706069","order_status":"yookassa_widget"}
2025-08-01 14:54:48 request.php - https://vivaherb.amocrm.ru/api/v4/leads/30706069 PATCH 400  {"errors":{"30706069":"Lead not found"},"title":"Bad Request","type":"https://httpstatus.es/400","status":400,"detail":"Invalid request body"}
2025-08-01 14:54:48 store_script.php - 59181 crm - 30706069 END []
2025-08-01 14:54:48 store_script.php - 59187 crm - 30706147 {"order_id":"59187","cdeck_id":"10025595773","crm":"30706147","order_status":"yookassa_widget"}
2025-08-01 14:54:49 request.php - https://vivaherb.amocrm.ru/api/v4/leads/30706147 PATCH 400  {"errors":{"30706147":"Lead not found"},"title":"Bad Request","type":"https://httpstatus.es/400","status":400,"detail":"Invalid request body"}
2025-08-01 14:54:49 store_script.php - 59187 crm - 30706147 END []
2025-08-01 14:54:50 store_script.php - 59188 crm - 30706175 {"order_id":"59188","cdeck_id":"10025597779","crm":"30706175","order_status":"yookassa_widget"}
2025-08-01 14:54:50 request.php - https://vivaherb.amocrm.ru/api/v4/leads/30706175 PATCH 400  {"errors":{"30706175":"Lead not found"},"title":"Bad Request","type":"https://httpstatus.es/400","status":400,"detail":"Invalid request body"}
2025-08-01 14:54:50 store_script.php - 59188 crm - 30706175 END []
2025-08-01 14:54:51 store_script.php - 61931 crm - 30957731 {"order_id":"61931","cdeck_id":"10044840842","crm":"30957731","order_status":"yookassa_widget"}
2025-08-01 14:54:51 request.php - https://vivaherb.amocrm.ru/api/v4/leads/30957731 PATCH 400  {"errors":{"30957731":"Lead not found"},"title":"Bad Request","type":"https://httpstatus.es/400","status":400,"detail":"Invalid request body"}
2025-08-01 14:54:51 store_script.php - 61931 crm - 30957731 END []
2025-08-01 14:54:52 store_script.php - 64064 crm - 31115305 {"order_id":"64064","cdeck_id":"10067371813","crm":"31115305","order_status":"yookassa_widget"}
2025-08-01 14:54:52 request.php - https://vivaherb.amocrm.ru/api/v4/leads/31115305 PATCH 400  {"errors":{"31115305":"Lead not found"},"title":"Bad Request","type":"https://httpstatus.es/400","status":400,"detail":"Invalid request body"}
2025-08-01 14:54:52 store_script.php - 64064 crm - 31115305 END []
2025-08-01 14:54:53 store_script.php - 64110 crm - 31117287 {"order_id":"64110","cdeck_id":"10067760566","crm":"31117287","order_status":"yookassa_widget"}
2025-08-01 14:54:53 request.php - https://vivaherb.amocrm.ru/api/v4/leads/31117287 PATCH 400  {"errors":{"31117287":"Lead not found"},"title":"Bad Request","type":"https://httpstatus.es/400","status":400,"detail":"Invalid request body"}
2025-08-01 14:54:53 store_script.php - 64110 crm - 31117287 END []
2025-08-01 14:54:53 store_script.php - 64904 crm - 31188065 {"order_id":"64904","cdeck_id":"10075009440","crm":"31188065","order_status":"yookassa_widget"}
2025-08-01 14:54:54 request.php - https://vivaherb.amocrm.ru/api/v4/leads/31188065 PATCH 400  {"errors":{"31188065":"Lead not found"},"title":"Bad Request","type":"https://httpstatus.es/400","status":400,"detail":"Invalid request body"}
2025-08-01 14:54:54 store_script.php - 64904 crm - 31188065 END []
2025-08-01 14:54:54 store_script.php - 66655 crm - 31331987 {"order_id":"66655","cdeck_id":"10093681196","crm":"31331987","order_status":"yookassa_widget"}
2025-08-01 14:54:55 request.php - https://vivaherb.amocrm.ru/api/v4/leads/31331987 PATCH 400  {"errors":{"31331987":"Lead not found"},"title":"Bad Request","type":"https://httpstatus.es/400","status":400,"detail":"Invalid request body"}
2025-08-01 14:54:55 store_script.php - 66655 crm - 31331987 END []
2025-08-01 14:54:55 store_script.php - 66657 crm - 31332069 {"order_id":"66657","cdeck_id":"10093687362","crm":"31332069","order_status":"yookassa_widget"}
2025-08-01 14:54:55 request.php - https://vivaherb.amocrm.ru/api/v4/leads/31332069 PATCH 400  {"errors":{"31332069":"Lead not found"},"title":"Bad Request","type":"https://httpstatus.es/400","status":400,"detail":"Invalid request body"}
2025-08-01 14:54:55 store_script.php - 66657 crm - 31332069 END []
2025-08-01 14:54:56 store_script.php - 66765 crm - 31341715 {"order_id":"66765","cdeck_id":"10095118494","crm":"31341715","order_status":"cod"}
2025-08-01 14:54:56 request.php - https://vivaherb.amocrm.ru/api/v4/leads/31341715 PATCH 400  {"errors":{"31341715":"Lead not found"},"title":"Bad Request","type":"https://httpstatus.es/400","status":400,"detail":"Invalid request body"}
2025-08-01 14:54:56 request.php - https://vivaherb.amocrm.ru/api/v4/leads/31341715 PATCH 400  {"errors":{"31341715":"Lead not found"},"title":"Bad Request","type":"https://httpstatus.es/400","status":400,"detail":"Invalid request body"}
2025-08-01 14:54:56 store_script.php - 66765 crm - 31341715 END []
2025-08-01 14:54:57 store_script.php - 67842 crm - 31420031 {"order_id":"67842","cdeck_id":"10105128997","crm":"31420031","order_status":"yookassa_widget"}
2025-08-01 14:54:57 request.php - https://vivaherb.amocrm.ru/api/v4/leads/31420031 PATCH 400  {"errors":{"31420031":"Lead not found"},"title":"Bad Request","type":"https://httpstatus.es/400","status":400,"detail":"Invalid request body"}
2025-08-01 14:54:57 store_script.php - 67842 crm - 31420031 END []
2025-08-01 14:55:06 store_script.php - 70672 crm - 31684629 {"order_id":"70672","cdeck_id":"10137210974","crm":"31684629","order_status":"yookassa_widget"}
2025-08-01 14:55:07 request.php - https://vivaherb.amocrm.ru/api/v4/leads/31684629 PATCH 400  {"errors":{"31684629":"Lead not found"},"title":"Bad Request","type":"https://httpstatus.es/400","status":400,"detail":"Invalid request body"}
2025-08-01 14:55:07 store_script.php - 70672 crm - 31684629 END []
2025-08-01 14:55:13 store_script.php - 71199 crm - 31745863 {"order_id":"71199","cdeck_id":"10144392559","crm":"31745863","order_status":"intellectmoney"}
2025-08-01 14:55:14 store_script.php - 71199 crm - 31745863 get_oreder {"meta":{"href":"https://api.moysklad.ru/api/remap/1.2/entity/customerorder/28e74a5f-6ece-11f0-0a80-199e001a98ea","metadataHref":"https://api.moysklad.ru/api/remap/1.2/entity/customerorder/metadata","type":"customerorder","mediaType":"application/json","uuidHref":"https://online.moysklad.ru/app/#customerorder/edit?id=28e74a5f-6ece-11f0-0a80-199e001a98ea"},"id":"28e74a5f-6ece-11f0-0a80-199e001a98ea","accountId":"dc992fd7-e243-
2025-08-01 14:55:15 store_script.php - 71199 crm - 31745863 END []
2025-08-01 14:56:47 script 3 - input data from webhook {"id":"28e74a5f-6ece-11f0-0a80-199e001a98ea","type":"CustomerOrder","requestId":"aa5ed7a5-fb4e-4bbc-89b6-24d864a3baee"}
2025-08-01 14:56:47 script 3 - request to me https://vivaherb.ru/support/amo_mystore/scripts/amo_ms_order-sent.php?id=28e74a5f-6ece-11f0-0a80-199e001a98ea&type=CustomerOrder&requestId=aa5ed7a5-fb4e-4bbc-89b6-24d864a3baee {"id":"28e74a5f-6ece-11f0-0a80-199e001a98ea","status_id":"sent"}
2025-08-01 14:56:47 script 3 - input data from webhook {"id":"28e74a5f-6ece-11f0-0a80-199e001a98ea","status_id":"sent"}
2025-08-01 14:56:47 script 3 - change status in Amo order [{"Тип запроса":"contacts","Сущность в Амо":"lead","Наименование поля в Амо":"id контакта","Имя или id поля в Амо":"_embedded.contacts.0.id"},{"Тип запроса":"counterparty","Сущность в Амо":"contacts","Сущность в МойСклад":"Имя контрагента","Имя или id поля в МойСклад":"name","Префикс":"Рознич
2025-08-01 14:56:47 script 3 - change status in Amo order [{"Воронка":"VivaHerb","id воронки":"2139079","Поле сделки":"Способ оплаты","id поля сделки":"421383","Значение поля сделки":"Оплата при получении","id значения поля сделки":"598425","Поменять на статус":"Наложки отправлены","Поменять на статус (id статуса)":"31303804"},{"Воронк�
2025-08-01 14:56:48 script 3 - find order in myStore {"meta":{"href":"https://api.moysklad.ru/api/remap/1.2/entity/customerorder/28e74a5f-6ece-11f0-0a80-199e001a98ea","metadataHref":"https://api.moysklad.ru/api/remap/1.2/entity/customerorder/metadata","type":"customerorder","mediaType":"application/json","uuidHref":"https://online.moysklad.ru/app/#customerorder/edit?id=28e74a5f-6ece-11f0-0a80-199e001a98ea"},"id":"28e74a5f-6ece-11f0-0a80-199e001a98ea","accountId":"dc992fd7-e243-11ec-0a80-058e0000
2025-08-01 14:56:48 script 3 - find track "10144393860"
2025-08-01 14:56:48 script 3 - find CRM order {"id":31745863,"name":"Заказ VivaHerb от Никита Горбачев","price":2091,"responsible_user_id":8670562,"group_id":0,"status_id":30471025,"pipeline_id":2139079,"loss_reason_id":null,"created_by":0,"updated_by":0,"created_at":1754049151,"updated_at":1754049313,"closed_at":null,"closest_task_at":null,"is_deleted":false,"custom_fields_values":[{"field_id":164511,"field_name":"ORDER_ID","field_code":null,"field_type":"textarea","values"
2025-08-01 14:56:48 script 3 - get status 728957
2025-08-01 14:56:48 script 3 - get status 728957
2025-08-01 14:56:48 script 3 - set status "142"
2025-08-01 14:56:48 script 3 - push track number to Amo order {"id":31745863,"updated_at":1754049313,"_links":{"self":{"href":"https://vivaherb.amocrm.ru/api/v4/leads/31745863"}}}
2025-08-01 14:56:49 script 3 - change status in Amo order {"id":31745863,"updated_at":1754049409,"_links":{"self":{"href":"https://vivaherb.amocrm.ru/api/v4/leads/31745863"}}}
2025-08-01 15:54:04 store_script.php - 30509 crm - 27215649 {"order_id":"30509","cdeck_id":"1378035246","crm":"27215649","order_status":"cod"}
2025-08-01 15:54:04 request.php - https://vivaherb.amocrm.ru/api/v4/leads/27215649 PATCH 400  {"errors":{"27215649":"Lead not found"},"title":"Bad Request","type":"https://httpstatus.es/400","status":400,"detail":"Invalid request body"}
2025-08-01 15:54:05 request.php - https://vivaherb.amocrm.ru/api/v4/leads/27215649 PATCH 400  {"errors":{"27215649":"Lead not found"},"title":"Bad Request","type":"https://httpstatus.es/400","status":400,"detail":"Invalid request body"}
2025-08-01 15:54:06 store_script.php - 30509 crm - 27215649 END []
2025-08-01 15:54:06 store_script.php - 30980 crm - 27451493 {"order_id":"30980","cdeck_id":"1384831846","crm":"27451493","order_status":"yookassa_widget"}
2025-08-01 15:54:07 request.php - https://vivaherb.amocrm.ru/api/v4/leads/27451493 PATCH 400  {"errors":{"27451493":"Lead not found"},"title":"Bad Request","type":"https://httpstatus.es/400","status":400,"detail":"Invalid request body"}
2025-08-01 15:54:07 store_script.php - 30980 crm - 27451493 END []
2025-08-01 15:54:07 store_script.php - 31159 crm - 27523369 {"order_id":"31159","cdeck_id":"1388417736","crm":"27523369","order_status":"yookassa_widget"}
2025-08-01 15:54:08 request.php - https://vivaherb.amocrm.ru/api/v4/leads/27523369 PATCH 400  {"errors":{"27523369":"Lead not found"},"title":"Bad Request","type":"https://httpstatus.es/400","status":400,"detail":"Invalid request body"}
2025-08-01 15:54:08 store_script.php - 31159 crm - 27523369 END []
2025-08-01 15:54:08 store_script.php - 31689 crm - 27678093 {"order_id":"31689","cdeck_id":"1394658580","crm":"27678093","order_status":"cod"}
2025-08-01 15:54:09 request.php - https://vivaherb.amocrm.ru/api/v4/leads/27678093 PATCH 400  {"errors":{"27678093":"Lead not found"},"title":"Bad Request","type":"https://httpstatus.es/400","status":400,"detail":"Invalid request body"}
2025-08-01 15:54:09 request.php - https://vivaherb.amocrm.ru/api/v4/leads/27678093 PATCH 400  {"errors":{"27678093":"Lead not found"},"title":"Bad Request","type":"https://httpstatus.es/400","status":400,"detail":"Invalid request body"}
2025-08-01 15:54:10 store_script.php - 31689 crm - 27678093 END []
2025-08-01 15:54:10 store_script.php - 32666 crm - 28043619 {"order_id":"32666","cdeck_id":"1407999796","crm":"28043619","order_status":"yookassa_widget"}
2025-08-01 15:54:11 request.php - https://vivaherb.amocrm.ru/api/v4/leads/28043619 PATCH 400  {"errors":{"28043619":"Lead not found"},"title":"Bad Request","type":"https://httpstatus.es/400","status":400,"detail":"Invalid request body"}
2025-08-01 15:54:11 store_script.php - 32666 crm - 28043619 END []
2025-08-01 15:54:11 store_script.php - 35382 crm - 28949539 {"order_id":"35382","cdeck_id":"1440454117","crm":"28949539","order_status":"yookassa_widget"}
2025-08-01 15:54:12 request.php - https://vivaherb.amocrm.ru/api/v4/leads/28949539 PATCH 400  {"errors":{"28949539":"Lead not found"},"title":"Bad Request","type":"https://httpstatus.es/400","status":400,"detail":"Invalid request body"}
2025-08-01 15:54:12 store_script.php - 35382 crm - 28949539 END []
2025-08-01 15:54:12 store_script.php - 36740 crm - 29177633 {"order_id":"36740","cdeck_id":"1450621353","crm":"29177633","order_status":"yookassa_widget"}
2025-08-01 15:54:13 request.php - https://vivaherb.amocrm.ru/api/v4/leads/29177633 PATCH 400  {"errors":{"29177633":"Lead not found"},"title":"Bad Request","type":"https://httpstatus.es/400","status":400,"detail":"Invalid request body"}
2025-08-01 15:54:13 store_script.php - 36740 crm - 29177633 END []
2025-08-01 15:54:13 store_script.php - 43426 crm - 29759963 {"order_id":"43426","cdeck_id":"1492618495","crm":"29759963","order_status":"cod"}
2025-08-01 15:54:14 request.php - https://vivaherb.amocrm.ru/api/v4/leads/29759963 PATCH 400  {"errors":{"29759963":"Lead not found"},"title":"Bad Request","type":"https://httpstatus.es/400","status":400,"detail":"Invalid request body"}
2025-08-01 15:54:14 request.php - https://vivaherb.amocrm.ru/api/v4/leads/29759963 PATCH 400  {"errors":{"29759963":"Lead not found"},"title":"Bad Request","type":"https://httpstatus.es/400","status":400,"detail":"Invalid request body"}
2025-08-01 15:54:14 store_script.php - 43426 crm - 29759963 END []
2025-08-01 15:54:14 store_script.php - 55743 crm - 30571295 {"order_id":"55743","cdeck_id":"10011353606","crm":"30571295","order_status":"cod"}
2025-08-01 15:54:15 request.php - https://vivaherb.amocrm.ru/api/v4/leads/30571295 PATCH 400  {"errors":{"30571295":"Lead not found"},"title":"Bad Request","type":"https://httpstatus.es/400","status":400,"detail":"Invalid request body"}
2025-08-01 15:54:15 request.php - https://vivaherb.amocrm.ru/api/v4/leads/30571295 PATCH 400  {"errors":{"30571295":"Lead not found"},"title":"Bad Request","type":"https://httpstatus.es/400","status":400,"detail":"Invalid request body"}
2025-08-01 15:54:15 store_script.php - 55743 crm - 30571295 END []
2025-08-01 15:54:15 store_script.php - 56020 crm - 30580597 {"order_id":"56020","cdeck_id":"10012192492","crm":"30580597","order_status":"intellectmoney"}
2025-08-01 15:54:16 request.php - https://vivaherb.amocrm.ru/api/v4/leads/30580597 PATCH 400  {"errors":{"30580597":"Lead not found"},"title":"Bad Request","type":"https://httpstatus.es/400","status":400,"detail":"Invalid request body"}
2025-08-01 15:54:16 store_script.php - 56020 crm - 30580597 END []
2025-08-01 15:54:16 store_script.php - 58805 crm - 30699429 {"order_id":"58805","cdeck_id":"10024732090","crm":"30699429","order_status":"yookassa_widget"}
2025-08-01 15:54:16 request.php - https://vivaherb.amocrm.ru/api/v4/leads/30699429 PATCH 400  {"errors":{"30699429":"Lead not found"},"title":"Bad Request","type":"https://httpstatus.es/400","status":400,"detail":"Invalid request body"}
2025-08-01 15:54:17 store_script.php - 58805 crm - 30699429 END []
2025-08-01 15:54:17 store_script.php - 58825 crm - 30700377 {"order_id":"58825","cdeck_id":"10024878326","crm":"30700377","order_status":"yookassa_widget"}
2025-08-01 15:54:17 request.php - https://vivaherb.amocrm.ru/api/v4/leads/30700377 PATCH 400  {"errors":{"30700377":"Lead not found"},"title":"Bad Request","type":"https://httpstatus.es/400","status":400,"detail":"Invalid request body"}
2025-08-01 15:54:18 store_script.php - 58825 crm - 30700377 END []
2025-08-01 15:54:18 store_script.php - 58891 crm - 30702185 {"order_id":"58891","cdeck_id":"10025084375","crm":"30702185","order_status":"yookassa_widget"}
2025-08-01 15:54:18 request.php - https://vivaherb.amocrm.ru/api/v4/leads/30702185 PATCH 400  {"errors":{"30702185":"Lead not found"},"title":"Bad Request","type":"https://httpstatus.es/400","status":400,"detail":"Invalid request body"}
2025-08-01 15:54:18 store_script.php - 58891 crm - 30702185 END []
2025-08-01 15:54:18 store_script.php - 59176 crm - 30706013 {"order_id":"59176","cdeck_id":"10025584176","crm":"30706013","order_status":"yookassa_widget"}
2025-08-01 15:54:19 request.php - https://vivaherb.amocrm.ru/api/v4/leads/30706013 PATCH 400  {"errors":{"30706013":"Lead not found"},"title":"Bad Request","type":"https://httpstatus.es/400","status":400,"detail":"Invalid request body"}
2025-08-01 15:54:19 store_script.php - 59176 crm - 30706013 END []
2025-08-01 15:54:19 store_script.php - 59181 crm - 30706069 {"order_id":"59181","cdeck_id":"10025587928","crm":"30706069","order_status":"yookassa_widget"}
2025-08-01 15:54:19 request.php - https://vivaherb.amocrm.ru/api/v4/leads/30706069 PATCH 400  {"errors":{"30706069":"Lead not found"},"title":"Bad Request","type":"https://httpstatus.es/400","status":400,"detail":"Invalid request body"}
2025-08-01 15:54:20 store_script.php - 59181 crm - 30706069 END []
2025-08-01 15:54:20 store_script.php - 59187 crm - 30706147 {"order_id":"59187","cdeck_id":"10025595773","crm":"30706147","order_status":"yookassa_widget"}
2025-08-01 15:54:20 request.php - https://vivaherb.amocrm.ru/api/v4/leads/30706147 PATCH 400  {"errors":{"30706147":"Lead not found"},"title":"Bad Request","type":"https://httpstatus.es/400","status":400,"detail":"Invalid request body"}
2025-08-01 15:54:20 store_script.php - 59187 crm - 30706147 END []
2025-08-01 15:54:21 store_script.php - 59188 crm - 30706175 {"order_id":"59188","cdeck_id":"10025597779","crm":"30706175","order_status":"yookassa_widget"}
2025-08-01 15:54:21 request.php - https://vivaherb.amocrm.ru/api/v4/leads/30706175 PATCH 400  {"errors":{"30706175":"Lead not found"},"title":"Bad Request","type":"https://httpstatus.es/400","status":400,"detail":"Invalid request body"}
2025-08-01 15:54:21 store_script.php - 59188 crm - 30706175 END []
2025-08-01 15:54:22 store_script.php - 61931 crm - 30957731 {"order_id":"61931","cdeck_id":"10044840842","crm":"30957731","order_status":"yookassa_widget"}
2025-08-01 15:54:22 request.php - https://vivaherb.amocrm.ru/api/v4/leads/30957731 PATCH 400  {"errors":{"30957731":"Lead not found"},"title":"Bad Request","type":"https://httpstatus.es/400","status":400,"detail":"Invalid request body"}
2025-08-01 15:54:22 store_script.php - 61931 crm - 30957731 END []
2025-08-01 15:54:23 store_script.php - 64064 crm - 31115305 {"order_id":"64064","cdeck_id":"10067371813","crm":"31115305","order_status":"yookassa_widget"}
2025-08-01 15:54:23 request.php - https://vivaherb.amocrm.ru/api/v4/leads/31115305 PATCH 400  {"errors":{"31115305":"Lead not found"},"title":"Bad Request","type":"https://httpstatus.es/400","status":400,"detail":"Invalid request body"}
2025-08-01 15:54:23 store_script.php - 64064 crm - 31115305 END []
2025-08-01 15:54:24 store_script.php - 64110 crm - 31117287 {"order_id":"64110","cdeck_id":"10067760566","crm":"31117287","order_status":"yookassa_widget"}
2025-08-01 15:54:24 request.php - https://vivaherb.amocrm.ru/api/v4/leads/31117287 PATCH 400  {"errors":{"31117287":"Lead not found"},"title":"Bad Request","type":"https://httpstatus.es/400","status":400,"detail":"Invalid request body"}
2025-08-01 15:54:24 store_script.php - 64110 crm - 31117287 END []
2025-08-01 15:54:24 store_script.php - 64904 crm - 31188065 {"order_id":"64904","cdeck_id":"10075009440","crm":"31188065","order_status":"yookassa_widget"}
2025-08-01 15:54:25 request.php - https://vivaherb.amocrm.ru/api/v4/leads/31188065 PATCH 400  {"errors":{"31188065":"Lead not found"},"title":"Bad Request","type":"https://httpstatus.es/400","status":400,"detail":"Invalid request body"}
2025-08-01 15:54:25 store_script.php - 64904 crm - 31188065 END []
2025-08-01 15:54:25 store_script.php - 66655 crm - 31331987 {"order_id":"66655","cdeck_id":"10093681196","crm":"31331987","order_status":"yookassa_widget"}
2025-08-01 15:54:26 request.php - https://vivaherb.amocrm.ru/api/v4/leads/31331987 PATCH 400  {"errors":{"31331987":"Lead not found"},"title":"Bad Request","type":"https://httpstatus.es/400","status":400,"detail":"Invalid request body"}
2025-08-01 15:54:26 store_script.php - 66655 crm - 31331987 END []
2025-08-01 15:54:26 store_script.php - 66657 crm - 31332069 {"order_id":"66657","cdeck_id":"10093687362","crm":"31332069","order_status":"yookassa_widget"}
2025-08-01 15:54:26 request.php - https://vivaherb.amocrm.ru/api/v4/leads/31332069 PATCH 400  {"errors":{"31332069":"Lead not found"},"title":"Bad Request","type":"https://httpstatus.es/400","status":400,"detail":"Invalid request body"}
2025-08-01 15:54:26 store_script.php - 66657 crm - 31332069 END []
2025-08-01 15:54:27 store_script.php - 66765 crm - 31341715 {"order_id":"66765","cdeck_id":"10095118494","crm":"31341715","order_status":"cod"}
2025-08-01 15:54:27 request.php - https://vivaherb.amocrm.ru/api/v4/leads/31341715 PATCH 400  {"errors":{"31341715":"Lead not found"},"title":"Bad Request","type":"https://httpstatus.es/400","status":400,"detail":"Invalid request body"}
2025-08-01 15:54:27 request.php - https://vivaherb.amocrm.ru/api/v4/leads/31341715 PATCH 400  {"errors":{"31341715":"Lead not found"},"title":"Bad Request","type":"https://httpstatus.es/400","status":400,"detail":"Invalid request body"}
2025-08-01 15:54:27 store_script.php - 66765 crm - 31341715 END []
2025-08-01 15:54:28 store_script.php - 67842 crm - 31420031 {"order_id":"67842","cdeck_id":"10105128997","crm":"31420031","order_status":"yookassa_widget"}
2025-08-01 15:54:28 request.php - https://vivaherb.amocrm.ru/api/v4/leads/31420031 PATCH 400  {"errors":{"31420031":"Lead not found"},"title":"Bad Request","type":"https://httpstatus.es/400","status":400,"detail":"Invalid request body"}
2025-08-01 15:54:28 store_script.php - 67842 crm - 31420031 END []
2025-08-01 15:54:37 store_script.php - 70672 crm - 31684629 {"order_id":"70672","cdeck_id":"10137210974","crm":"31684629","order_status":"yookassa_widget"}
2025-08-01 15:54:37 request.php - https://vivaherb.amocrm.ru/api/v4/leads/31684629 PATCH 400  {"errors":{"31684629":"Lead not found"},"title":"Bad Request","type":"https://httpstatus.es/400","status":400,"detail":"Invalid request body"}
2025-08-01 15:54:37 store_script.php - 70672 crm - 31684629 END []
2025-08-01 16:54:12 store_script.php - 30509 crm - 27215649 {"order_id":"30509","cdeck_id":"1378035246","crm":"27215649","order_status":"cod"}
2025-08-01 16:54:12 request.php - https://vivaherb.amocrm.ru/api/v4/leads/27215649 PATCH 400  {"errors":{"27215649":"Lead not found"},"title":"Bad Request","type":"https://httpstatus.es/400","status":400,"detail":"Invalid request body"}
2025-08-01 16:54:13 request.php - https://vivaherb.amocrm.ru/api/v4/leads/27215649 PATCH 400  {"errors":{"27215649":"Lead not found"},"title":"Bad Request","type":"https://httpstatus.es/400","status":400,"detail":"Invalid request body"}
2025-08-01 16:54:13 store_script.php - 30509 crm - 27215649 END []
2025-08-01 16:54:13 store_script.php - 30980 crm - 27451493 {"order_id":"30980","cdeck_id":"1384831846","crm":"27451493","order_status":"yookassa_widget"}
2025-08-01 16:54:14 request.php - https://vivaherb.amocrm.ru/api/v4/leads/27451493 PATCH 400  {"errors":{"27451493":"Lead not found"},"title":"Bad Request","type":"https://httpstatus.es/400","status":400,"detail":"Invalid request body"}
2025-08-01 16:54:14 store_script.php - 30980 crm - 27451493 END []
2025-08-01 16:54:14 store_script.php - 31159 crm - 27523369 {"order_id":"31159","cdeck_id":"1388417736","crm":"27523369","order_status":"yookassa_widget"}
2025-08-01 16:54:15 request.php - https://vivaherb.amocrm.ru/api/v4/leads/27523369 PATCH 400  {"errors":{"27523369":"Lead not found"},"title":"Bad Request","type":"https://httpstatus.es/400","status":400,"detail":"Invalid request body"}
2025-08-01 16:54:15 store_script.php - 31159 crm - 27523369 END []
2025-08-01 16:54:15 store_script.php - 31689 crm - 27678093 {"order_id":"31689","cdeck_id":"1394658580","crm":"27678093","order_status":"cod"}
2025-08-01 16:54:15 request.php - https://vivaherb.amocrm.ru/api/v4/leads/27678093 PATCH 400  {"errors":{"27678093":"Lead not found"},"title":"Bad Request","type":"https://httpstatus.es/400","status":400,"detail":"Invalid request body"}
2025-08-01 16:54:16 request.php - https://vivaherb.amocrm.ru/api/v4/leads/27678093 PATCH 400  {"errors":{"27678093":"Lead not found"},"title":"Bad Request","type":"https://httpstatus.es/400","status":400,"detail":"Invalid request body"}
2025-08-01 16:54:16 store_script.php - 31689 crm - 27678093 END []
2025-08-01 16:54:16 store_script.php - 32666 crm - 28043619 {"order_id":"32666","cdeck_id":"1407999796","crm":"28043619","order_status":"yookassa_widget"}
2025-08-01 16:54:16 request.php - https://vivaherb.amocrm.ru/api/v4/leads/28043619 PATCH 400  {"errors":{"28043619":"Lead not found"},"title":"Bad Request","type":"https://httpstatus.es/400","status":400,"detail":"Invalid request body"}
2025-08-01 16:54:17 store_script.php - 32666 crm - 28043619 END []
2025-08-01 16:54:17 store_script.php - 35382 crm - 28949539 {"order_id":"35382","cdeck_id":"1440454117","crm":"28949539","order_status":"yookassa_widget"}
2025-08-01 16:54:17 request.php - https://vivaherb.amocrm.ru/api/v4/leads/28949539 PATCH 400  {"errors":{"28949539":"Lead not found"},"title":"Bad Request","type":"https://httpstatus.es/400","status":400,"detail":"Invalid request body"}
2025-08-01 16:54:17 store_script.php - 35382 crm - 28949539 END []
2025-08-01 16:54:17 store_script.php - 36740 crm - 29177633 {"order_id":"36740","cdeck_id":"1450621353","crm":"29177633","order_status":"yookassa_widget"}
2025-08-01 16:54:18 request.php - https://vivaherb.amocrm.ru/api/v4/leads/29177633 PATCH 400  {"errors":{"29177633":"Lead not found"},"title":"Bad Request","type":"https://httpstatus.es/400","status":400,"detail":"Invalid request body"}
2025-08-01 16:54:18 store_script.php - 36740 crm - 29177633 END []
2025-08-01 16:54:18 store_script.php - 43426 crm - 29759963 {"order_id":"43426","cdeck_id":"1492618495","crm":"29759963","order_status":"cod"}
2025-08-01 16:54:18 request.php - https://vivaherb.amocrm.ru/api/v4/leads/29759963 PATCH 400  {"errors":{"29759963":"Lead not found"},"title":"Bad Request","type":"https://httpstatus.es/400","status":400,"detail":"Invalid request body"}
2025-08-01 16:54:19 request.php - https://vivaherb.amocrm.ru/api/v4/leads/29759963 PATCH 400  {"errors":{"29759963":"Lead not found"},"title":"Bad Request","type":"https://httpstatus.es/400","status":400,"detail":"Invalid request body"}
2025-08-01 16:54:19 store_script.php - 43426 crm - 29759963 END []
2025-08-01 16:54:19 store_script.php - 55743 crm - 30571295 {"order_id":"55743","cdeck_id":"10011353606","crm":"30571295","order_status":"cod"}
2025-08-01 16:54:19 request.php - https://vivaherb.amocrm.ru/api/v4/leads/30571295 PATCH 400  {"errors":{"30571295":"Lead not found"},"title":"Bad Request","type":"https://httpstatus.es/400","status":400,"detail":"Invalid request body"}
2025-08-01 16:54:20 request.php - https://vivaherb.amocrm.ru/api/v4/leads/30571295 PATCH 400  {"errors":{"30571295":"Lead not found"},"title":"Bad Request","type":"https://httpstatus.es/400","status":400,"detail":"Invalid request body"}
2025-08-01 16:54:20 store_script.php - 55743 crm - 30571295 END []
2025-08-01 16:54:20 store_script.php - 56020 crm - 30580597 {"order_id":"56020","cdeck_id":"10012192492","crm":"30580597","order_status":"intellectmoney"}
2025-08-01 16:54:20 request.php - https://vivaherb.amocrm.ru/api/v4/leads/30580597 PATCH 400  {"errors":{"30580597":"Lead not found"},"title":"Bad Request","type":"https://httpstatus.es/400","status":400,"detail":"Invalid request body"}
2025-08-01 16:54:20 store_script.php - 56020 crm - 30580597 END []
2025-08-01 16:54:21 store_script.php - 58805 crm - 30699429 {"order_id":"58805","cdeck_id":"10024732090","crm":"30699429","order_status":"yookassa_widget"}
2025-08-01 16:54:21 request.php - https://vivaherb.amocrm.ru/api/v4/leads/30699429 PATCH 400  {"errors":{"30699429":"Lead not found"},"title":"Bad Request","type":"https://httpstatus.es/400","status":400,"detail":"Invalid request body"}
2025-08-01 16:54:21 store_script.php - 58805 crm - 30699429 END []
2025-08-01 16:54:21 store_script.php - 58825 crm - 30700377 {"order_id":"58825","cdeck_id":"10024878326","crm":"30700377","order_status":"yookassa_widget"}
2025-08-01 16:54:21 request.php - https://vivaherb.amocrm.ru/api/v4/leads/30700377 PATCH 400  {"errors":{"30700377":"Lead not found"},"title":"Bad Request","type":"https://httpstatus.es/400","status":400,"detail":"Invalid request body"}
2025-08-01 16:54:22 store_script.php - 58825 crm - 30700377 END []
2025-08-01 16:54:22 store_script.php - 58891 crm - 30702185 {"order_id":"58891","cdeck_id":"10025084375","crm":"30702185","order_status":"yookassa_widget"}
2025-08-01 16:54:22 request.php - https://vivaherb.amocrm.ru/api/v4/leads/30702185 PATCH 400  {"errors":{"30702185":"Lead not found"},"title":"Bad Request","type":"https://httpstatus.es/400","status":400,"detail":"Invalid request body"}
2025-08-01 16:54:22 store_script.php - 58891 crm - 30702185 END []
2025-08-01 16:54:22 store_script.php - 59176 crm - 30706013 {"order_id":"59176","cdeck_id":"10025584176","crm":"30706013","order_status":"yookassa_widget"}
2025-08-01 16:54:23 request.php - https://vivaherb.amocrm.ru/api/v4/leads/30706013 PATCH 400  {"errors":{"30706013":"Lead not found"},"title":"Bad Request","type":"https://httpstatus.es/400","status":400,"detail":"Invalid request body"}
2025-08-01 16:54:23 store_script.php - 59176 crm - 30706013 END []
2025-08-01 16:54:23 store_script.php - 59181 crm - 30706069 {"order_id":"59181","cdeck_id":"10025587928","crm":"30706069","order_status":"yookassa_widget"}
2025-08-01 16:54:23 request.php - https://vivaherb.amocrm.ru/api/v4/leads/30706069 PATCH 400  {"errors":{"30706069":"Lead not found"},"title":"Bad Request","type":"https://httpstatus.es/400","status":400,"detail":"Invalid request body"}
2025-08-01 16:54:24 store_script.php - 59181 crm - 30706069 END []
2025-08-01 16:54:24 store_script.php - 59187 crm - 30706147 {"order_id":"59187","cdeck_id":"10025595773","crm":"30706147","order_status":"yookassa_widget"}
2025-08-01 16:54:24 request.php - https://vivaherb.amocrm.ru/api/v4/leads/30706147 PATCH 400  {"errors":{"30706147":"Lead not found"},"title":"Bad Request","type":"https://httpstatus.es/400","status":400,"detail":"Invalid request body"}
2025-08-01 16:54:25 store_script.php - 59187 crm - 30706147 END []
2025-08-01 16:54:25 store_script.php - 59188 crm - 30706175 {"order_id":"59188","cdeck_id":"10025597779","crm":"30706175","order_status":"yookassa_widget"}
2025-08-01 16:54:26 request.php - https://vivaherb.amocrm.ru/api/v4/leads/30706175 PATCH 400  {"errors":{"30706175":"Lead not found"},"title":"Bad Request","type":"https://httpstatus.es/400","status":400,"detail":"Invalid request body"}
2025-08-01 16:54:26 store_script.php - 59188 crm - 30706175 END []
2025-08-01 16:54:26 store_script.php - 61931 crm - 30957731 {"order_id":"61931","cdeck_id":"10044840842","crm":"30957731","order_status":"yookassa_widget"}
2025-08-01 16:54:27 request.php - https://vivaherb.amocrm.ru/api/v4/leads/30957731 PATCH 400  {"errors":{"30957731":"Lead not found"},"title":"Bad Request","type":"https://httpstatus.es/400","status":400,"detail":"Invalid request body"}
2025-08-01 16:54:27 store_script.php - 61931 crm - 30957731 END []
2025-08-01 16:54:28 store_script.php - 64064 crm - 31115305 {"order_id":"64064","cdeck_id":"10067371813","crm":"31115305","order_status":"yookassa_widget"}
2025-08-01 16:54:28 request.php - https://vivaherb.amocrm.ru/api/v4/leads/31115305 PATCH 400  {"errors":{"31115305":"Lead not found"},"title":"Bad Request","type":"https://httpstatus.es/400","status":400,"detail":"Invalid request body"}
2025-08-01 16:54:28 store_script.php - 64064 crm - 31115305 END []
2025-08-01 16:54:28 store_script.php - 64110 crm - 31117287 {"order_id":"64110","cdeck_id":"10067760566","crm":"31117287","order_status":"yookassa_widget"}
2025-08-01 16:54:29 request.php - https://vivaherb.amocrm.ru/api/v4/leads/31117287 PATCH 400  {"errors":{"31117287":"Lead not found"},"title":"Bad Request","type":"https://httpstatus.es/400","status":400,"detail":"Invalid request body"}
2025-08-01 16:54:29 store_script.php - 64110 crm - 31117287 END []
2025-08-01 16:54:29 store_script.php - 64904 crm - 31188065 {"order_id":"64904","cdeck_id":"10075009440","crm":"31188065","order_status":"yookassa_widget"}
2025-08-01 16:54:29 request.php - https://vivaherb.amocrm.ru/api/v4/leads/31188065 PATCH 400  {"errors":{"31188065":"Lead not found"},"title":"Bad Request","type":"https://httpstatus.es/400","status":400,"detail":"Invalid request body"}
2025-08-01 16:54:30 store_script.php - 64904 crm - 31188065 END []
2025-08-01 16:54:30 store_script.php - 66655 crm - 31331987 {"order_id":"66655","cdeck_id":"10093681196","crm":"31331987","order_status":"yookassa_widget"}
2025-08-01 16:54:30 request.php - https://vivaherb.amocrm.ru/api/v4/leads/31331987 PATCH 400  {"errors":{"31331987":"Lead not found"},"title":"Bad Request","type":"https://httpstatus.es/400","status":400,"detail":"Invalid request body"}
2025-08-01 16:54:31 store_script.php - 66655 crm - 31331987 END []
2025-08-01 16:54:31 store_script.php - 66657 crm - 31332069 {"order_id":"66657","cdeck_id":"10093687362","crm":"31332069","order_status":"yookassa_widget"}
2025-08-01 16:54:31 request.php - https://vivaherb.amocrm.ru/api/v4/leads/31332069 PATCH 400  {"errors":{"31332069":"Lead not found"},"title":"Bad Request","type":"https://httpstatus.es/400","status":400,"detail":"Invalid request body"}
2025-08-01 16:54:31 store_script.php - 66657 crm - 31332069 END []
2025-08-01 16:54:31 store_script.php - 66765 crm - 31341715 {"order_id":"66765","cdeck_id":"10095118494","crm":"31341715","order_status":"cod"}
2025-08-01 16:54:32 request.php - https://vivaherb.amocrm.ru/api/v4/leads/31341715 PATCH 400  {"errors":{"31341715":"Lead not found"},"title":"Bad Request","type":"https://httpstatus.es/400","status":400,"detail":"Invalid request body"}
2025-08-01 16:54:32 request.php - https://vivaherb.amocrm.ru/api/v4/leads/31341715 PATCH 400  {"errors":{"31341715":"Lead not found"},"title":"Bad Request","type":"https://httpstatus.es/400","status":400,"detail":"Invalid request body"}
2025-08-01 16:54:32 store_script.php - 66765 crm - 31341715 END []
2025-08-01 16:54:32 store_script.php - 67842 crm - 31420031 {"order_id":"67842","cdeck_id":"10105128997","crm":"31420031","order_status":"yookassa_widget"}
2025-08-01 16:54:33 request.php - https://vivaherb.amocrm.ru/api/v4/leads/31420031 PATCH 400  {"errors":{"31420031":"Lead not found"},"title":"Bad Request","type":"https://httpstatus.es/400","status":400,"detail":"Invalid request body"}
2025-08-01 16:54:33 store_script.php - 67842 crm - 31420031 END []
2025-08-01 16:54:41 store_script.php - 70672 crm - 31684629 {"order_id":"70672","cdeck_id":"10137210974","crm":"31684629","order_status":"yookassa_widget"}
2025-08-01 16:54:42 request.php - https://vivaherb.amocrm.ru/api/v4/leads/31684629 PATCH 400  {"errors":{"31684629":"Lead not found"},"title":"Bad Request","type":"https://httpstatus.es/400","status":400,"detail":"Invalid request body"}
2025-08-01 16:54:42 store_script.php - 70672 crm - 31684629 END []
2025-08-01 17:54:24 store_script.php - 30509 crm - 27215649 {"order_id":"30509","cdeck_id":"1378035246","crm":"27215649","order_status":"cod"}
2025-08-01 17:54:24 request.php - https://vivaherb.amocrm.ru/api/v4/leads/27215649 PATCH 400  {"errors":{"27215649":"Lead not found"},"title":"Bad Request","type":"https://httpstatus.es/400","status":400,"detail":"Invalid request body"}
2025-08-01 17:54:24 request.php - https://vivaherb.amocrm.ru/api/v4/leads/27215649 PATCH 400  {"errors":{"27215649":"Lead not found"},"title":"Bad Request","type":"https://httpstatus.es/400","status":400,"detail":"Invalid request body"}
2025-08-01 17:54:24 store_script.php - 30509 crm - 27215649 END []
2025-08-01 17:54:25 store_script.php - 30980 crm - 27451493 {"order_id":"30980","cdeck_id":"1384831846","crm":"27451493","order_status":"yookassa_widget"}
2025-08-01 17:54:25 request.php - https://vivaherb.amocrm.ru/api/v4/leads/27451493 PATCH 400  {"errors":{"27451493":"Lead not found"},"title":"Bad Request","type":"https://httpstatus.es/400","status":400,"detail":"Invalid request body"}
2025-08-01 17:54:25 store_script.php - 30980 crm - 27451493 END []
2025-08-01 17:54:25 store_script.php - 31159 crm - 27523369 {"order_id":"31159","cdeck_id":"1388417736","crm":"27523369","order_status":"yookassa_widget"}
2025-08-01 17:54:25 request.php - https://vivaherb.amocrm.ru/api/v4/leads/27523369 PATCH 400  {"errors":{"27523369":"Lead not found"},"title":"Bad Request","type":"https://httpstatus.es/400","status":400,"detail":"Invalid request body"}
2025-08-01 17:54:26 store_script.php - 31159 crm - 27523369 END []
2025-08-01 17:54:26 store_script.php - 31689 crm - 27678093 {"order_id":"31689","cdeck_id":"1394658580","crm":"27678093","order_status":"cod"}
2025-08-01 17:54:26 request.php - https://vivaherb.amocrm.ru/api/v4/leads/27678093 PATCH 400  {"errors":{"27678093":"Lead not found"},"title":"Bad Request","type":"https://httpstatus.es/400","status":400,"detail":"Invalid request body"}
2025-08-01 17:54:26 request.php - https://vivaherb.amocrm.ru/api/v4/leads/27678093 PATCH 400  {"errors":{"27678093":"Lead not found"},"title":"Bad Request","type":"https://httpstatus.es/400","status":400,"detail":"Invalid request body"}
2025-08-01 17:54:26 store_script.php - 31689 crm - 27678093 END []
2025-08-01 17:54:27 store_script.php - 32666 crm - 28043619 {"order_id":"32666","cdeck_id":"1407999796","crm":"28043619","order_status":"yookassa_widget"}
2025-08-01 17:54:27 request.php - https://vivaherb.amocrm.ru/api/v4/leads/28043619 PATCH 400  {"errors":{"28043619":"Lead not found"},"title":"Bad Request","type":"https://httpstatus.es/400","status":400,"detail":"Invalid request body"}
2025-08-01 17:54:27 store_script.php - 32666 crm - 28043619 END []
2025-08-01 17:54:27 store_script.php - 35382 crm - 28949539 {"order_id":"35382","cdeck_id":"1440454117","crm":"28949539","order_status":"yookassa_widget"}
2025-08-01 17:54:27 request.php - https://vivaherb.amocrm.ru/api/v4/leads/28949539 PATCH 400  {"errors":{"28949539":"Lead not found"},"title":"Bad Request","type":"https://httpstatus.es/400","status":400,"detail":"Invalid request body"}
2025-08-01 17:54:28 store_script.php - 35382 crm - 28949539 END []
2025-08-01 17:54:28 store_script.php - 36740 crm - 29177633 {"order_id":"36740","cdeck_id":"1450621353","crm":"29177633","order_status":"yookassa_widget"}
2025-08-01 17:54:28 request.php - https://vivaherb.amocrm.ru/api/v4/leads/29177633 PATCH 400  {"errors":{"29177633":"Lead not found"},"title":"Bad Request","type":"https://httpstatus.es/400","status":400,"detail":"Invalid request body"}
2025-08-01 17:54:28 store_script.php - 36740 crm - 29177633 END []
2025-08-01 17:54:28 store_script.php - 43426 crm - 29759963 {"order_id":"43426","cdeck_id":"1492618495","crm":"29759963","order_status":"cod"}
2025-08-01 17:54:29 request.php - https://vivaherb.amocrm.ru/api/v4/leads/29759963 PATCH 400  {"errors":{"29759963":"Lead not found"},"title":"Bad Request","type":"https://httpstatus.es/400","status":400,"detail":"Invalid request body"}
2025-08-01 17:54:29 request.php - https://vivaherb.amocrm.ru/api/v4/leads/29759963 PATCH 400  {"errors":{"29759963":"Lead not found"},"title":"Bad Request","type":"https://httpstatus.es/400","status":400,"detail":"Invalid request body"}
2025-08-01 17:54:29 store_script.php - 43426 crm - 29759963 END []
2025-08-01 17:54:29 store_script.php - 55743 crm - 30571295 {"order_id":"55743","cdeck_id":"10011353606","crm":"30571295","order_status":"cod"}
2025-08-01 17:54:29 request.php - https://vivaherb.amocrm.ru/api/v4/leads/30571295 PATCH 400  {"errors":{"30571295":"Lead not found"},"title":"Bad Request","type":"https://httpstatus.es/400","status":400,"detail":"Invalid request body"}
2025-08-01 17:54:30 request.php - https://vivaherb.amocrm.ru/api/v4/leads/30571295 PATCH 400  {"errors":{"30571295":"Lead not found"},"title":"Bad Request","type":"https://httpstatus.es/400","status":400,"detail":"Invalid request body"}
2025-08-01 17:54:30 store_script.php - 55743 crm - 30571295 END []
2025-08-01 17:54:30 store_script.php - 56020 crm - 30580597 {"order_id":"56020","cdeck_id":"10012192492","crm":"30580597","order_status":"intellectmoney"}
2025-08-01 17:54:30 request.php - https://vivaherb.amocrm.ru/api/v4/leads/30580597 PATCH 400  {"errors":{"30580597":"Lead not found"},"title":"Bad Request","type":"https://httpstatus.es/400","status":400,"detail":"Invalid request body"}
2025-08-01 17:54:30 store_script.php - 56020 crm - 30580597 END []
2025-08-01 17:54:31 store_script.php - 58805 crm - 30699429 {"order_id":"58805","cdeck_id":"10024732090","crm":"30699429","order_status":"yookassa_widget"}
2025-08-01 17:54:31 request.php - https://vivaherb.amocrm.ru/api/v4/leads/30699429 PATCH 400  {"errors":{"30699429":"Lead not found"},"title":"Bad Request","type":"https://httpstatus.es/400","status":400,"detail":"Invalid request body"}
2025-08-01 17:54:31 store_script.php - 58805 crm - 30699429 END []
2025-08-01 17:54:31 store_script.php - 58825 crm - 30700377 {"order_id":"58825","cdeck_id":"10024878326","crm":"30700377","order_status":"yookassa_widget"}
2025-08-01 17:54:31 request.php - https://vivaherb.amocrm.ru/api/v4/leads/30700377 PATCH 400  {"errors":{"30700377":"Lead not found"},"title":"Bad Request","type":"https://httpstatus.es/400","status":400,"detail":"Invalid request body"}
2025-08-01 17:54:32 store_script.php - 58825 crm - 30700377 END []
2025-08-01 17:54:32 store_script.php - 58891 crm - 30702185 {"order_id":"58891","cdeck_id":"10025084375","crm":"30702185","order_status":"yookassa_widget"}
2025-08-01 17:54:32 request.php - https://vivaherb.amocrm.ru/api/v4/leads/30702185 PATCH 400  {"errors":{"30702185":"Lead not found"},"title":"Bad Request","type":"https://httpstatus.es/400","status":400,"detail":"Invalid request body"}
2025-08-01 17:54:32 store_script.php - 58891 crm - 30702185 END []
2025-08-01 17:54:33 store_script.php - 59176 crm - 30706013 {"order_id":"59176","cdeck_id":"10025584176","crm":"30706013","order_status":"yookassa_widget"}
2025-08-01 17:54:34 request.php - https://vivaherb.amocrm.ru/api/v4/leads/30706013 PATCH 400  {"errors":{"30706013":"Lead not found"},"title":"Bad Request","type":"https://httpstatus.es/400","status":400,"detail":"Invalid request body"}
2025-08-01 17:54:34 store_script.php - 59176 crm - 30706013 END []
2025-08-01 17:54:34 store_script.php - 59181 crm - 30706069 {"order_id":"59181","cdeck_id":"10025587928","crm":"30706069","order_status":"yookassa_widget"}
2025-08-01 17:54:34 request.php - https://vivaherb.amocrm.ru/api/v4/leads/30706069 PATCH 400  {"errors":{"30706069":"Lead not found"},"title":"Bad Request","type":"https://httpstatus.es/400","status":400,"detail":"Invalid request body"}
2025-08-01 17:54:34 store_script.php - 59181 crm - 30706069 END []
2025-08-01 17:54:35 store_script.php - 59187 crm - 30706147 {"order_id":"59187","cdeck_id":"10025595773","crm":"30706147","order_status":"yookassa_widget"}
2025-08-01 17:54:35 request.php - https://vivaherb.amocrm.ru/api/v4/leads/30706147 PATCH 400  {"errors":{"30706147":"Lead not found"},"title":"Bad Request","type":"https://httpstatus.es/400","status":400,"detail":"Invalid request body"}
2025-08-01 17:54:35 store_script.php - 59187 crm - 30706147 END []
2025-08-01 17:54:35 store_script.php - 59188 crm - 30706175 {"order_id":"59188","cdeck_id":"10025597779","crm":"30706175","order_status":"yookassa_widget"}
2025-08-01 17:54:35 request.php - https://vivaherb.amocrm.ru/api/v4/leads/30706175 PATCH 400  {"errors":{"30706175":"Lead not found"},"title":"Bad Request","type":"https://httpstatus.es/400","status":400,"detail":"Invalid request body"}
2025-08-01 17:54:36 store_script.php - 59188 crm - 30706175 END []
2025-08-01 17:54:36 store_script.php - 61931 crm - 30957731 {"order_id":"61931","cdeck_id":"10044840842","crm":"30957731","order_status":"yookassa_widget"}
2025-08-01 17:54:36 request.php - https://vivaherb.amocrm.ru/api/v4/leads/30957731 PATCH 400  {"errors":{"30957731":"Lead not found"},"title":"Bad Request","type":"https://httpstatus.es/400","status":400,"detail":"Invalid request body"}
2025-08-01 17:54:37 store_script.php - 61931 crm - 30957731 END []
2025-08-01 17:54:37 store_script.php - 64064 crm - 31115305 {"order_id":"64064","cdeck_id":"10067371813","crm":"31115305","order_status":"yookassa_widget"}
2025-08-01 17:54:38 request.php - https://vivaherb.amocrm.ru/api/v4/leads/31115305 PATCH 400  {"errors":{"31115305":"Lead not found"},"title":"Bad Request","type":"https://httpstatus.es/400","status":400,"detail":"Invalid request body"}
2025-08-01 17:54:38 store_script.php - 64064 crm - 31115305 END []
2025-08-01 17:54:38 store_script.php - 64110 crm - 31117287 {"order_id":"64110","cdeck_id":"10067760566","crm":"31117287","order_status":"yookassa_widget"}
2025-08-01 17:54:38 request.php - https://vivaherb.amocrm.ru/api/v4/leads/31117287 PATCH 400  {"errors":{"31117287":"Lead not found"},"title":"Bad Request","type":"https://httpstatus.es/400","status":400,"detail":"Invalid request body"}
2025-08-01 17:54:39 store_script.php - 64110 crm - 31117287 END []
2025-08-01 17:54:39 store_script.php - 64904 crm - 31188065 {"order_id":"64904","cdeck_id":"10075009440","crm":"31188065","order_status":"yookassa_widget"}
2025-08-01 17:54:39 request.php - https://vivaherb.amocrm.ru/api/v4/leads/31188065 PATCH 400  {"errors":{"31188065":"Lead not found"},"title":"Bad Request","type":"https://httpstatus.es/400","status":400,"detail":"Invalid request body"}
2025-08-01 17:54:39 store_script.php - 64904 crm - 31188065 END []
2025-08-01 17:54:40 store_script.php - 66655 crm - 31331987 {"order_id":"66655","cdeck_id":"10093681196","crm":"31331987","order_status":"yookassa_widget"}
2025-08-01 17:54:40 request.php - https://vivaherb.amocrm.ru/api/v4/leads/31331987 PATCH 400  {"errors":{"31331987":"Lead not found"},"title":"Bad Request","type":"https://httpstatus.es/400","status":400,"detail":"Invalid request body"}
2025-08-01 17:54:40 store_script.php - 66655 crm - 31331987 END []
2025-08-01 17:54:41 store_script.php - 66657 crm - 31332069 {"order_id":"66657","cdeck_id":"10093687362","crm":"31332069","order_status":"yookassa_widget"}
2025-08-01 17:54:41 request.php - https://vivaherb.amocrm.ru/api/v4/leads/31332069 PATCH 400  {"errors":{"31332069":"Lead not found"},"title":"Bad Request","type":"https://httpstatus.es/400","status":400,"detail":"Invalid request body"}
2025-08-01 17:54:41 store_script.php - 66657 crm - 31332069 END []
2025-08-01 17:54:41 store_script.php - 66765 crm - 31341715 {"order_id":"66765","cdeck_id":"10095118494","crm":"31341715","order_status":"cod"}
2025-08-01 17:54:42 request.php - https://vivaherb.amocrm.ru/api/v4/leads/31341715 PATCH 400  {"errors":{"31341715":"Lead not found"},"title":"Bad Request","type":"https://httpstatus.es/400","status":400,"detail":"Invalid request body"}
2025-08-01 17:54:42 request.php - https://vivaherb.amocrm.ru/api/v4/leads/31341715 PATCH 400  {"errors":{"31341715":"Lead not found"},"title":"Bad Request","type":"https://httpstatus.es/400","status":400,"detail":"Invalid request body"}
2025-08-01 17:54:42 store_script.php - 66765 crm - 31341715 END []
2025-08-01 17:54:43 store_script.php - 67842 crm - 31420031 {"order_id":"67842","cdeck_id":"10105128997","crm":"31420031","order_status":"yookassa_widget"}
2025-08-01 17:54:43 request.php - https://vivaherb.amocrm.ru/api/v4/leads/31420031 PATCH 400  {"errors":{"31420031":"Lead not found"},"title":"Bad Request","type":"https://httpstatus.es/400","status":400,"detail":"Invalid request body"}
2025-08-01 17:54:43 store_script.php - 67842 crm - 31420031 END []
2025-08-01 17:54:52 store_script.php - 70672 crm - 31684629 {"order_id":"70672","cdeck_id":"10137210974","crm":"31684629","order_status":"yookassa_widget"}
2025-08-01 17:54:52 request.php - https://vivaherb.amocrm.ru/api/v4/leads/31684629 PATCH 400  {"errors":{"31684629":"Lead not found"},"title":"Bad Request","type":"https://httpstatus.es/400","status":400,"detail":"Invalid request body"}
2025-08-01 17:54:52 store_script.php - 70672 crm - 31684629 END []
2025-08-01 18:54:07 store_script.php - 30509 crm - 27215649 {"order_id":"30509","cdeck_id":"1378035246","crm":"27215649","order_status":"cod"}
2025-08-01 18:54:08 request.php - https://vivaherb.amocrm.ru/api/v4/leads/27215649 PATCH 400  {"errors":{"27215649":"Lead not found"},"title":"Bad Request","type":"https://httpstatus.es/400","status":400,"detail":"Invalid request body"}
2025-08-01 18:54:08 request.php - https://vivaherb.amocrm.ru/api/v4/leads/27215649 PATCH 400  {"errors":{"27215649":"Lead not found"},"title":"Bad Request","type":"https://httpstatus.es/400","status":400,"detail":"Invalid request body"}
2025-08-01 18:54:08 store_script.php - 30509 crm - 27215649 END []
2025-08-01 18:54:08 store_script.php - 30980 crm - 27451493 {"order_id":"30980","cdeck_id":"1384831846","crm":"27451493","order_status":"yookassa_widget"}
2025-08-01 18:54:09 request.php - https://vivaherb.amocrm.ru/api/v4/leads/27451493 PATCH 400  {"errors":{"27451493":"Lead not found"},"title":"Bad Request","type":"https://httpstatus.es/400","status":400,"detail":"Invalid request body"}
2025-08-01 18:54:09 store_script.php - 30980 crm - 27451493 END []
2025-08-01 18:54:10 store_script.php - 31159 crm - 27523369 {"order_id":"31159","cdeck_id":"1388417736","crm":"27523369","order_status":"yookassa_widget"}
2025-08-01 18:54:10 request.php - https://vivaherb.amocrm.ru/api/v4/leads/27523369 PATCH 400  {"errors":{"27523369":"Lead not found"},"title":"Bad Request","type":"https://httpstatus.es/400","status":400,"detail":"Invalid request body"}
2025-08-01 18:54:10 store_script.php - 31159 crm - 27523369 END []
2025-08-01 18:54:10 store_script.php - 31689 crm - 27678093 {"order_id":"31689","cdeck_id":"1394658580","crm":"27678093","order_status":"cod"}
2025-08-01 18:54:11 request.php - https://vivaherb.amocrm.ru/api/v4/leads/27678093 PATCH 400  {"errors":{"27678093":"Lead not found"},"title":"Bad Request","type":"https://httpstatus.es/400","status":400,"detail":"Invalid request body"}
2025-08-01 18:54:11 request.php - https://vivaherb.amocrm.ru/api/v4/leads/27678093 PATCH 400  {"errors":{"27678093":"Lead not found"},"title":"Bad Request","type":"https://httpstatus.es/400","status":400,"detail":"Invalid request body"}
2025-08-01 18:54:11 store_script.php - 31689 crm - 27678093 END []
2025-08-01 18:54:11 store_script.php - 32666 crm - 28043619 {"order_id":"32666","cdeck_id":"1407999796","crm":"28043619","order_status":"yookassa_widget"}
2025-08-01 18:54:11 request.php - https://vivaherb.amocrm.ru/api/v4/leads/28043619 PATCH 400  {"errors":{"28043619":"Lead not found"},"title":"Bad Request","type":"https://httpstatus.es/400","status":400,"detail":"Invalid request body"}
2025-08-01 18:54:12 store_script.php - 32666 crm - 28043619 END []
2025-08-01 18:54:12 store_script.php - 35382 crm - 28949539 {"order_id":"35382","cdeck_id":"1440454117","crm":"28949539","order_status":"yookassa_widget"}
2025-08-01 18:54:12 request.php - https://vivaherb.amocrm.ru/api/v4/leads/28949539 PATCH 400  {"errors":{"28949539":"Lead not found"},"title":"Bad Request","type":"https://httpstatus.es/400","status":400,"detail":"Invalid request body"}
2025-08-01 18:54:12 store_script.php - 35382 crm - 28949539 END []
2025-08-01 18:54:12 store_script.php - 36740 crm - 29177633 {"order_id":"36740","cdeck_id":"1450621353","crm":"29177633","order_status":"yookassa_widget"}
2025-08-01 18:54:13 request.php - https://vivaherb.amocrm.ru/api/v4/leads/29177633 PATCH 400  {"errors":{"29177633":"Lead not found"},"title":"Bad Request","type":"https://httpstatus.es/400","status":400,"detail":"Invalid request body"}
2025-08-01 18:54:13 store_script.php - 36740 crm - 29177633 END []
2025-08-01 18:54:13 store_script.php - 43426 crm - 29759963 {"order_id":"43426","cdeck_id":"1492618495","crm":"29759963","order_status":"cod"}
2025-08-01 18:54:13 request.php - https://vivaherb.amocrm.ru/api/v4/leads/29759963 PATCH 400  {"errors":{"29759963":"Lead not found"},"title":"Bad Request","type":"https://httpstatus.es/400","status":400,"detail":"Invalid request body"}
2025-08-01 18:54:14 request.php - https://vivaherb.amocrm.ru/api/v4/leads/29759963 PATCH 400  {"errors":{"29759963":"Lead not found"},"title":"Bad Request","type":"https://httpstatus.es/400","status":400,"detail":"Invalid request body"}
2025-08-01 18:54:14 store_script.php - 43426 crm - 29759963 END []
2025-08-01 18:54:14 store_script.php - 55743 crm - 30571295 {"order_id":"55743","cdeck_id":"10011353606","crm":"30571295","order_status":"cod"}
2025-08-01 18:54:14 request.php - https://vivaherb.amocrm.ru/api/v4/leads/30571295 PATCH 400  {"errors":{"30571295":"Lead not found"},"title":"Bad Request","type":"https://httpstatus.es/400","status":400,"detail":"Invalid request body"}
2025-08-01 18:54:14 request.php - https://vivaherb.amocrm.ru/api/v4/leads/30571295 PATCH 400  {"errors":{"30571295":"Lead not found"},"title":"Bad Request","type":"https://httpstatus.es/400","status":400,"detail":"Invalid request body"}
2025-08-01 18:54:15 store_script.php - 55743 crm - 30571295 END []
2025-08-01 18:54:15 store_script.php - 56020 crm - 30580597 {"order_id":"56020","cdeck_id":"10012192492","crm":"30580597","order_status":"intellectmoney"}
2025-08-01 18:54:15 request.php - https://vivaherb.amocrm.ru/api/v4/leads/30580597 PATCH 400  {"errors":{"30580597":"Lead not found"},"title":"Bad Request","type":"https://httpstatus.es/400","status":400,"detail":"Invalid request body"}
2025-08-01 18:54:15 store_script.php - 56020 crm - 30580597 END []
2025-08-01 18:54:15 store_script.php - 58805 crm - 30699429 {"order_id":"58805","cdeck_id":"10024732090","crm":"30699429","order_status":"yookassa_widget"}
2025-08-01 18:54:16 request.php - https://vivaherb.amocrm.ru/api/v4/leads/30699429 PATCH 400  {"errors":{"30699429":"Lead not found"},"title":"Bad Request","type":"https://httpstatus.es/400","status":400,"detail":"Invalid request body"}
2025-08-01 18:54:16 store_script.php - 58805 crm - 30699429 END []
2025-08-01 18:54:16 store_script.php - 58825 crm - 30700377 {"order_id":"58825","cdeck_id":"10024878326","crm":"30700377","order_status":"yookassa_widget"}
2025-08-01 18:54:16 request.php - https://vivaherb.amocrm.ru/api/v4/leads/30700377 PATCH 400  {"errors":{"30700377":"Lead not found"},"title":"Bad Request","type":"https://httpstatus.es/400","status":400,"detail":"Invalid request body"}
2025-08-01 18:54:16 store_script.php - 58825 crm - 30700377 END []
2025-08-01 18:54:16 store_script.php - 58891 crm - 30702185 {"order_id":"58891","cdeck_id":"10025084375","crm":"30702185","order_status":"yookassa_widget"}
2025-08-01 18:54:17 request.php - https://vivaherb.amocrm.ru/api/v4/leads/30702185 PATCH 400  {"errors":{"30702185":"Lead not found"},"title":"Bad Request","type":"https://httpstatus.es/400","status":400,"detail":"Invalid request body"}
2025-08-01 18:54:17 store_script.php - 58891 crm - 30702185 END []
2025-08-01 18:54:17 store_script.php - 59176 crm - 30706013 {"order_id":"59176","cdeck_id":"10025584176","crm":"30706013","order_status":"yookassa_widget"}
2025-08-01 18:54:17 request.php - https://vivaherb.amocrm.ru/api/v4/leads/30706013 PATCH 400  {"errors":{"30706013":"Lead not found"},"title":"Bad Request","type":"https://httpstatus.es/400","status":400,"detail":"Invalid request body"}
2025-08-01 18:54:17 store_script.php - 59176 crm - 30706013 END []
2025-08-01 18:54:18 store_script.php - 59181 crm - 30706069 {"order_id":"59181","cdeck_id":"10025587928","crm":"30706069","order_status":"yookassa_widget"}
2025-08-01 18:54:18 request.php - https://vivaherb.amocrm.ru/api/v4/leads/30706069 PATCH 400  {"errors":{"30706069":"Lead not found"},"title":"Bad Request","type":"https://httpstatus.es/400","status":400,"detail":"Invalid request body"}
2025-08-01 18:54:18 store_script.php - 59181 crm - 30706069 END []
2025-08-01 18:54:18 store_script.php - 59187 crm - 30706147 {"order_id":"59187","cdeck_id":"10025595773","crm":"30706147","order_status":"yookassa_widget"}
2025-08-01 18:54:18 request.php - https://vivaherb.amocrm.ru/api/v4/leads/30706147 PATCH 400  {"errors":{"30706147":"Lead not found"},"title":"Bad Request","type":"https://httpstatus.es/400","status":400,"detail":"Invalid request body"}
2025-08-01 18:54:19 store_script.php - 59187 crm - 30706147 END []
2025-08-01 18:54:19 store_script.php - 59188 crm - 30706175 {"order_id":"59188","cdeck_id":"10025597779","crm":"30706175","order_status":"yookassa_widget"}
2025-08-01 18:54:19 request.php - https://vivaherb.amocrm.ru/api/v4/leads/30706175 PATCH 400  {"errors":{"30706175":"Lead not found"},"title":"Bad Request","type":"https://httpstatus.es/400","status":400,"detail":"Invalid request body"}
2025-08-01 18:54:19 store_script.php - 59188 crm - 30706175 END []
2025-08-01 18:54:20 store_script.php - 61931 crm - 30957731 {"order_id":"61931","cdeck_id":"10044840842","crm":"30957731","order_status":"yookassa_widget"}
2025-08-01 18:54:20 request.php - https://vivaherb.amocrm.ru/api/v4/leads/30957731 PATCH 400  {"errors":{"30957731":"Lead not found"},"title":"Bad Request","type":"https://httpstatus.es/400","status":400,"detail":"Invalid request body"}
2025-08-01 18:54:20 store_script.php - 61931 crm - 30957731 END []
2025-08-01 18:54:21 store_script.php - 64064 crm - 31115305 {"order_id":"64064","cdeck_id":"10067371813","crm":"31115305","order_status":"yookassa_widget"}
2025-08-01 18:54:21 request.php - https://vivaherb.amocrm.ru/api/v4/leads/31115305 PATCH 400  {"errors":{"31115305":"Lead not found"},"title":"Bad Request","type":"https://httpstatus.es/400","status":400,"detail":"Invalid request body"}
2025-08-01 18:54:21 store_script.php - 64064 crm - 31115305 END []
2025-08-01 18:54:22 store_script.php - 64110 crm - 31117287 {"order_id":"64110","cdeck_id":"10067760566","crm":"31117287","order_status":"yookassa_widget"}
2025-08-01 18:54:22 request.php - https://vivaherb.amocrm.ru/api/v4/leads/31117287 PATCH 400  {"errors":{"31117287":"Lead not found"},"title":"Bad Request","type":"https://httpstatus.es/400","status":400,"detail":"Invalid request body"}
2025-08-01 18:54:22 store_script.php - 64110 crm - 31117287 END []
2025-08-01 18:54:22 store_script.php - 64904 crm - 31188065 {"order_id":"64904","cdeck_id":"10075009440","crm":"31188065","order_status":"yookassa_widget"}
2025-08-01 18:54:23 request.php - https://vivaherb.amocrm.ru/api/v4/leads/31188065 PATCH 400  {"errors":{"31188065":"Lead not found"},"title":"Bad Request","type":"https://httpstatus.es/400","status":400,"detail":"Invalid request body"}
2025-08-01 18:54:23 store_script.php - 64904 crm - 31188065 END []
2025-08-01 19:55:33 store_script.php - 30509 crm - 27215649 {"order_id":"30509","cdeck_id":"1378035246","crm":"27215649","order_status":"cod"}
2025-08-01 19:55:33 request.php - https://vivaherb.amocrm.ru/api/v4/leads/27215649 PATCH 400  {"errors":{"27215649":"Lead not found"},"title":"Bad Request","type":"https://httpstatus.es/400","status":400,"detail":"Invalid request body"}
2025-08-01 19:55:33 request.php - https://vivaherb.amocrm.ru/api/v4/leads/27215649 PATCH 400  {"errors":{"27215649":"Lead not found"},"title":"Bad Request","type":"https://httpstatus.es/400","status":400,"detail":"Invalid request body"}
2025-08-01 19:55:34 store_script.php - 30509 crm - 27215649 END []
2025-08-01 19:55:34 store_script.php - 30980 crm - 27451493 {"order_id":"30980","cdeck_id":"1384831846","crm":"27451493","order_status":"yookassa_widget"}
2025-08-01 19:55:34 request.php - https://vivaherb.amocrm.ru/api/v4/leads/27451493 PATCH 400  {"errors":{"27451493":"Lead not found"},"title":"Bad Request","type":"https://httpstatus.es/400","status":400,"detail":"Invalid request body"}
2025-08-01 19:55:34 store_script.php - 30980 crm - 27451493 END []
2025-08-01 19:55:34 store_script.php - 31159 crm - 27523369 {"order_id":"31159","cdeck_id":"1388417736","crm":"27523369","order_status":"yookassa_widget"}
2025-08-01 19:55:35 request.php - https://vivaherb.amocrm.ru/api/v4/leads/27523369 PATCH 400  {"errors":{"27523369":"Lead not found"},"title":"Bad Request","type":"https://httpstatus.es/400","status":400,"detail":"Invalid request body"}
2025-08-01 19:55:35 store_script.php - 31159 crm - 27523369 END []
2025-08-01 19:55:35 store_script.php - 31689 crm - 27678093 {"order_id":"31689","cdeck_id":"1394658580","crm":"27678093","order_status":"cod"}
2025-08-01 19:55:35 request.php - https://vivaherb.amocrm.ru/api/v4/leads/27678093 PATCH 400  {"errors":{"27678093":"Lead not found"},"title":"Bad Request","type":"https://httpstatus.es/400","status":400,"detail":"Invalid request body"}
2025-08-01 19:55:35 request.php - https://vivaherb.amocrm.ru/api/v4/leads/27678093 PATCH 400  {"errors":{"27678093":"Lead not found"},"title":"Bad Request","type":"https://httpstatus.es/400","status":400,"detail":"Invalid request body"}
2025-08-01 19:55:36 store_script.php - 31689 crm - 27678093 END []
2025-08-01 19:55:36 store_script.php - 32666 crm - 28043619 {"order_id":"32666","cdeck_id":"1407999796","crm":"28043619","order_status":"yookassa_widget"}
2025-08-01 19:55:36 request.php - https://vivaherb.amocrm.ru/api/v4/leads/28043619 PATCH 400  {"errors":{"28043619":"Lead not found"},"title":"Bad Request","type":"https://httpstatus.es/400","status":400,"detail":"Invalid request body"}
2025-08-01 19:55:36 store_script.php - 32666 crm - 28043619 END []
2025-08-01 19:55:36 store_script.php - 35382 crm - 28949539 {"order_id":"35382","cdeck_id":"1440454117","crm":"28949539","order_status":"yookassa_widget"}
2025-08-01 19:55:37 request.php - https://vivaherb.amocrm.ru/api/v4/leads/28949539 PATCH 400  {"errors":{"28949539":"Lead not found"},"title":"Bad Request","type":"https://httpstatus.es/400","status":400,"detail":"Invalid request body"}
2025-08-01 19:55:37 store_script.php - 35382 crm - 28949539 END []
2025-08-01 19:55:37 store_script.php - 36740 crm - 29177633 {"order_id":"36740","cdeck_id":"1450621353","crm":"29177633","order_status":"yookassa_widget"}
2025-08-01 19:55:37 request.php - https://vivaherb.amocrm.ru/api/v4/leads/29177633 PATCH 400  {"errors":{"29177633":"Lead not found"},"title":"Bad Request","type":"https://httpstatus.es/400","status":400,"detail":"Invalid request body"}
2025-08-01 19:55:37 store_script.php - 36740 crm - 29177633 END []
2025-08-01 19:55:38 store_script.php - 43426 crm - 29759963 {"order_id":"43426","cdeck_id":"1492618495","crm":"29759963","order_status":"cod"}
2025-08-01 19:55:38 request.php - https://vivaherb.amocrm.ru/api/v4/leads/29759963 PATCH 400  {"errors":{"29759963":"Lead not found"},"title":"Bad Request","type":"https://httpstatus.es/400","status":400,"detail":"Invalid request body"}
2025-08-01 19:55:38 request.php - https://vivaherb.amocrm.ru/api/v4/leads/29759963 PATCH 400  {"errors":{"29759963":"Lead not found"},"title":"Bad Request","type":"https://httpstatus.es/400","status":400,"detail":"Invalid request body"}
2025-08-01 19:55:38 store_script.php - 43426 crm - 29759963 END []
2025-08-01 19:55:38 store_script.php - 55743 crm - 30571295 {"order_id":"55743","cdeck_id":"10011353606","crm":"30571295","order_status":"cod"}
2025-08-01 19:55:39 request.php - https://vivaherb.amocrm.ru/api/v4/leads/30571295 PATCH 400  {"errors":{"30571295":"Lead not found"},"title":"Bad Request","type":"https://httpstatus.es/400","status":400,"detail":"Invalid request body"}
2025-08-01 19:55:39 request.php - https://vivaherb.amocrm.ru/api/v4/leads/30571295 PATCH 400  {"errors":{"30571295":"Lead not found"},"title":"Bad Request","type":"https://httpstatus.es/400","status":400,"detail":"Invalid request body"}
2025-08-01 19:55:39 store_script.php - 55743 crm - 30571295 END []
2025-08-01 19:55:39 store_script.php - 56020 crm - 30580597 {"order_id":"56020","cdeck_id":"10012192492","crm":"30580597","order_status":"intellectmoney"}
2025-08-01 19:55:40 request.php - https://vivaherb.amocrm.ru/api/v4/leads/30580597 PATCH 400  {"errors":{"30580597":"Lead not found"},"title":"Bad Request","type":"https://httpstatus.es/400","status":400,"detail":"Invalid request body"}
2025-08-01 19:55:40 store_script.php - 56020 crm - 30580597 END []
2025-08-01 19:55:40 store_script.php - 58805 crm - 30699429 {"order_id":"58805","cdeck_id":"10024732090","crm":"30699429","order_status":"yookassa_widget"}
2025-08-01 19:55:40 request.php - https://vivaherb.amocrm.ru/api/v4/leads/30699429 PATCH 400  {"errors":{"30699429":"Lead not found"},"title":"Bad Request","type":"https://httpstatus.es/400","status":400,"detail":"Invalid request body"}
2025-08-01 19:55:40 store_script.php - 58805 crm - 30699429 END []
2025-08-01 19:55:40 store_script.php - 58825 crm - 30700377 {"order_id":"58825","cdeck_id":"10024878326","crm":"30700377","order_status":"yookassa_widget"}
2025-08-01 19:55:41 request.php - https://vivaherb.amocrm.ru/api/v4/leads/30700377 PATCH 400  {"errors":{"30700377":"Lead not found"},"title":"Bad Request","type":"https://httpstatus.es/400","status":400,"detail":"Invalid request body"}
2025-08-01 19:55:41 store_script.php - 58825 crm - 30700377 END []
2025-08-01 19:55:41 store_script.php - 58891 crm - 30702185 {"order_id":"58891","cdeck_id":"10025084375","crm":"30702185","order_status":"yookassa_widget"}
2025-08-01 19:55:41 request.php - https://vivaherb.amocrm.ru/api/v4/leads/30702185 PATCH 400  {"errors":{"30702185":"Lead not found"},"title":"Bad Request","type":"https://httpstatus.es/400","status":400,"detail":"Invalid request body"}
2025-08-01 19:55:41 store_script.php - 58891 crm - 30702185 END []
2025-08-01 19:55:42 store_script.php - 59176 crm - 30706013 {"order_id":"59176","cdeck_id":"10025584176","crm":"30706013","order_status":"yookassa_widget"}
2025-08-01 19:55:42 request.php - https://vivaherb.amocrm.ru/api/v4/leads/30706013 PATCH 400  {"errors":{"30706013":"Lead not found"},"title":"Bad Request","type":"https://httpstatus.es/400","status":400,"detail":"Invalid request body"}
2025-08-01 19:55:42 store_script.php - 59176 crm - 30706013 END []
2025-08-01 19:55:42 store_script.php - 59181 crm - 30706069 {"order_id":"59181","cdeck_id":"10025587928","crm":"30706069","order_status":"yookassa_widget"}
2025-08-01 19:55:42 request.php - https://vivaherb.amocrm.ru/api/v4/leads/30706069 PATCH 400  {"errors":{"30706069":"Lead not found"},"title":"Bad Request","type":"https://httpstatus.es/400","status":400,"detail":"Invalid request body"}
2025-08-01 19:55:43 store_script.php - 59181 crm - 30706069 END []
2025-08-01 19:55:43 store_script.php - 59187 crm - 30706147 {"order_id":"59187","cdeck_id":"10025595773","crm":"30706147","order_status":"yookassa_widget"}
2025-08-01 19:55:43 request.php - https://vivaherb.amocrm.ru/api/v4/leads/30706147 PATCH 400  {"errors":{"30706147":"Lead not found"},"title":"Bad Request","type":"https://httpstatus.es/400","status":400,"detail":"Invalid request body"}
2025-08-01 19:55:43 store_script.php - 59187 crm - 30706147 END []
2025-08-01 19:55:43 store_script.php - 59188 crm - 30706175 {"order_id":"59188","cdeck_id":"10025597779","crm":"30706175","order_status":"yookassa_widget"}
2025-08-01 19:55:44 request.php - https://vivaherb.amocrm.ru/api/v4/leads/30706175 PATCH 400  {"errors":{"30706175":"Lead not found"},"title":"Bad Request","type":"https://httpstatus.es/400","status":400,"detail":"Invalid request body"}
2025-08-01 19:55:44 store_script.php - 59188 crm - 30706175 END []
2025-08-01 19:55:44 store_script.php - 61931 crm - 30957731 {"order_id":"61931","cdeck_id":"10044840842","crm":"30957731","order_status":"yookassa_widget"}
2025-08-01 19:55:44 request.php - https://vivaherb.amocrm.ru/api/v4/leads/30957731 PATCH 400  {"errors":{"30957731":"Lead not found"},"title":"Bad Request","type":"https://httpstatus.es/400","status":400,"detail":"Invalid request body"}
2025-08-01 19:55:45 store_script.php - 61931 crm - 30957731 END []
2025-08-01 19:55:46 store_script.php - 64064 crm - 31115305 {"order_id":"64064","cdeck_id":"10067371813","crm":"31115305","order_status":"yookassa_widget"}
2025-08-01 19:55:46 request.php - https://vivaherb.amocrm.ru/api/v4/leads/31115305 PATCH 400  {"errors":{"31115305":"Lead not found"},"title":"Bad Request","type":"https://httpstatus.es/400","status":400,"detail":"Invalid request body"}
2025-08-01 19:55:46 store_script.php - 64064 crm - 31115305 END []
2025-08-01 19:55:46 store_script.php - 64110 crm - 31117287 {"order_id":"64110","cdeck_id":"10067760566","crm":"31117287","order_status":"yookassa_widget"}
2025-08-01 19:55:46 request.php - https://vivaherb.amocrm.ru/api/v4/leads/31117287 PATCH 400  {"errors":{"31117287":"Lead not found"},"title":"Bad Request","type":"https://httpstatus.es/400","status":400,"detail":"Invalid request body"}
2025-08-01 19:55:47 store_script.php - 64110 crm - 31117287 END []
2025-08-01 19:55:47 store_script.php - 64904 crm - 31188065 {"order_id":"64904","cdeck_id":"10075009440","crm":"31188065","order_status":"yookassa_widget"}
2025-08-01 19:55:47 request.php - https://vivaherb.amocrm.ru/api/v4/leads/31188065 PATCH 400  {"errors":{"31188065":"Lead not found"},"title":"Bad Request","type":"https://httpstatus.es/400","status":400,"detail":"Invalid request body"}
2025-08-01 19:55:47 store_script.php - 64904 crm - 31188065 END []
2025-08-01 19:55:48 store_script.php - 66655 crm - 31331987 {"order_id":"66655","cdeck_id":"10093681196","crm":"31331987","order_status":"yookassa_widget"}
2025-08-01 19:55:48 request.php - https://vivaherb.amocrm.ru/api/v4/leads/31331987 PATCH 400  {"errors":{"31331987":"Lead not found"},"title":"Bad Request","type":"https://httpstatus.es/400","status":400,"detail":"Invalid request body"}
2025-08-01 19:55:48 store_script.php - 66655 crm - 31331987 END []
2025-08-01 19:55:48 store_script.php - 66657 crm - 31332069 {"order_id":"66657","cdeck_id":"10093687362","crm":"31332069","order_status":"yookassa_widget"}
2025-08-01 19:55:48 request.php - https://vivaherb.amocrm.ru/api/v4/leads/31332069 PATCH 400  {"errors":{"31332069":"Lead not found"},"title":"Bad Request","type":"https://httpstatus.es/400","status":400,"detail":"Invalid request body"}
2025-08-01 19:55:49 store_script.php - 66657 crm - 31332069 END []
2025-08-01 19:55:49 store_script.php - 66765 crm - 31341715 {"order_id":"66765","cdeck_id":"10095118494","crm":"31341715","order_status":"cod"}
2025-08-01 19:55:49 request.php - https://vivaherb.amocrm.ru/api/v4/leads/31341715 PATCH 400  {"errors":{"31341715":"Lead not found"},"title":"Bad Request","type":"https://httpstatus.es/400","status":400,"detail":"Invalid request body"}
2025-08-01 19:55:49 request.php - https://vivaherb.amocrm.ru/api/v4/leads/31341715 PATCH 400  {"errors":{"31341715":"Lead not found"},"title":"Bad Request","type":"https://httpstatus.es/400","status":400,"detail":"Invalid request body"}
2025-08-01 19:55:50 store_script.php - 66765 crm - 31341715 END []
2025-08-01 19:55:50 store_script.php - 67842 crm - 31420031 {"order_id":"67842","cdeck_id":"10105128997","crm":"31420031","order_status":"yookassa_widget"}
2025-08-01 19:55:50 request.php - https://vivaherb.amocrm.ru/api/v4/leads/31420031 PATCH 400  {"errors":{"31420031":"Lead not found"},"title":"Bad Request","type":"https://httpstatus.es/400","status":400,"detail":"Invalid request body"}
2025-08-01 19:55:51 store_script.php - 67842 crm - 31420031 END []
2025-08-01 19:55:59 store_script.php - 70672 crm - 31684629 {"order_id":"70672","cdeck_id":"10137210974","crm":"31684629","order_status":"yookassa_widget"}
2025-08-01 19:55:59 request.php - https://vivaherb.amocrm.ru/api/v4/leads/31684629 PATCH 400  {"errors":{"31684629":"Lead not found"},"title":"Bad Request","type":"https://httpstatus.es/400","status":400,"detail":"Invalid request body"}
2025-08-01 19:55:59 store_script.php - 70672 crm - 31684629 END []
2025-08-01 20:54:16 store_script.php - 30509 crm - 27215649 {"order_id":"30509","cdeck_id":"1378035246","crm":"27215649","order_status":"cod"}
2025-08-01 20:54:16 request.php - https://vivaherb.amocrm.ru/api/v4/leads/27215649 PATCH 400  {"errors":{"27215649":"Lead not found"},"title":"Bad Request","type":"https://httpstatus.es/400","status":400,"detail":"Invalid request body"}
2025-08-01 20:54:17 request.php - https://vivaherb.amocrm.ru/api/v4/leads/27215649 PATCH 400  {"errors":{"27215649":"Lead not found"},"title":"Bad Request","type":"https://httpstatus.es/400","status":400,"detail":"Invalid request body"}
2025-08-01 20:54:17 store_script.php - 30509 crm - 27215649 END []
2025-08-01 20:54:17 store_script.php - 30980 crm - 27451493 {"order_id":"30980","cdeck_id":"1384831846","crm":"27451493","order_status":"yookassa_widget"}
2025-08-01 20:54:17 request.php - https://vivaherb.amocrm.ru/api/v4/leads/27451493 PATCH 400  {"errors":{"27451493":"Lead not found"},"title":"Bad Request","type":"https://httpstatus.es/400","status":400,"detail":"Invalid request body"}
2025-08-01 20:54:17 store_script.php - 30980 crm - 27451493 END []
2025-08-01 20:54:18 store_script.php - 31159 crm - 27523369 {"order_id":"31159","cdeck_id":"1388417736","crm":"27523369","order_status":"yookassa_widget"}
2025-08-01 20:54:18 request.php - https://vivaherb.amocrm.ru/api/v4/leads/27523369 PATCH 400  {"errors":{"27523369":"Lead not found"},"title":"Bad Request","type":"https://httpstatus.es/400","status":400,"detail":"Invalid request body"}
2025-08-01 20:54:18 store_script.php - 31159 crm - 27523369 END []
2025-08-01 20:54:18 store_script.php - 31689 crm - 27678093 {"order_id":"31689","cdeck_id":"1394658580","crm":"27678093","order_status":"cod"}
2025-08-01 20:54:18 request.php - https://vivaherb.amocrm.ru/api/v4/leads/27678093 PATCH 400  {"errors":{"27678093":"Lead not found"},"title":"Bad Request","type":"https://httpstatus.es/400","status":400,"detail":"Invalid request body"}
2025-08-01 20:54:19 request.php - https://vivaherb.amocrm.ru/api/v4/leads/27678093 PATCH 400  {"errors":{"27678093":"Lead not found"},"title":"Bad Request","type":"https://httpstatus.es/400","status":400,"detail":"Invalid request body"}
2025-08-01 20:54:19 store_script.php - 31689 crm - 27678093 END []
2025-08-01 20:54:19 store_script.php - 32666 crm - 28043619 {"order_id":"32666","cdeck_id":"1407999796","crm":"28043619","order_status":"yookassa_widget"}
2025-08-01 20:54:19 request.php - https://vivaherb.amocrm.ru/api/v4/leads/28043619 PATCH 400  {"errors":{"28043619":"Lead not found"},"title":"Bad Request","type":"https://httpstatus.es/400","status":400,"detail":"Invalid request body"}
2025-08-01 20:54:20 store_script.php - 32666 crm - 28043619 END []
2025-08-01 20:54:20 store_script.php - 35382 crm - 28949539 {"order_id":"35382","cdeck_id":"1440454117","crm":"28949539","order_status":"yookassa_widget"}
2025-08-01 20:54:20 request.php - https://vivaherb.amocrm.ru/api/v4/leads/28949539 PATCH 400  {"errors":{"28949539":"Lead not found"},"title":"Bad Request","type":"https://httpstatus.es/400","status":400,"detail":"Invalid request body"}
2025-08-01 20:54:20 store_script.php - 35382 crm - 28949539 END []
2025-08-01 20:54:20 store_script.php - 36740 crm - 29177633 {"order_id":"36740","cdeck_id":"1450621353","crm":"29177633","order_status":"yookassa_widget"}
2025-08-01 20:54:21 request.php - https://vivaherb.amocrm.ru/api/v4/leads/29177633 PATCH 400  {"errors":{"29177633":"Lead not found"},"title":"Bad Request","type":"https://httpstatus.es/400","status":400,"detail":"Invalid request body"}
2025-08-01 20:54:21 store_script.php - 36740 crm - 29177633 END []
2025-08-01 20:54:21 store_script.php - 43426 crm - 29759963 {"order_id":"43426","cdeck_id":"1492618495","crm":"29759963","order_status":"cod"}
2025-08-01 20:54:21 request.php - https://vivaherb.amocrm.ru/api/v4/leads/29759963 PATCH 400  {"errors":{"29759963":"Lead not found"},"title":"Bad Request","type":"https://httpstatus.es/400","status":400,"detail":"Invalid request body"}
2025-08-01 20:54:21 request.php - https://vivaherb.amocrm.ru/api/v4/leads/29759963 PATCH 400  {"errors":{"29759963":"Lead not found"},"title":"Bad Request","type":"https://httpstatus.es/400","status":400,"detail":"Invalid request body"}
2025-08-01 20:54:21 store_script.php - 43426 crm - 29759963 END []
2025-08-01 20:54:22 store_script.php - 55743 crm - 30571295 {"order_id":"55743","cdeck_id":"10011353606","crm":"30571295","order_status":"cod"}
2025-08-01 20:54:22 request.php - https://vivaherb.amocrm.ru/api/v4/leads/30571295 PATCH 400  {"errors":{"30571295":"Lead not found"},"title":"Bad Request","type":"https://httpstatus.es/400","status":400,"detail":"Invalid request body"}
2025-08-01 20:54:22 request.php - https://vivaherb.amocrm.ru/api/v4/leads/30571295 PATCH 400  {"errors":{"30571295":"Lead not found"},"title":"Bad Request","type":"https://httpstatus.es/400","status":400,"detail":"Invalid request body"}
2025-08-01 20:54:22 store_script.php - 55743 crm - 30571295 END []
2025-08-01 20:54:22 store_script.php - 56020 crm - 30580597 {"order_id":"56020","cdeck_id":"10012192492","crm":"30580597","order_status":"intellectmoney"}
2025-08-01 20:54:23 request.php - https://vivaherb.amocrm.ru/api/v4/leads/30580597 PATCH 400  {"errors":{"30580597":"Lead not found"},"title":"Bad Request","type":"https://httpstatus.es/400","status":400,"detail":"Invalid request body"}
2025-08-01 20:54:23 store_script.php - 56020 crm - 30580597 END []
2025-08-01 20:54:23 store_script.php - 58805 crm - 30699429 {"order_id":"58805","cdeck_id":"10024732090","crm":"30699429","order_status":"yookassa_widget"}
2025-08-01 20:54:23 request.php - https://vivaherb.amocrm.ru/api/v4/leads/30699429 PATCH 400  {"errors":{"30699429":"Lead not found"},"title":"Bad Request","type":"https://httpstatus.es/400","status":400,"detail":"Invalid request body"}
2025-08-01 20:54:23 store_script.php - 58805 crm - 30699429 END []
2025-08-01 20:54:23 store_script.php - 58825 crm - 30700377 {"order_id":"58825","cdeck_id":"10024878326","crm":"30700377","order_status":"yookassa_widget"}
2025-08-01 20:54:24 request.php - https://vivaherb.amocrm.ru/api/v4/leads/30700377 PATCH 400  {"errors":{"30700377":"Lead not found"},"title":"Bad Request","type":"https://httpstatus.es/400","status":400,"detail":"Invalid request body"}
2025-08-01 20:54:24 store_script.php - 58825 crm - 30700377 END []
2025-08-01 20:54:24 store_script.php - 58891 crm - 30702185 {"order_id":"58891","cdeck_id":"10025084375","crm":"30702185","order_status":"yookassa_widget"}
2025-08-01 20:54:24 request.php - https://vivaherb.amocrm.ru/api/v4/leads/30702185 PATCH 400  {"errors":{"30702185":"Lead not found"},"title":"Bad Request","type":"https://httpstatus.es/400","status":400,"detail":"Invalid request body"}
2025-08-01 20:54:24 store_script.php - 58891 crm - 30702185 END []
2025-08-01 20:54:25 store_script.php - 59176 crm - 30706013 {"order_id":"59176","cdeck_id":"10025584176","crm":"30706013","order_status":"yookassa_widget"}
2025-08-01 20:54:25 request.php - https://vivaherb.amocrm.ru/api/v4/leads/30706013 PATCH 400  {"errors":{"30706013":"Lead not found"},"title":"Bad Request","type":"https://httpstatus.es/400","status":400,"detail":"Invalid request body"}
2025-08-01 20:54:25 store_script.php - 59176 crm - 30706013 END []
2025-08-01 20:54:25 store_script.php - 59181 crm - 30706069 {"order_id":"59181","cdeck_id":"10025587928","crm":"30706069","order_status":"yookassa_widget"}
2025-08-01 20:54:25 request.php - https://vivaherb.amocrm.ru/api/v4/leads/30706069 PATCH 400  {"errors":{"30706069":"Lead not found"},"title":"Bad Request","type":"https://httpstatus.es/400","status":400,"detail":"Invalid request body"}
2025-08-01 20:54:26 store_script.php - 59181 crm - 30706069 END []
2025-08-01 20:54:26 store_script.php - 59187 crm - 30706147 {"order_id":"59187","cdeck_id":"10025595773","crm":"30706147","order_status":"yookassa_widget"}
2025-08-01 20:54:26 request.php - https://vivaherb.amocrm.ru/api/v4/leads/30706147 PATCH 400  {"errors":{"30706147":"Lead not found"},"title":"Bad Request","type":"https://httpstatus.es/400","status":400,"detail":"Invalid request body"}
2025-08-01 20:54:26 store_script.php - 59187 crm - 30706147 END []
2025-08-01 20:54:27 store_script.php - 59188 crm - 30706175 {"order_id":"59188","cdeck_id":"10025597779","crm":"30706175","order_status":"yookassa_widget"}
2025-08-01 20:54:27 request.php - https://vivaherb.amocrm.ru/api/v4/leads/30706175 PATCH 400  {"errors":{"30706175":"Lead not found"},"title":"Bad Request","type":"https://httpstatus.es/400","status":400,"detail":"Invalid request body"}
2025-08-01 20:54:27 store_script.php - 59188 crm - 30706175 END []
2025-08-01 20:54:27 store_script.php - 61931 crm - 30957731 {"order_id":"61931","cdeck_id":"10044840842","crm":"30957731","order_status":"yookassa_widget"}
2025-08-01 20:54:28 request.php - https://vivaherb.amocrm.ru/api/v4/leads/30957731 PATCH 400  {"errors":{"30957731":"Lead not found"},"title":"Bad Request","type":"https://httpstatus.es/400","status":400,"detail":"Invalid request body"}
2025-08-01 20:54:28 store_script.php - 61931 crm - 30957731 END []
2025-08-01 20:54:29 store_script.php - 64064 crm - 31115305 {"order_id":"64064","cdeck_id":"10067371813","crm":"31115305","order_status":"yookassa_widget"}
2025-08-01 20:54:29 request.php - https://vivaherb.amocrm.ru/api/v4/leads/31115305 PATCH 400  {"errors":{"31115305":"Lead not found"},"title":"Bad Request","type":"https://httpstatus.es/400","status":400,"detail":"Invalid request body"}
2025-08-01 20:54:29 store_script.php - 64064 crm - 31115305 END []
2025-08-01 20:54:29 store_script.php - 64110 crm - 31117287 {"order_id":"64110","cdeck_id":"10067760566","crm":"31117287","order_status":"yookassa_widget"}
2025-08-01 20:54:29 request.php - https://vivaherb.amocrm.ru/api/v4/leads/31117287 PATCH 400  {"errors":{"31117287":"Lead not found"},"title":"Bad Request","type":"https://httpstatus.es/400","status":400,"detail":"Invalid request body"}
2025-08-01 20:54:30 store_script.php - 64110 crm - 31117287 END []
2025-08-01 20:54:30 store_script.php - 64904 crm - 31188065 {"order_id":"64904","cdeck_id":"10075009440","crm":"31188065","order_status":"yookassa_widget"}
2025-08-01 20:54:30 request.php - https://vivaherb.amocrm.ru/api/v4/leads/31188065 PATCH 400  {"errors":{"31188065":"Lead not found"},"title":"Bad Request","type":"https://httpstatus.es/400","status":400,"detail":"Invalid request body"}
2025-08-01 20:54:30 store_script.php - 64904 crm - 31188065 END []
2025-08-01 20:54:31 store_script.php - 66655 crm - 31331987 {"order_id":"66655","cdeck_id":"10093681196","crm":"31331987","order_status":"yookassa_widget"}
2025-08-01 20:54:31 request.php - https://vivaherb.amocrm.ru/api/v4/leads/31331987 PATCH 400  {"errors":{"31331987":"Lead not found"},"title":"Bad Request","type":"https://httpstatus.es/400","status":400,"detail":"Invalid request body"}
2025-08-01 20:54:31 store_script.php - 66655 crm - 31331987 END []
2025-08-01 20:54:31 store_script.php - 66657 crm - 31332069 {"order_id":"66657","cdeck_id":"10093687362","crm":"31332069","order_status":"yookassa_widget"}
2025-08-01 20:54:32 request.php - https://vivaherb.amocrm.ru/api/v4/leads/31332069 PATCH 400  {"errors":{"31332069":"Lead not found"},"title":"Bad Request","type":"https://httpstatus.es/400","status":400,"detail":"Invalid request body"}
2025-08-01 20:54:32 store_script.php - 66657 crm - 31332069 END []
2025-08-01 20:54:32 store_script.php - 66765 crm - 31341715 {"order_id":"66765","cdeck_id":"10095118494","crm":"31341715","order_status":"cod"}
2025-08-01 20:54:32 request.php - https://vivaherb.amocrm.ru/api/v4/leads/31341715 PATCH 400  {"errors":{"31341715":"Lead not found"},"title":"Bad Request","type":"https://httpstatus.es/400","status":400,"detail":"Invalid request body"}
2025-08-01 20:54:33 request.php - https://vivaherb.amocrm.ru/api/v4/leads/31341715 PATCH 400  {"errors":{"31341715":"Lead not found"},"title":"Bad Request","type":"https://httpstatus.es/400","status":400,"detail":"Invalid request body"}
2025-08-01 20:54:33 store_script.php - 66765 crm - 31341715 END []
2025-08-01 20:54:33 store_script.php - 67842 crm - 31420031 {"order_id":"67842","cdeck_id":"10105128997","crm":"31420031","order_status":"yookassa_widget"}
2025-08-01 20:54:33 request.php - https://vivaherb.amocrm.ru/api/v4/leads/31420031 PATCH 400  {"errors":{"31420031":"Lead not found"},"title":"Bad Request","type":"https://httpstatus.es/400","status":400,"detail":"Invalid request body"}
2025-08-01 20:54:34 store_script.php - 67842 crm - 31420031 END []
2025-08-01 20:54:42 store_script.php - 70672 crm - 31684629 {"order_id":"70672","cdeck_id":"10137210974","crm":"31684629","order_status":"yookassa_widget"}
2025-08-01 20:54:42 request.php - https://vivaherb.amocrm.ru/api/v4/leads/31684629 PATCH 400  {"errors":{"31684629":"Lead not found"},"title":"Bad Request","type":"https://httpstatus.es/400","status":400,"detail":"Invalid request body"}
2025-08-01 20:54:42 store_script.php - 70672 crm - 31684629 END []
2025-08-01 21:55:21 store_script.php - 30509 crm - 27215649 {"order_id":"30509","cdeck_id":"1378035246","crm":"27215649","order_status":"cod"}
2025-08-01 21:55:21 request.php - https://vivaherb.amocrm.ru/api/v4/leads/27215649 PATCH 400  {"errors":{"27215649":"Lead not found"},"title":"Bad Request","type":"https://httpstatus.es/400","status":400,"detail":"Invalid request body"}
2025-08-01 21:55:21 request.php - https://vivaherb.amocrm.ru/api/v4/leads/27215649 PATCH 400  {"errors":{"27215649":"Lead not found"},"title":"Bad Request","type":"https://httpstatus.es/400","status":400,"detail":"Invalid request body"}
2025-08-01 21:55:22 store_script.php - 30509 crm - 27215649 END []
2025-08-01 21:55:22 store_script.php - 30980 crm - 27451493 {"order_id":"30980","cdeck_id":"1384831846","crm":"27451493","order_status":"yookassa_widget"}
2025-08-01 21:55:22 request.php - https://vivaherb.amocrm.ru/api/v4/leads/27451493 PATCH 400  {"errors":{"27451493":"Lead not found"},"title":"Bad Request","type":"https://httpstatus.es/400","status":400,"detail":"Invalid request body"}
2025-08-01 21:55:22 store_script.php - 30980 crm - 27451493 END []
2025-08-01 21:55:22 store_script.php - 31159 crm - 27523369 {"order_id":"31159","cdeck_id":"1388417736","crm":"27523369","order_status":"yookassa_widget"}
2025-08-01 21:55:23 request.php - https://vivaherb.amocrm.ru/api/v4/leads/27523369 PATCH 400  {"errors":{"27523369":"Lead not found"},"title":"Bad Request","type":"https://httpstatus.es/400","status":400,"detail":"Invalid request body"}
2025-08-01 21:55:23 store_script.php - 31159 crm - 27523369 END []
2025-08-01 21:55:23 store_script.php - 31689 crm - 27678093 {"order_id":"31689","cdeck_id":"1394658580","crm":"27678093","order_status":"cod"}
2025-08-01 21:55:23 request.php - https://vivaherb.amocrm.ru/api/v4/leads/27678093 PATCH 400  {"errors":{"27678093":"Lead not found"},"title":"Bad Request","type":"https://httpstatus.es/400","status":400,"detail":"Invalid request body"}
2025-08-01 21:55:24 request.php - https://vivaherb.amocrm.ru/api/v4/leads/27678093 PATCH 400  {"errors":{"27678093":"Lead not found"},"title":"Bad Request","type":"https://httpstatus.es/400","status":400,"detail":"Invalid request body"}
2025-08-01 21:55:24 store_script.php - 31689 crm - 27678093 END []
2025-08-01 21:55:24 store_script.php - 32666 crm - 28043619 {"order_id":"32666","cdeck_id":"1407999796","crm":"28043619","order_status":"yookassa_widget"}
2025-08-01 21:55:24 request.php - https://vivaherb.amocrm.ru/api/v4/leads/28043619 PATCH 400  {"errors":{"28043619":"Lead not found"},"title":"Bad Request","type":"https://httpstatus.es/400","status":400,"detail":"Invalid request body"}
2025-08-01 21:55:24 store_script.php - 32666 crm - 28043619 END []
2025-08-01 21:55:24 store_script.php - 35382 crm - 28949539 {"order_id":"35382","cdeck_id":"1440454117","crm":"28949539","order_status":"yookassa_widget"}
2025-08-01 21:55:25 request.php - https://vivaherb.amocrm.ru/api/v4/leads/28949539 PATCH 400  {"errors":{"28949539":"Lead not found"},"title":"Bad Request","type":"https://httpstatus.es/400","status":400,"detail":"Invalid request body"}
2025-08-01 21:55:25 store_script.php - 35382 crm - 28949539 END []
2025-08-01 21:55:25 store_script.php - 36740 crm - 29177633 {"order_id":"36740","cdeck_id":"1450621353","crm":"29177633","order_status":"yookassa_widget"}
2025-08-01 21:55:25 request.php - https://vivaherb.amocrm.ru/api/v4/leads/29177633 PATCH 400  {"errors":{"29177633":"Lead not found"},"title":"Bad Request","type":"https://httpstatus.es/400","status":400,"detail":"Invalid request body"}
2025-08-01 21:55:25 store_script.php - 36740 crm - 29177633 END []
2025-08-01 21:55:26 store_script.php - 43426 crm - 29759963 {"order_id":"43426","cdeck_id":"1492618495","crm":"29759963","order_status":"cod"}
2025-08-01 21:55:26 request.php - https://vivaherb.amocrm.ru/api/v4/leads/29759963 PATCH 400  {"errors":{"29759963":"Lead not found"},"title":"Bad Request","type":"https://httpstatus.es/400","status":400,"detail":"Invalid request body"}
2025-08-01 21:55:26 request.php - https://vivaherb.amocrm.ru/api/v4/leads/29759963 PATCH 400  {"errors":{"29759963":"Lead not found"},"title":"Bad Request","type":"https://httpstatus.es/400","status":400,"detail":"Invalid request body"}
2025-08-01 21:55:26 store_script.php - 43426 crm - 29759963 END []
2025-08-01 21:55:27 store_script.php - 55743 crm - 30571295 {"order_id":"55743","cdeck_id":"10011353606","crm":"30571295","order_status":"cod"}
2025-08-01 21:55:27 request.php - https://vivaherb.amocrm.ru/api/v4/leads/30571295 PATCH 400  {"errors":{"30571295":"Lead not found"},"title":"Bad Request","type":"https://httpstatus.es/400","status":400,"detail":"Invalid request body"}
2025-08-01 21:55:27 request.php - https://vivaherb.amocrm.ru/api/v4/leads/30571295 PATCH 400  {"errors":{"30571295":"Lead not found"},"title":"Bad Request","type":"https://httpstatus.es/400","status":400,"detail":"Invalid request body"}
2025-08-01 21:55:27 store_script.php - 55743 crm - 30571295 END []
2025-08-01 21:55:27 store_script.php - 56020 crm - 30580597 {"order_id":"56020","cdeck_id":"10012192492","crm":"30580597","order_status":"intellectmoney"}
2025-08-01 21:55:27 request.php - https://vivaherb.amocrm.ru/api/v4/leads/30580597 PATCH 400  {"errors":{"30580597":"Lead not found"},"title":"Bad Request","type":"https://httpstatus.es/400","status":400,"detail":"Invalid request body"}
2025-08-01 21:55:28 store_script.php - 56020 crm - 30580597 END []
2025-08-01 21:55:28 store_script.php - 58805 crm - 30699429 {"order_id":"58805","cdeck_id":"10024732090","crm":"30699429","order_status":"yookassa_widget"}
2025-08-01 21:55:28 request.php - https://vivaherb.amocrm.ru/api/v4/leads/30699429 PATCH 400  {"errors":{"30699429":"Lead not found"},"title":"Bad Request","type":"https://httpstatus.es/400","status":400,"detail":"Invalid request body"}
2025-08-01 21:55:28 store_script.php - 58805 crm - 30699429 END []
2025-08-01 21:55:29 store_script.php - 58825 crm - 30700377 {"order_id":"58825","cdeck_id":"10024878326","crm":"30700377","order_status":"yookassa_widget"}
2025-08-01 21:55:29 request.php - https://vivaherb.amocrm.ru/api/v4/leads/30700377 PATCH 400  {"errors":{"30700377":"Lead not found"},"title":"Bad Request","type":"https://httpstatus.es/400","status":400,"detail":"Invalid request body"}
2025-08-01 21:55:29 store_script.php - 58825 crm - 30700377 END []
2025-08-01 21:55:29 store_script.php - 58891 crm - 30702185 {"order_id":"58891","cdeck_id":"10025084375","crm":"30702185","order_status":"yookassa_widget"}
2025-08-01 21:55:29 request.php - https://vivaherb.amocrm.ru/api/v4/leads/30702185 PATCH 400  {"errors":{"30702185":"Lead not found"},"title":"Bad Request","type":"https://httpstatus.es/400","status":400,"detail":"Invalid request body"}
2025-08-01 21:55:30 store_script.php - 58891 crm - 30702185 END []
2025-08-01 21:55:30 store_script.php - 59176 crm - 30706013 {"order_id":"59176","cdeck_id":"10025584176","crm":"30706013","order_status":"yookassa_widget"}
2025-08-01 21:55:30 request.php - https://vivaherb.amocrm.ru/api/v4/leads/30706013 PATCH 400  {"errors":{"30706013":"Lead not found"},"title":"Bad Request","type":"https://httpstatus.es/400","status":400,"detail":"Invalid request body"}
2025-08-01 21:55:30 store_script.php - 59176 crm - 30706013 END []
2025-08-01 21:55:30 store_script.php - 59181 crm - 30706069 {"order_id":"59181","cdeck_id":"10025587928","crm":"30706069","order_status":"yookassa_widget"}
2025-08-01 21:55:31 request.php - https://vivaherb.amocrm.ru/api/v4/leads/30706069 PATCH 400  {"errors":{"30706069":"Lead not found"},"title":"Bad Request","type":"https://httpstatus.es/400","status":400,"detail":"Invalid request body"}
2025-08-01 21:55:31 store_script.php - 59181 crm - 30706069 END []
2025-08-01 21:55:31 store_script.php - 59187 crm - 30706147 {"order_id":"59187","cdeck_id":"10025595773","crm":"30706147","order_status":"yookassa_widget"}
2025-08-01 21:55:31 request.php - https://vivaherb.amocrm.ru/api/v4/leads/30706147 PATCH 400  {"errors":{"30706147":"Lead not found"},"title":"Bad Request","type":"https://httpstatus.es/400","status":400,"detail":"Invalid request body"}
2025-08-01 21:55:32 store_script.php - 59187 crm - 30706147 END []
2025-08-01 21:55:32 store_script.php - 59188 crm - 30706175 {"order_id":"59188","cdeck_id":"10025597779","crm":"30706175","order_status":"yookassa_widget"}
2025-08-01 21:55:32 request.php - https://vivaherb.amocrm.ru/api/v4/leads/30706175 PATCH 400  {"errors":{"30706175":"Lead not found"},"title":"Bad Request","type":"https://httpstatus.es/400","status":400,"detail":"Invalid request body"}
2025-08-01 21:55:32 store_script.php - 59188 crm - 30706175 END []
2025-08-01 21:55:33 store_script.php - 61931 crm - 30957731 {"order_id":"61931","cdeck_id":"10044840842","crm":"30957731","order_status":"yookassa_widget"}
2025-08-01 21:55:33 request.php - https://vivaherb.amocrm.ru/api/v4/leads/30957731 PATCH 400  {"errors":{"30957731":"Lead not found"},"title":"Bad Request","type":"https://httpstatus.es/400","status":400,"detail":"Invalid request body"}
2025-08-01 21:55:33 store_script.php - 61931 crm - 30957731 END []
2025-08-01 21:55:34 store_script.php - 64064 crm - 31115305 {"order_id":"64064","cdeck_id":"10067371813","crm":"31115305","order_status":"yookassa_widget"}
2025-08-01 21:55:34 request.php - https://vivaherb.amocrm.ru/api/v4/leads/31115305 PATCH 400  {"errors":{"31115305":"Lead not found"},"title":"Bad Request","type":"https://httpstatus.es/400","status":400,"detail":"Invalid request body"}
2025-08-01 21:55:34 store_script.php - 64064 crm - 31115305 END []
2025-08-01 21:55:35 store_script.php - 64110 crm - 31117287 {"order_id":"64110","cdeck_id":"10067760566","crm":"31117287","order_status":"yookassa_widget"}
2025-08-01 21:55:35 request.php - https://vivaherb.amocrm.ru/api/v4/leads/31117287 PATCH 400  {"errors":{"31117287":"Lead not found"},"title":"Bad Request","type":"https://httpstatus.es/400","status":400,"detail":"Invalid request body"}
2025-08-01 21:55:35 store_script.php - 64110 crm - 31117287 END []
2025-08-01 21:55:35 store_script.php - 64904 crm - 31188065 {"order_id":"64904","cdeck_id":"10075009440","crm":"31188065","order_status":"yookassa_widget"}
2025-08-01 21:55:35 request.php - https://vivaherb.amocrm.ru/api/v4/leads/31188065 PATCH 400  {"errors":{"31188065":"Lead not found"},"title":"Bad Request","type":"https://httpstatus.es/400","status":400,"detail":"Invalid request body"}
2025-08-01 21:55:36 store_script.php - 64904 crm - 31188065 END []
2025-08-01 21:55:36 store_script.php - 66655 crm - 31331987 {"order_id":"66655","cdeck_id":"10093681196","crm":"31331987","order_status":"yookassa_widget"}
2025-08-01 21:55:36 request.php - https://vivaherb.amocrm.ru/api/v4/leads/31331987 PATCH 400  {"errors":{"31331987":"Lead not found"},"title":"Bad Request","type":"https://httpstatus.es/400","status":400,"detail":"Invalid request body"}
2025-08-01 21:55:37 store_script.php - 66655 crm - 31331987 END []
2025-08-01 21:55:37 store_script.php - 66657 crm - 31332069 {"order_id":"66657","cdeck_id":"10093687362","crm":"31332069","order_status":"yookassa_widget"}
2025-08-01 21:55:37 request.php - https://vivaherb.amocrm.ru/api/v4/leads/31332069 PATCH 400  {"errors":{"31332069":"Lead not found"},"title":"Bad Request","type":"https://httpstatus.es/400","status":400,"detail":"Invalid request body"}
2025-08-01 21:55:37 store_script.php - 66657 crm - 31332069 END []
2025-08-01 21:55:37 store_script.php - 66765 crm - 31341715 {"order_id":"66765","cdeck_id":"10095118494","crm":"31341715","order_status":"cod"}
2025-08-01 21:55:38 request.php - https://vivaherb.amocrm.ru/api/v4/leads/31341715 PATCH 400  {"errors":{"31341715":"Lead not found"},"title":"Bad Request","type":"https://httpstatus.es/400","status":400,"detail":"Invalid request body"}
2025-08-01 21:55:38 request.php - https://vivaherb.amocrm.ru/api/v4/leads/31341715 PATCH 400  {"errors":{"31341715":"Lead not found"},"title":"Bad Request","type":"https://httpstatus.es/400","status":400,"detail":"Invalid request body"}
2025-08-01 21:55:38 store_script.php - 66765 crm - 31341715 END []
2025-08-01 21:55:39 store_script.php - 67842 crm - 31420031 {"order_id":"67842","cdeck_id":"10105128997","crm":"31420031","order_status":"yookassa_widget"}
2025-08-01 21:55:39 request.php - https://vivaherb.amocrm.ru/api/v4/leads/31420031 PATCH 400  {"errors":{"31420031":"Lead not found"},"title":"Bad Request","type":"https://httpstatus.es/400","status":400,"detail":"Invalid request body"}
2025-08-01 21:55:39 store_script.php - 67842 crm - 31420031 END []
2025-08-01 21:55:48 store_script.php - 70672 crm - 31684629 {"order_id":"70672","cdeck_id":"10137210974","crm":"31684629","order_status":"yookassa_widget"}
2025-08-01 21:55:48 request.php - https://vivaherb.amocrm.ru/api/v4/leads/31684629 PATCH 400  {"errors":{"31684629":"Lead not found"},"title":"Bad Request","type":"https://httpstatus.es/400","status":400,"detail":"Invalid request body"}
2025-08-01 21:55:48 store_script.php - 70672 crm - 31684629 END []
2025-08-01 23:00:21 store_script.php - 30509 crm - 27215649 {"order_id":"30509","cdeck_id":"1378035246","crm":"27215649","order_status":"cod"}
2025-08-01 23:00:21 request.php - https://vivaherb.amocrm.ru/api/v4/leads/27215649 PATCH 400  {"errors":{"27215649":"Lead not found"},"title":"Bad Request","type":"https://httpstatus.es/400","status":400,"detail":"Invalid request body"}
2025-08-01 23:00:21 request.php - https://vivaherb.amocrm.ru/api/v4/leads/27215649 PATCH 400  {"errors":{"27215649":"Lead not found"},"title":"Bad Request","type":"https://httpstatus.es/400","status":400,"detail":"Invalid request body"}
2025-08-01 23:00:22 store_script.php - 30509 crm - 27215649 END []
2025-08-01 23:00:22 store_script.php - 30980 crm - 27451493 {"order_id":"30980","cdeck_id":"1384831846","crm":"27451493","order_status":"yookassa_widget"}
2025-08-01 23:00:22 request.php - https://vivaherb.amocrm.ru/api/v4/leads/27451493 PATCH 400  {"errors":{"27451493":"Lead not found"},"title":"Bad Request","type":"https://httpstatus.es/400","status":400,"detail":"Invalid request body"}
2025-08-01 23:00:23 store_script.php - 30980 crm - 27451493 END []
2025-08-01 23:00:23 store_script.php - 31159 crm - 27523369 {"order_id":"31159","cdeck_id":"1388417736","crm":"27523369","order_status":"yookassa_widget"}
2025-08-01 23:00:23 request.php - https://vivaherb.amocrm.ru/api/v4/leads/27523369 PATCH 400  {"errors":{"27523369":"Lead not found"},"title":"Bad Request","type":"https://httpstatus.es/400","status":400,"detail":"Invalid request body"}
2025-08-01 23:00:23 store_script.php - 31159 crm - 27523369 END []
2025-08-01 23:00:23 store_script.php - 31689 crm - 27678093 {"order_id":"31689","cdeck_id":"1394658580","crm":"27678093","order_status":"cod"}
2025-08-01 23:00:23 request.php - https://vivaherb.amocrm.ru/api/v4/leads/27678093 PATCH 400  {"errors":{"27678093":"Lead not found"},"title":"Bad Request","type":"https://httpstatus.es/400","status":400,"detail":"Invalid request body"}
2025-08-01 23:00:24 request.php - https://vivaherb.amocrm.ru/api/v4/leads/27678093 PATCH 400  {"errors":{"27678093":"Lead not found"},"title":"Bad Request","type":"https://httpstatus.es/400","status":400,"detail":"Invalid request body"}
2025-08-01 23:00:24 store_script.php - 31689 crm - 27678093 END []
2025-08-01 23:00:24 store_script.php - 32666 crm - 28043619 {"order_id":"32666","cdeck_id":"1407999796","crm":"28043619","order_status":"yookassa_widget"}
2025-08-01 23:00:24 request.php - https://vivaherb.amocrm.ru/api/v4/leads/28043619 PATCH 400  {"errors":{"28043619":"Lead not found"},"title":"Bad Request","type":"https://httpstatus.es/400","status":400,"detail":"Invalid request body"}
2025-08-01 23:00:25 store_script.php - 32666 crm - 28043619 END []
2025-08-01 23:00:25 store_script.php - 35382 crm - 28949539 {"order_id":"35382","cdeck_id":"1440454117","crm":"28949539","order_status":"yookassa_widget"}
2025-08-01 23:00:25 request.php - https://vivaherb.amocrm.ru/api/v4/leads/28949539 PATCH 400  {"errors":{"28949539":"Lead not found"},"title":"Bad Request","type":"https://httpstatus.es/400","status":400,"detail":"Invalid request body"}
2025-08-01 23:00:25 store_script.php - 35382 crm - 28949539 END []
2025-08-01 23:00:25 store_script.php - 36740 crm - 29177633 {"order_id":"36740","cdeck_id":"1450621353","crm":"29177633","order_status":"yookassa_widget"}
2025-08-01 23:00:25 request.php - https://vivaherb.amocrm.ru/api/v4/leads/29177633 PATCH 400  {"errors":{"29177633":"Lead not found"},"title":"Bad Request","type":"https://httpstatus.es/400","status":400,"detail":"Invalid request body"}
2025-08-01 23:00:26 store_script.php - 36740 crm - 29177633 END []
2025-08-01 23:00:26 store_script.php - 43426 crm - 29759963 {"order_id":"43426","cdeck_id":"1492618495","crm":"29759963","order_status":"cod"}
2025-08-01 23:00:26 request.php - https://vivaherb.amocrm.ru/api/v4/leads/29759963 PATCH 400  {"errors":{"29759963":"Lead not found"},"title":"Bad Request","type":"https://httpstatus.es/400","status":400,"detail":"Invalid request body"}
2025-08-01 23:00:26 request.php - https://vivaherb.amocrm.ru/api/v4/leads/29759963 PATCH 400  {"errors":{"29759963":"Lead not found"},"title":"Bad Request","type":"https://httpstatus.es/400","status":400,"detail":"Invalid request body"}
2025-08-01 23:00:26 store_script.php - 43426 crm - 29759963 END []
2025-08-01 23:00:27 store_script.php - 55743 crm - 30571295 {"order_id":"55743","cdeck_id":"10011353606","crm":"30571295","order_status":"cod"}
2025-08-01 23:00:27 request.php - https://vivaherb.amocrm.ru/api/v4/leads/30571295 PATCH 400  {"errors":{"30571295":"Lead not found"},"title":"Bad Request","type":"https://httpstatus.es/400","status":400,"detail":"Invalid request body"}
2025-08-01 23:00:27 request.php - https://vivaherb.amocrm.ru/api/v4/leads/30571295 PATCH 400  {"errors":{"30571295":"Lead not found"},"title":"Bad Request","type":"https://httpstatus.es/400","status":400,"detail":"Invalid request body"}
2025-08-01 23:00:27 store_script.php - 55743 crm - 30571295 END []
2025-08-01 23:00:27 store_script.php - 56020 crm - 30580597 {"order_id":"56020","cdeck_id":"10012192492","crm":"30580597","order_status":"intellectmoney"}
2025-08-01 23:00:28 request.php - https://vivaherb.amocrm.ru/api/v4/leads/30580597 PATCH 400  {"errors":{"30580597":"Lead not found"},"title":"Bad Request","type":"https://httpstatus.es/400","status":400,"detail":"Invalid request body"}
2025-08-01 23:00:28 store_script.php - 56020 crm - 30580597 END []
2025-08-01 23:00:28 store_script.php - 58805 crm - 30699429 {"order_id":"58805","cdeck_id":"10024732090","crm":"30699429","order_status":"yookassa_widget"}
2025-08-01 23:00:28 request.php - https://vivaherb.amocrm.ru/api/v4/leads/30699429 PATCH 400  {"errors":{"30699429":"Lead not found"},"title":"Bad Request","type":"https://httpstatus.es/400","status":400,"detail":"Invalid request body"}
2025-08-01 23:00:28 store_script.php - 58805 crm - 30699429 END []
2025-08-01 23:00:29 store_script.php - 58825 crm - 30700377 {"order_id":"58825","cdeck_id":"10024878326","crm":"30700377","order_status":"yookassa_widget"}
2025-08-01 23:00:29 request.php - https://vivaherb.amocrm.ru/api/v4/leads/30700377 PATCH 400  {"errors":{"30700377":"Lead not found"},"title":"Bad Request","type":"https://httpstatus.es/400","status":400,"detail":"Invalid request body"}
2025-08-01 23:00:29 store_script.php - 58825 crm - 30700377 END []
2025-08-01 23:00:29 store_script.php - 58891 crm - 30702185 {"order_id":"58891","cdeck_id":"10025084375","crm":"30702185","order_status":"yookassa_widget"}
2025-08-01 23:00:29 request.php - https://vivaherb.amocrm.ru/api/v4/leads/30702185 PATCH 400  {"errors":{"30702185":"Lead not found"},"title":"Bad Request","type":"https://httpstatus.es/400","status":400,"detail":"Invalid request body"}
2025-08-01 23:00:29 store_script.php - 58891 crm - 30702185 END []
2025-08-01 23:00:30 store_script.php - 59176 crm - 30706013 {"order_id":"59176","cdeck_id":"10025584176","crm":"30706013","order_status":"yookassa_widget"}
2025-08-01 23:00:30 request.php - https://vivaherb.amocrm.ru/api/v4/leads/30706013 PATCH 400  {"errors":{"30706013":"Lead not found"},"title":"Bad Request","type":"https://httpstatus.es/400","status":400,"detail":"Invalid request body"}
2025-08-01 23:00:30 store_script.php - 59176 crm - 30706013 END []
2025-08-01 23:00:30 store_script.php - 59181 crm - 30706069 {"order_id":"59181","cdeck_id":"10025587928","crm":"30706069","order_status":"yookassa_widget"}
2025-08-01 23:00:30 request.php - https://vivaherb.amocrm.ru/api/v4/leads/30706069 PATCH 400  {"errors":{"30706069":"Lead not found"},"title":"Bad Request","type":"https://httpstatus.es/400","status":400,"detail":"Invalid request body"}
2025-08-01 23:00:31 store_script.php - 59181 crm - 30706069 END []
2025-08-01 23:00:31 store_script.php - 59187 crm - 30706147 {"order_id":"59187","cdeck_id":"10025595773","crm":"30706147","order_status":"yookassa_widget"}
2025-08-01 23:00:31 request.php - https://vivaherb.amocrm.ru/api/v4/leads/30706147 PATCH 400  {"errors":{"30706147":"Lead not found"},"title":"Bad Request","type":"https://httpstatus.es/400","status":400,"detail":"Invalid request body"}
2025-08-01 23:00:31 store_script.php - 59187 crm - 30706147 END []
2025-08-01 23:00:32 store_script.php - 59188 crm - 30706175 {"order_id":"59188","cdeck_id":"10025597779","crm":"30706175","order_status":"yookassa_widget"}
2025-08-01 23:00:32 request.php - https://vivaherb.amocrm.ru/api/v4/leads/30706175 PATCH 400  {"errors":{"30706175":"Lead not found"},"title":"Bad Request","type":"https://httpstatus.es/400","status":400,"detail":"Invalid request body"}
2025-08-01 23:00:32 store_script.php - 59188 crm - 30706175 END []
2025-08-01 23:00:32 store_script.php - 61931 crm - 30957731 {"order_id":"61931","cdeck_id":"10044840842","crm":"30957731","order_status":"yookassa_widget"}
2025-08-01 23:00:33 request.php - https://vivaherb.amocrm.ru/api/v4/leads/30957731 PATCH 400  {"errors":{"30957731":"Lead not found"},"title":"Bad Request","type":"https://httpstatus.es/400","status":400,"detail":"Invalid request body"}
2025-08-01 23:00:33 store_script.php - 61931 crm - 30957731 END []
2025-08-01 23:00:34 store_script.php - 64064 crm - 31115305 {"order_id":"64064","cdeck_id":"10067371813","crm":"31115305","order_status":"yookassa_widget"}
2025-08-01 23:00:34 request.php - https://vivaherb.amocrm.ru/api/v4/leads/31115305 PATCH 400  {"errors":{"31115305":"Lead not found"},"title":"Bad Request","type":"https://httpstatus.es/400","status":400,"detail":"Invalid request body"}
2025-08-01 23:00:34 store_script.php - 64064 crm - 31115305 END []
2025-08-01 23:00:35 store_script.php - 64110 crm - 31117287 {"order_id":"64110","cdeck_id":"10067760566","crm":"31117287","order_status":"yookassa_widget"}
2025-08-01 23:00:35 request.php - https://vivaherb.amocrm.ru/api/v4/leads/31117287 PATCH 400  {"errors":{"31117287":"Lead not found"},"title":"Bad Request","type":"https://httpstatus.es/400","status":400,"detail":"Invalid request body"}
2025-08-01 23:00:35 store_script.php - 64110 crm - 31117287 END []
2025-08-01 23:00:35 store_script.php - 64904 crm - 31188065 {"order_id":"64904","cdeck_id":"10075009440","crm":"31188065","order_status":"yookassa_widget"}
2025-08-01 23:00:35 request.php - https://vivaherb.amocrm.ru/api/v4/leads/31188065 PATCH 400  {"errors":{"31188065":"Lead not found"},"title":"Bad Request","type":"https://httpstatus.es/400","status":400,"detail":"Invalid request body"}
2025-08-01 23:00:35 store_script.php - 64904 crm - 31188065 END []
2025-08-01 23:00:36 store_script.php - 66655 crm - 31331987 {"order_id":"66655","cdeck_id":"10093681196","crm":"31331987","order_status":"yookassa_widget"}
2025-08-01 23:00:36 request.php - https://vivaherb.amocrm.ru/api/v4/leads/31331987 PATCH 400  {"errors":{"31331987":"Lead not found"},"title":"Bad Request","type":"https://httpstatus.es/400","status":400,"detail":"Invalid request body"}
2025-08-01 23:00:37 store_script.php - 66655 crm - 31331987 END []
2025-08-01 23:00:37 store_script.php - 66657 crm - 31332069 {"order_id":"66657","cdeck_id":"10093687362","crm":"31332069","order_status":"yookassa_widget"}
2025-08-01 23:00:37 request.php - https://vivaherb.amocrm.ru/api/v4/leads/31332069 PATCH 400  {"errors":{"31332069":"Lead not found"},"title":"Bad Request","type":"https://httpstatus.es/400","status":400,"detail":"Invalid request body"}
2025-08-01 23:00:37 store_script.php - 66657 crm - 31332069 END []
2025-08-01 23:00:37 store_script.php - 66765 crm - 31341715 {"order_id":"66765","cdeck_id":"10095118494","crm":"31341715","order_status":"cod"}
2025-08-01 23:00:37 request.php - https://vivaherb.amocrm.ru/api/v4/leads/31341715 PATCH 400  {"errors":{"31341715":"Lead not found"},"title":"Bad Request","type":"https://httpstatus.es/400","status":400,"detail":"Invalid request body"}
2025-08-01 23:00:38 request.php - https://vivaherb.amocrm.ru/api/v4/leads/31341715 PATCH 400  {"errors":{"31341715":"Lead not found"},"title":"Bad Request","type":"https://httpstatus.es/400","status":400,"detail":"Invalid request body"}
2025-08-01 23:00:38 store_script.php - 66765 crm - 31341715 END []
2025-08-01 23:00:38 store_script.php - 67842 crm - 31420031 {"order_id":"67842","cdeck_id":"10105128997","crm":"31420031","order_status":"yookassa_widget"}
2025-08-01 23:00:38 request.php - https://vivaherb.amocrm.ru/api/v4/leads/31420031 PATCH 400  {"errors":{"31420031":"Lead not found"},"title":"Bad Request","type":"https://httpstatus.es/400","status":400,"detail":"Invalid request body"}
2025-08-01 23:00:39 store_script.php - 67842 crm - 31420031 END []
2025-08-01 23:00:47 store_script.php - 70672 crm - 31684629 {"order_id":"70672","cdeck_id":"10137210974","crm":"31684629","order_status":"yookassa_widget"}
2025-08-01 23:00:47 request.php - https://vivaherb.amocrm.ru/api/v4/leads/31684629 PATCH 400  {"errors":{"31684629":"Lead not found"},"title":"Bad Request","type":"https://httpstatus.es/400","status":400,"detail":"Invalid request body"}
2025-08-01 23:00:47 store_script.php - 70672 crm - 31684629 END []
2025-08-01 23:57:34 store_script.php - 30509 crm - 27215649 {"order_id":"30509","cdeck_id":"1378035246","crm":"27215649","order_status":"cod"}
2025-08-01 23:57:34 request.php - https://vivaherb.amocrm.ru/api/v4/leads/27215649 PATCH 400  {"errors":{"27215649":"Lead not found"},"title":"Bad Request","type":"https://httpstatus.es/400","status":400,"detail":"Invalid request body"}
2025-08-01 23:57:34 request.php - https://vivaherb.amocrm.ru/api/v4/leads/27215649 PATCH 400  {"errors":{"27215649":"Lead not found"},"title":"Bad Request","type":"https://httpstatus.es/400","status":400,"detail":"Invalid request body"}
2025-08-01 23:57:34 store_script.php - 30509 crm - 27215649 END []
2025-08-01 23:57:35 store_script.php - 30980 crm - 27451493 {"order_id":"30980","cdeck_id":"1384831846","crm":"27451493","order_status":"yookassa_widget"}
2025-08-01 23:57:35 request.php - https://vivaherb.amocrm.ru/api/v4/leads/27451493 PATCH 400  {"errors":{"27451493":"Lead not found"},"title":"Bad Request","type":"https://httpstatus.es/400","status":400,"detail":"Invalid request body"}
2025-08-01 23:57:35 store_script.php - 30980 crm - 27451493 END []
2025-08-01 23:57:35 store_script.php - 31159 crm - 27523369 {"order_id":"31159","cdeck_id":"1388417736","crm":"27523369","order_status":"yookassa_widget"}
2025-08-01 23:57:36 request.php - https://vivaherb.amocrm.ru/api/v4/leads/27523369 PATCH 400  {"errors":{"27523369":"Lead not found"},"title":"Bad Request","type":"https://httpstatus.es/400","status":400,"detail":"Invalid request body"}
2025-08-01 23:57:36 store_script.php - 31159 crm - 27523369 END []
2025-08-01 23:57:36 store_script.php - 31689 crm - 27678093 {"order_id":"31689","cdeck_id":"1394658580","crm":"27678093","order_status":"cod"}
2025-08-01 23:57:36 request.php - https://vivaherb.amocrm.ru/api/v4/leads/27678093 PATCH 400  {"errors":{"27678093":"Lead not found"},"title":"Bad Request","type":"https://httpstatus.es/400","status":400,"detail":"Invalid request body"}
2025-08-01 23:57:36 request.php - https://vivaherb.amocrm.ru/api/v4/leads/27678093 PATCH 400  {"errors":{"27678093":"Lead not found"},"title":"Bad Request","type":"https://httpstatus.es/400","status":400,"detail":"Invalid request body"}
2025-08-01 23:57:36 store_script.php - 31689 crm - 27678093 END []
2025-08-01 23:57:37 store_script.php - 32666 crm - 28043619 {"order_id":"32666","cdeck_id":"1407999796","crm":"28043619","order_status":"yookassa_widget"}
2025-08-01 23:57:37 request.php - https://vivaherb.amocrm.ru/api/v4/leads/28043619 PATCH 400  {"errors":{"28043619":"Lead not found"},"title":"Bad Request","type":"https://httpstatus.es/400","status":400,"detail":"Invalid request body"}
2025-08-01 23:57:37 store_script.php - 32666 crm - 28043619 END []
2025-08-01 23:57:37 store_script.php - 35382 crm - 28949539 {"order_id":"35382","cdeck_id":"1440454117","crm":"28949539","order_status":"yookassa_widget"}
2025-08-01 23:57:38 request.php - https://vivaherb.amocrm.ru/api/v4/leads/28949539 PATCH 400  {"errors":{"28949539":"Lead not found"},"title":"Bad Request","type":"https://httpstatus.es/400","status":400,"detail":"Invalid request body"}
2025-08-01 23:57:38 store_script.php - 35382 crm - 28949539 END []
2025-08-01 23:57:38 store_script.php - 36740 crm - 29177633 {"order_id":"36740","cdeck_id":"1450621353","crm":"29177633","order_status":"yookassa_widget"}
2025-08-01 23:57:38 request.php - https://vivaherb.amocrm.ru/api/v4/leads/29177633 PATCH 400  {"errors":{"29177633":"Lead not found"},"title":"Bad Request","type":"https://httpstatus.es/400","status":400,"detail":"Invalid request body"}
2025-08-01 23:57:38 store_script.php - 36740 crm - 29177633 END []
2025-08-01 23:57:39 store_script.php - 43426 crm - 29759963 {"order_id":"43426","cdeck_id":"1492618495","crm":"29759963","order_status":"cod"}
2025-08-01 23:57:39 request.php - https://vivaherb.amocrm.ru/api/v4/leads/29759963 PATCH 400  {"errors":{"29759963":"Lead not found"},"title":"Bad Request","type":"https://httpstatus.es/400","status":400,"detail":"Invalid request body"}
2025-08-01 23:57:39 request.php - https://vivaherb.amocrm.ru/api/v4/leads/29759963 PATCH 400  {"errors":{"29759963":"Lead not found"},"title":"Bad Request","type":"https://httpstatus.es/400","status":400,"detail":"Invalid request body"}
2025-08-01 23:57:39 store_script.php - 43426 crm - 29759963 END []
2025-08-01 23:57:39 store_script.php - 55743 crm - 30571295 {"order_id":"55743","cdeck_id":"10011353606","crm":"30571295","order_status":"cod"}
2025-08-01 23:57:40 request.php - https://vivaherb.amocrm.ru/api/v4/leads/30571295 PATCH 400  {"errors":{"30571295":"Lead not found"},"title":"Bad Request","type":"https://httpstatus.es/400","status":400,"detail":"Invalid request body"}
2025-08-01 23:57:40 request.php - https://vivaherb.amocrm.ru/api/v4/leads/30571295 PATCH 400  {"errors":{"30571295":"Lead not found"},"title":"Bad Request","type":"https://httpstatus.es/400","status":400,"detail":"Invalid request body"}
2025-08-01 23:57:40 store_script.php - 55743 crm - 30571295 END []
2025-08-01 23:57:41 store_script.php - 56020 crm - 30580597 {"order_id":"56020","cdeck_id":"10012192492","crm":"30580597","order_status":"intellectmoney"}
2025-08-01 23:57:41 request.php - https://vivaherb.amocrm.ru/api/v4/leads/30580597 PATCH 400  {"errors":{"30580597":"Lead not found"},"title":"Bad Request","type":"https://httpstatus.es/400","status":400,"detail":"Invalid request body"}
2025-08-01 23:57:41 store_script.php - 56020 crm - 30580597 END []
2025-08-01 23:57:41 store_script.php - 58805 crm - 30699429 {"order_id":"58805","cdeck_id":"10024732090","crm":"30699429","order_status":"yookassa_widget"}
2025-08-01 23:57:41 request.php - https://vivaherb.amocrm.ru/api/v4/leads/30699429 PATCH 400  {"errors":{"30699429":"Lead not found"},"title":"Bad Request","type":"https://httpstatus.es/400","status":400,"detail":"Invalid request body"}
2025-08-01 23:57:42 store_script.php - 58805 crm - 30699429 END []
2025-08-01 23:57:42 store_script.php - 58825 crm - 30700377 {"order_id":"58825","cdeck_id":"10024878326","crm":"30700377","order_status":"yookassa_widget"}
2025-08-01 23:57:42 request.php - https://vivaherb.amocrm.ru/api/v4/leads/30700377 PATCH 400  {"errors":{"30700377":"Lead not found"},"title":"Bad Request","type":"https://httpstatus.es/400","status":400,"detail":"Invalid request body"}
2025-08-01 23:57:42 store_script.php - 58825 crm - 30700377 END []
2025-08-01 23:57:42 store_script.php - 58891 crm - 30702185 {"order_id":"58891","cdeck_id":"10025084375","crm":"30702185","order_status":"yookassa_widget"}
2025-08-01 23:57:43 request.php - https://vivaherb.amocrm.ru/api/v4/leads/30702185 PATCH 400  {"errors":{"30702185":"Lead not found"},"title":"Bad Request","type":"https://httpstatus.es/400","status":400,"detail":"Invalid request body"}
2025-08-01 23:57:43 store_script.php - 58891 crm - 30702185 END []
2025-08-01 23:57:43 store_script.php - 59176 crm - 30706013 {"order_id":"59176","cdeck_id":"10025584176","crm":"30706013","order_status":"yookassa_widget"}
2025-08-01 23:57:43 request.php - https://vivaherb.amocrm.ru/api/v4/leads/30706013 PATCH 400  {"errors":{"30706013":"Lead not found"},"title":"Bad Request","type":"https://httpstatus.es/400","status":400,"detail":"Invalid request body"}
2025-08-01 23:57:43 store_script.php - 59176 crm - 30706013 END []
2025-08-01 23:57:43 store_script.php - 59181 crm - 30706069 {"order_id":"59181","cdeck_id":"10025587928","crm":"30706069","order_status":"yookassa_widget"}
2025-08-01 23:57:44 request.php - https://vivaherb.amocrm.ru/api/v4/leads/30706069 PATCH 400  {"errors":{"30706069":"Lead not found"},"title":"Bad Request","type":"https://httpstatus.es/400","status":400,"detail":"Invalid request body"}
2025-08-01 23:57:44 store_script.php - 59181 crm - 30706069 END []
2025-08-01 23:57:44 store_script.php - 59187 crm - 30706147 {"order_id":"59187","cdeck_id":"10025595773","crm":"30706147","order_status":"yookassa_widget"}
2025-08-01 23:57:45 request.php - https://vivaherb.amocrm.ru/api/v4/leads/30706147 PATCH 400  {"errors":{"30706147":"Lead not found"},"title":"Bad Request","type":"https://httpstatus.es/400","status":400,"detail":"Invalid request body"}
2025-08-01 23:57:45 store_script.php - 59187 crm - 30706147 END []
2025-08-01 23:57:45 store_script.php - 59188 crm - 30706175 {"order_id":"59188","cdeck_id":"10025597779","crm":"30706175","order_status":"yookassa_widget"}
2025-08-01 23:57:45 request.php - https://vivaherb.amocrm.ru/api/v4/leads/30706175 PATCH 400  {"errors":{"30706175":"Lead not found"},"title":"Bad Request","type":"https://httpstatus.es/400","status":400,"detail":"Invalid request body"}
2025-08-01 23:57:45 store_script.php - 59188 crm - 30706175 END []
2025-08-01 23:57:46 store_script.php - 61931 crm - 30957731 {"order_id":"61931","cdeck_id":"10044840842","crm":"30957731","order_status":"yookassa_widget"}
2025-08-01 23:57:46 request.php - https://vivaherb.amocrm.ru/api/v4/leads/30957731 PATCH 400  {"errors":{"30957731":"Lead not found"},"title":"Bad Request","type":"https://httpstatus.es/400","status":400,"detail":"Invalid request body"}
2025-08-01 23:57:47 store_script.php - 61931 crm - 30957731 END []
2025-08-01 23:57:48 store_script.php - 64064 crm - 31115305 {"order_id":"64064","cdeck_id":"10067371813","crm":"31115305","order_status":"yookassa_widget"}
2025-08-01 23:57:48 request.php - https://vivaherb.amocrm.ru/api/v4/leads/31115305 PATCH 400  {"errors":{"31115305":"Lead not found"},"title":"Bad Request","type":"https://httpstatus.es/400","status":400,"detail":"Invalid request body"}
2025-08-01 23:57:48 store_script.php - 64064 crm - 31115305 END []
2025-08-01 23:57:48 store_script.php - 64110 crm - 31117287 {"order_id":"64110","cdeck_id":"10067760566","crm":"31117287","order_status":"yookassa_widget"}
2025-08-01 23:57:48 request.php - https://vivaherb.amocrm.ru/api/v4/leads/31117287 PATCH 400  {"errors":{"31117287":"Lead not found"},"title":"Bad Request","type":"https://httpstatus.es/400","status":400,"detail":"Invalid request body"}
2025-08-01 23:57:49 store_script.php - 64110 crm - 31117287 END []
2025-08-01 23:57:49 store_script.php - 64904 crm - 31188065 {"order_id":"64904","cdeck_id":"10075009440","crm":"31188065","order_status":"yookassa_widget"}
2025-08-01 23:57:49 request.php - https://vivaherb.amocrm.ru/api/v4/leads/31188065 PATCH 400  {"errors":{"31188065":"Lead not found"},"title":"Bad Request","type":"https://httpstatus.es/400","status":400,"detail":"Invalid request body"}
2025-08-01 23:57:49 store_script.php - 64904 crm - 31188065 END []
2025-08-01 23:57:50 store_script.php - 66655 crm - 31331987 {"order_id":"66655","cdeck_id":"10093681196","crm":"31331987","order_status":"yookassa_widget"}
2025-08-01 23:57:50 request.php - https://vivaherb.amocrm.ru/api/v4/leads/31331987 PATCH 400  {"errors":{"31331987":"Lead not found"},"title":"Bad Request","type":"https://httpstatus.es/400","status":400,"detail":"Invalid request body"}
2025-08-01 23:57:50 store_script.php - 66655 crm - 31331987 END []
2025-08-01 23:57:51 store_script.php - 66657 crm - 31332069 {"order_id":"66657","cdeck_id":"10093687362","crm":"31332069","order_status":"yookassa_widget"}
2025-08-01 23:57:51 request.php - https://vivaherb.amocrm.ru/api/v4/leads/31332069 PATCH 400  {"errors":{"31332069":"Lead not found"},"title":"Bad Request","type":"https://httpstatus.es/400","status":400,"detail":"Invalid request body"}
2025-08-01 23:57:51 store_script.php - 66657 crm - 31332069 END []
2025-08-01 23:57:51 store_script.php - 66765 crm - 31341715 {"order_id":"66765","cdeck_id":"10095118494","crm":"31341715","order_status":"cod"}
2025-08-01 23:57:51 request.php - https://vivaherb.amocrm.ru/api/v4/leads/31341715 PATCH 400  {"errors":{"31341715":"Lead not found"},"title":"Bad Request","type":"https://httpstatus.es/400","status":400,"detail":"Invalid request body"}
2025-08-01 23:57:52 request.php - https://vivaherb.amocrm.ru/api/v4/leads/31341715 PATCH 400  {"errors":{"31341715":"Lead not found"},"title":"Bad Request","type":"https://httpstatus.es/400","status":400,"detail":"Invalid request body"}
2025-08-01 23:57:52 store_script.php - 66765 crm - 31341715 END []
2025-08-01 23:57:52 store_script.php - 67842 crm - 31420031 {"order_id":"67842","cdeck_id":"10105128997","crm":"31420031","order_status":"yookassa_widget"}
2025-08-01 23:57:53 request.php - https://vivaherb.amocrm.ru/api/v4/leads/31420031 PATCH 400  {"errors":{"31420031":"Lead not found"},"title":"Bad Request","type":"https://httpstatus.es/400","status":400,"detail":"Invalid request body"}
2025-08-01 23:57:53 store_script.php - 67842 crm - 31420031 END []
2025-08-01 23:58:01 store_script.php - 70672 crm - 31684629 {"order_id":"70672","cdeck_id":"10137210974","crm":"31684629","order_status":"yookassa_widget"}
2025-08-01 23:58:01 request.php - https://vivaherb.amocrm.ru/api/v4/leads/31684629 PATCH 400  {"errors":{"31684629":"Lead not found"},"title":"Bad Request","type":"https://httpstatus.es/400","status":400,"detail":"Invalid request body"}
2025-08-01 23:58:01 store_script.php - 70672 crm - 31684629 END []
