2025-12-01 00:00:02 token refresh []
2025-12-01 00:04:52 store_script.php - 76906 crm - 32081983 cdekid - 10192742325 {"order_id":"76906","cdeck_id":"10192742325","crm":"32081983","order_status":"intellectmoney"}
2025-12-01 00:04:52 store_script.php - 76906 crm - 32081983 cdekid - 10192742325 trackNum_amoId - 417631 {"order_id":"76906","cdeck_id":"10192742325","crm":"32081983","order_status":"intellectmoney"}
2025-12-01 00:04:52 store_script.php - 76906 crm - 32081983 END []
2025-12-01 00:04:53 input data from webhook {"leads":{"status":[{"id":"32081983","status_id":"30471025","pipeline_id":"2139079","old_status_id":"30471022","old_pipeline_id":"2139079"}]},"account":{"id":"28662106","subdomain":"vivaherb"}}
2025-12-01 00:04:53 request to me https://vivaherb.ru/support/amo_mystore/scripts/amo_ms_export-order.php {"id":"32081983","status_id":"30471025"}
2025-12-01 00:04:53 input data from webhook {"id":"32081983","status_id":"30471025"}
2025-12-01 00:04:53 request to me id 32081983 "32081983"
2025-12-01 00:04:53 request to me successStatusArray Array ["30471025","44583808"]
2025-12-01 00:04:54 connect amo and myStore data "45402235"
2025-12-01 00:04:54 order data {"lead":{"id":32081983,"name":"Заказ VivaHerb от Зинур Карагызов","price":11960,"responsible_user_id":8670562,"group_id":0,"status_id":30471025,"pipeline_id":2139079,"loss_reason_id":null,"created_by":0,"updated_by":0,"created_at":1764536539,"updated_at":1764536692,"closed_at":null,"closest_task_at":null,"is_deleted":false,"custom_fields_values":[{"field_id":164511,"field_name":"ORDER_ID","field_code":null,"field_type":"textarea","values":[{"va
2025-12-01 00:04:56 myStore product data {"context":{"employee":{"meta":{"href":"https://api.moysklad.ru/api/remap/1.2/context/employee","metadataHref":"https://api.moysklad.ru/api/remap/1.2/entity/employee/metadata","type":"employee","mediaType":"application/json"}}},"meta":{"href":"https://api.moysklad.ru/api/remap/1.2/entity/product?filter=article=4627201556417","type":"product","mediaType":"application/json","size":1,"limit":1000,"offset":0},"rows":[{"meta":{"href":"https://api.moysklad.ru/a
2025-12-01 00:04:56 myStore product data {"context":{"employee":{"meta":{"href":"https://api.moysklad.ru/api/remap/1.2/context/employee","metadataHref":"https://api.moysklad.ru/api/remap/1.2/entity/employee/metadata","type":"employee","mediaType":"application/json"}}},"meta":{"href":"https://api.moysklad.ru/api/remap/1.2/entity/product?filter=article=4687202251148","type":"product","mediaType":"application/json","size":1,"limit":1000,"offset":0},"rows":[{"meta":{"href":"https://api.moysklad.ru/a
2025-12-01 00:04:56 myStore product data {"context":{"employee":{"meta":{"href":"https://api.moysklad.ru/api/remap/1.2/context/employee","metadataHref":"https://api.moysklad.ru/api/remap/1.2/entity/employee/metadata","type":"employee","mediaType":"application/json"}}},"meta":{"href":"https://api.moysklad.ru/api/remap/1.2/entity/product?filter=article=4687204487149","type":"product","mediaType":"application/json","size":1,"limit":1000,"offset":0},"rows":[{"meta":{"href":"https://api.moysklad.ru/a
2025-12-01 00:04:57 myStore product data {"context":{"employee":{"meta":{"href":"https://api.moysklad.ru/api/remap/1.2/context/employee","metadataHref":"https://api.moysklad.ru/api/remap/1.2/entity/employee/metadata","type":"employee","mediaType":"application/json"}}},"meta":{"href":"https://api.moysklad.ru/api/remap/1.2/entity/product?filter=article=4670167257423","type":"product","mediaType":"application/json","size":1,"limit":1000,"offset":0},"rows":[{"meta":{"href":"https://api.moysklad.ru/a
2025-12-01 00:04:57 myStore product data {"context":{"employee":{"meta":{"href":"https://api.moysklad.ru/api/remap/1.2/context/employee","metadataHref":"https://api.moysklad.ru/api/remap/1.2/entity/employee/metadata","type":"employee","mediaType":"application/json"}}},"meta":{"href":"https://api.moysklad.ru/api/remap/1.2/entity/product?filter=article=4670169198571","type":"product","mediaType":"application/json","size":1,"limit":1000,"offset":0},"rows":[{"meta":{"href":"https://api.moysklad.ru/a
2025-12-01 00:04:57 connect amo and myStore data "Розничный покупатель"
2025-12-01 00:04:58 find customer in myStore {"context":{"employee":{"meta":{"href":"https://api.moysklad.ru/api/remap/1.2/context/employee","metadataHref":"https://api.moysklad.ru/api/remap/1.2/entity/employee/metadata","type":"employee","mediaType":"application/json"}}},"meta":{"href":"https://api.moysklad.ru/api/remap/1.2/entity/counterparty?filter=name=%D0%A0%D0%BE%D0%B7%D0%BD%D0%B8%D1%87%D0%BD%D1%8B%D0%B9+%D0%BF%D0%BE%D0%BA%D1%83%D0%BF%D0%B0%D1%82%D0%B5%D0%BB%D1%8C","type":"counterparty","m
2025-12-01 00:04:58 connect amo and myStore data "https://vivaherb.amocrm.ru/leads/detail/32081983"
2025-12-01 00:04:58 connect amo and myStore data "32081983"
2025-12-01 00:04:58 connect amo and myStore data {"meta":{"href":"https://api.moysklad.ru/api/remap/1.2/entity/customentity/f3b26dbe-f323-11ed-0a80-079f0039c17d/1167751a-f324-11ed-0a80-02e0003ae084","metadataHref":"https://api.moysklad.ru/api/remap/1.2/context/companysettings/metadata/customEntities/f3b26dbe-f323-11ed-0a80-079f0039c17d","type":"customentity","mediaType":"application/json","uuidHref":"https://online.moysklad.ru/app/#custom_f3b26dbe-f323-11ed-0a80-079f0039c17d/edit?id=1167751a-f32
2025-12-01 00:04:58 connect amo and myStore data "Оплата через СБП"
2025-12-01 00:04:58 connect amo and myStore data "+79856973020"
2025-12-01 00:04:58 connect amo and myStore data {"postalCode":"101000","country":{"meta":{"href":"https://api.moysklad.ru/api/remap/1.2/entity/country/9df7c2c3-7782-4c5c-a8ed-1102af611608","metadataHref":"https://api.moysklad.ru/api/remap/1.2/entity/country/metadata","type":"country","mediaType":"application/json","uuidHref":"https://online.moysklad.ru/app/#country/edit?id=9df7c2c3-7782-4c5c-a8ed-1102af611608"},"id":"9df7c2c3-7782-4c5c-a8ed-1102af611608","updated":"2012-11-02 12:04:14.054","nam
2025-12-01 00:04:58 connect amo and myStore data "10192742325"
2025-12-01 00:04:58 connect amo and myStore data "0"
2025-12-01 00:04:58 connect amo and myStore data {"meta":{"href":"https://api.moysklad.ru/api/remap/1.2/entity/store/86afd9b6-f87d-11ed-0a80-0e2e002ec499","metadataHref":"https://api.moysklad.ru/api/remap/1.2/entity/store/metadata","type":"store","mediaType":"application/json","uuidHref":"https://online.moysklad.ru/app/#warehouse/edit?id=86afd9b6-f87d-11ed-0a80-0e2e002ec499"}}
2025-12-01 00:04:58 connect amo and myStore data {"meta":{"href":"https://api.moysklad.ru/api/remap/1.2/entity/project/5a0b3e18-e244-11ec-0a80-083900059d82","metadataHref":"https://api.moysklad.ru/api/remap/1.2/entity/project/metadata","type":"project","mediaType":"application/json","uuidHref":"https://online.moysklad.ru/app/#project/edit?id=5a0b3e18-e244-11ec-0a80-083900059d82"}}
2025-12-01 00:04:58 connect amo and myStore data "Зинур Карагызов"
2025-12-01 00:04:58 data for order creation {"attributes":[{"meta":{"href":"https://api.moysklad.ru/api/remap/1.2/entity/customerorder/metadata/attributes/f35f3cd6-f8b8-11ed-0a80-026c003acc8d","type":"attributemetadata","mediaType":"application/json"},"value":"https://vivaherb.amocrm.ru/leads/detail/32081983"},{"meta":{"href":"https://api.moysklad.ru/api/remap/1.2/entity/customerorder/metadata/attributes/5d2b3641-f88c-11ed-0a80-030300324bbf","type":"attributemetadata","mediaType":"application/js
2025-12-01 00:04:58 positions for order creation [{"quantity":4,"price":174270.955165692,"vat":5,"assortment":{"meta":{"href":"https://api.moysklad.ru/api/remap/1.2/entity/product/89492392-f6c9-11ec-0a80-027d0005d4b6","metadataHref":"https://api.moysklad.ru/api/remap/1.2/entity/product/metadata","type":"product","mediaType":"application/json","uuidHref":"https://online.moysklad.ru/app/#good/edit?id=894919df-f6c9-11ec-0a80-027d0005d4b4"}}},{"quantity":1,"price":174270.955165692,"vat":5,"assortmen
2025-12-01 00:04:58 create new order {"meta":{"href":"https://api.moysklad.ru/api/remap/1.2/entity/customerorder/3a81f8e6-ce30-11f0-0a80-015500907793","metadataHref":"https://api.moysklad.ru/api/remap/1.2/entity/customerorder/metadata","type":"customerorder","mediaType":"application/json","uuidHref":"https://online.moysklad.ru/app/#customerorder/edit?id=3a81f8e6-ce30-11f0-0a80-015500907793"},"id":"3a81f8e6-ce30-11f0-0a80-015500907793","accountId":"dc992fd7-e243-11ec-0a80-058e0000294e","owner":{"
2025-12-01 00:04:59 paymentInPrice 11960
2025-12-01 00:04:59 newPaymentIn {"meta":{"href":"https://api.moysklad.ru/api/remap/1.2/entity/paymentin/3b0a575f-ce30-11f0-0a80-00d2008da268","metadataHref":"https://api.moysklad.ru/api/remap/1.2/entity/paymentin/metadata","type":"paymentin","mediaType":"application/json","uuidHref":"https://online.moysklad.ru/app/#paymentin/edit?id=3b0a575f-ce30-11f0-0a80-00d2008da268"},"id":"3b0a575f-ce30-11f0-0a80-00d2008da268","accountId":"dc992fd7-e243-11ec-0a80-058e0000294e","owner":{"meta":{"href":"https
2025-12-01 00:04:59 OK ["OK"]
2025-12-01 00:30:03 store_script.php - 30509 crm - 27215649 cdekid - 1378035246 {"order_id":"30509","cdeck_id":"1378035246","crm":"27215649","order_status":"cod"}
2025-12-01 00:30:03 store_script.php - 30509 crm - 27215649 cdekid - 1378035246 trackNum_amoId - 417631 {"order_id":"30509","cdeck_id":"1378035246","crm":"27215649","order_status":"cod"}
2025-12-01 00:30:03 request.php - https://vivaherb.amocrm.ru/api/v4/leads/27215649 PATCH 400  {"errors":{"27215649":"Lead not found"},"title":"Bad Request","type":"https://httpstatus.es/400","status":400,"detail":"Invalid request body"}
2025-12-01 00:30:04 request.php - https://vivaherb.amocrm.ru/api/v4/leads/27215649 PATCH 400  {"errors":{"27215649":"Lead not found"},"title":"Bad Request","type":"https://httpstatus.es/400","status":400,"detail":"Invalid request body"}
2025-12-01 00:30:04 store_script.php - 30509 crm - 27215649 END []
2025-12-01 00:30:05 store_script.php - 30980 crm - 27451493 cdekid - 1384831846 {"order_id":"30980","cdeck_id":"1384831846","crm":"27451493","order_status":"yookassa_widget"}
2025-12-01 00:30:05 store_script.php - 30980 crm - 27451493 cdekid - 1384831846 trackNum_amoId - 417631 {"order_id":"30980","cdeck_id":"1384831846","crm":"27451493","order_status":"yookassa_widget"}
2025-12-01 00:30:05 request.php - https://vivaherb.amocrm.ru/api/v4/leads/27451493 PATCH 400  {"errors":{"27451493":"Lead not found"},"title":"Bad Request","type":"https://httpstatus.es/400","status":400,"detail":"Invalid request body"}
2025-12-01 00:30:05 store_script.php - 30980 crm - 27451493 END []
2025-12-01 00:30:06 store_script.php - 31159 crm - 27523369 cdekid - 1388417736 {"order_id":"31159","cdeck_id":"1388417736","crm":"27523369","order_status":"yookassa_widget"}
2025-12-01 00:30:06 store_script.php - 31159 crm - 27523369 cdekid - 1388417736 trackNum_amoId - 417631 {"order_id":"31159","cdeck_id":"1388417736","crm":"27523369","order_status":"yookassa_widget"}
2025-12-01 00:30:06 request.php - https://vivaherb.amocrm.ru/api/v4/leads/27523369 PATCH 400  {"errors":{"27523369":"Lead not found"},"title":"Bad Request","type":"https://httpstatus.es/400","status":400,"detail":"Invalid request body"}
2025-12-01 00:30:07 store_script.php - 31159 crm - 27523369 END []
2025-12-01 00:30:07 store_script.php - 31689 crm - 27678093 cdekid - 1394658580 {"order_id":"31689","cdeck_id":"1394658580","crm":"27678093","order_status":"cod"}
2025-12-01 00:30:07 store_script.php - 31689 crm - 27678093 cdekid - 1394658580 trackNum_amoId - 417631 {"order_id":"31689","cdeck_id":"1394658580","crm":"27678093","order_status":"cod"}
2025-12-01 00:30:08 request.php - https://vivaherb.amocrm.ru/api/v4/leads/27678093 PATCH 400  {"errors":{"27678093":"Lead not found"},"title":"Bad Request","type":"https://httpstatus.es/400","status":400,"detail":"Invalid request body"}
2025-12-01 00:30:08 request.php - https://vivaherb.amocrm.ru/api/v4/leads/27678093 PATCH 400  {"errors":{"27678093":"Lead not found"},"title":"Bad Request","type":"https://httpstatus.es/400","status":400,"detail":"Invalid request body"}
2025-12-01 00:30:08 store_script.php - 31689 crm - 27678093 END []
2025-12-01 00:30:09 store_script.php - 32666 crm - 28043619 cdekid - 1407999796 {"order_id":"32666","cdeck_id":"1407999796","crm":"28043619","order_status":"yookassa_widget"}
2025-12-01 00:30:09 store_script.php - 32666 crm - 28043619 cdekid - 1407999796 trackNum_amoId - 417631 {"order_id":"32666","cdeck_id":"1407999796","crm":"28043619","order_status":"yookassa_widget"}
2025-12-01 00:30:09 request.php - https://vivaherb.amocrm.ru/api/v4/leads/28043619 PATCH 400  {"errors":{"28043619":"Lead not found"},"title":"Bad Request","type":"https://httpstatus.es/400","status":400,"detail":"Invalid request body"}
2025-12-01 00:30:09 store_script.php - 32666 crm - 28043619 END []
2025-12-01 00:30:09 store_script.php - 35382 crm - 28949539 cdekid - 1440454117 {"order_id":"35382","cdeck_id":"1440454117","crm":"28949539","order_status":"yookassa_widget"}
2025-12-01 00:30:09 store_script.php - 35382 crm - 28949539 cdekid - 1440454117 trackNum_amoId - 417631 {"order_id":"35382","cdeck_id":"1440454117","crm":"28949539","order_status":"yookassa_widget"}
2025-12-01 00:30:10 request.php - https://vivaherb.amocrm.ru/api/v4/leads/28949539 PATCH 400  {"errors":{"28949539":"Lead not found"},"title":"Bad Request","type":"https://httpstatus.es/400","status":400,"detail":"Invalid request body"}
2025-12-01 00:30:10 store_script.php - 35382 crm - 28949539 END []
2025-12-01 00:30:10 store_script.php - 36740 crm - 29177633 cdekid - 1450621353 {"order_id":"36740","cdeck_id":"1450621353","crm":"29177633","order_status":"yookassa_widget"}
2025-12-01 00:30:10 store_script.php - 36740 crm - 29177633 cdekid - 1450621353 trackNum_amoId - 417631 {"order_id":"36740","cdeck_id":"1450621353","crm":"29177633","order_status":"yookassa_widget"}
2025-12-01 00:30:10 request.php - https://vivaherb.amocrm.ru/api/v4/leads/29177633 PATCH 400  {"errors":{"29177633":"Lead not found"},"title":"Bad Request","type":"https://httpstatus.es/400","status":400,"detail":"Invalid request body"}
2025-12-01 00:30:11 store_script.php - 36740 crm - 29177633 END []
2025-12-01 00:30:11 store_script.php - 43426 crm - 29759963 cdekid - 1492618495 {"order_id":"43426","cdeck_id":"1492618495","crm":"29759963","order_status":"cod"}
2025-12-01 00:30:11 store_script.php - 43426 crm - 29759963 cdekid - 1492618495 trackNum_amoId - 417631 {"order_id":"43426","cdeck_id":"1492618495","crm":"29759963","order_status":"cod"}
2025-12-01 00:30:11 request.php - https://vivaherb.amocrm.ru/api/v4/leads/29759963 PATCH 400  {"errors":{"29759963":"Lead not found"},"title":"Bad Request","type":"https://httpstatus.es/400","status":400,"detail":"Invalid request body"}
2025-12-01 00:30:11 request.php - https://vivaherb.amocrm.ru/api/v4/leads/29759963 PATCH 400  {"errors":{"29759963":"Lead not found"},"title":"Bad Request","type":"https://httpstatus.es/400","status":400,"detail":"Invalid request body"}
2025-12-01 00:30:11 store_script.php - 43426 crm - 29759963 END []
2025-12-01 00:30:12 store_script.php - 55743 crm - 30571295 cdekid - 10011353606 {"order_id":"55743","cdeck_id":"10011353606","crm":"30571295","order_status":"cod"}
2025-12-01 00:30:12 store_script.php - 55743 crm - 30571295 cdekid - 10011353606 trackNum_amoId - 417631 {"order_id":"55743","cdeck_id":"10011353606","crm":"30571295","order_status":"cod"}
2025-12-01 00:30:12 request.php - https://vivaherb.amocrm.ru/api/v4/leads/30571295 PATCH 400  {"errors":{"30571295":"Lead not found"},"title":"Bad Request","type":"https://httpstatus.es/400","status":400,"detail":"Invalid request body"}
2025-12-01 00:30:12 request.php - https://vivaherb.amocrm.ru/api/v4/leads/30571295 PATCH 400  {"errors":{"30571295":"Lead not found"},"title":"Bad Request","type":"https://httpstatus.es/400","status":400,"detail":"Invalid request body"}
2025-12-01 00:30:12 store_script.php - 55743 crm - 30571295 END []
2025-12-01 00:30:13 store_script.php - 56020 crm - 30580597 cdekid - 10012192492 {"order_id":"56020","cdeck_id":"10012192492","crm":"30580597","order_status":"intellectmoney"}
2025-12-01 00:30:13 store_script.php - 56020 crm - 30580597 cdekid - 10012192492 trackNum_amoId - 417631 {"order_id":"56020","cdeck_id":"10012192492","crm":"30580597","order_status":"intellectmoney"}
2025-12-01 00:30:13 request.php - https://vivaherb.amocrm.ru/api/v4/leads/30580597 PATCH 400  {"errors":{"30580597":"Lead not found"},"title":"Bad Request","type":"https://httpstatus.es/400","status":400,"detail":"Invalid request body"}
2025-12-01 00:30:13 store_script.php - 56020 crm - 30580597 END []
2025-12-01 00:30:13 store_script.php - 58805 crm - 30699429 cdekid - 10024732090 {"order_id":"58805","cdeck_id":"10024732090","crm":"30699429","order_status":"yookassa_widget"}
2025-12-01 00:30:13 store_script.php - 58805 crm - 30699429 cdekid - 10024732090 trackNum_amoId - 417631 {"order_id":"58805","cdeck_id":"10024732090","crm":"30699429","order_status":"yookassa_widget"}
2025-12-01 00:30:14 request.php - https://vivaherb.amocrm.ru/api/v4/leads/30699429 PATCH 400  {"errors":{"30699429":"Lead not found"},"title":"Bad Request","type":"https://httpstatus.es/400","status":400,"detail":"Invalid request body"}
2025-12-01 00:30:14 store_script.php - 58805 crm - 30699429 END []
2025-12-01 00:30:14 store_script.php - 58825 crm - 30700377 cdekid - 10024878326 {"order_id":"58825","cdeck_id":"10024878326","crm":"30700377","order_status":"yookassa_widget"}
2025-12-01 00:30:14 store_script.php - 58825 crm - 30700377 cdekid - 10024878326 trackNum_amoId - 417631 {"order_id":"58825","cdeck_id":"10024878326","crm":"30700377","order_status":"yookassa_widget"}
2025-12-01 00:30:14 request.php - https://vivaherb.amocrm.ru/api/v4/leads/30700377 PATCH 400  {"errors":{"30700377":"Lead not found"},"title":"Bad Request","type":"https://httpstatus.es/400","status":400,"detail":"Invalid request body"}
2025-12-01 00:30:14 store_script.php - 58825 crm - 30700377 END []
2025-12-01 00:30:15 store_script.php - 58891 crm - 30702185 cdekid - 10025084375 {"order_id":"58891","cdeck_id":"10025084375","crm":"30702185","order_status":"yookassa_widget"}
2025-12-01 00:30:15 store_script.php - 58891 crm - 30702185 cdekid - 10025084375 trackNum_amoId - 417631 {"order_id":"58891","cdeck_id":"10025084375","crm":"30702185","order_status":"yookassa_widget"}
2025-12-01 00:30:15 request.php - https://vivaherb.amocrm.ru/api/v4/leads/30702185 PATCH 400  {"errors":{"30702185":"Lead not found"},"title":"Bad Request","type":"https://httpstatus.es/400","status":400,"detail":"Invalid request body"}
2025-12-01 00:30:15 store_script.php - 58891 crm - 30702185 END []
2025-12-01 00:30:15 store_script.php - 59176 crm - 30706013 cdekid - 10025584176 {"order_id":"59176","cdeck_id":"10025584176","crm":"30706013","order_status":"yookassa_widget"}
2025-12-01 00:30:15 store_script.php - 59176 crm - 30706013 cdekid - 10025584176 trackNum_amoId - 417631 {"order_id":"59176","cdeck_id":"10025584176","crm":"30706013","order_status":"yookassa_widget"}
2025-12-01 00:30:15 request.php - https://vivaherb.amocrm.ru/api/v4/leads/30706013 PATCH 400  {"errors":{"30706013":"Lead not found"},"title":"Bad Request","type":"https://httpstatus.es/400","status":400,"detail":"Invalid request body"}
2025-12-01 00:30:16 store_script.php - 59176 crm - 30706013 END []
2025-12-01 00:30:16 store_script.php - 59181 crm - 30706069 cdekid - 10025587928 {"order_id":"59181","cdeck_id":"10025587928","crm":"30706069","order_status":"yookassa_widget"}
2025-12-01 00:30:16 store_script.php - 59181 crm - 30706069 cdekid - 10025587928 trackNum_amoId - 417631 {"order_id":"59181","cdeck_id":"10025587928","crm":"30706069","order_status":"yookassa_widget"}
2025-12-01 00:30:16 request.php - https://vivaherb.amocrm.ru/api/v4/leads/30706069 PATCH 400  {"errors":{"30706069":"Lead not found"},"title":"Bad Request","type":"https://httpstatus.es/400","status":400,"detail":"Invalid request body"}
2025-12-01 00:30:16 store_script.php - 59181 crm - 30706069 END []
2025-12-01 00:30:17 store_script.php - 59187 crm - 30706147 cdekid - 10025595773 {"order_id":"59187","cdeck_id":"10025595773","crm":"30706147","order_status":"yookassa_widget"}
2025-12-01 00:30:17 store_script.php - 59187 crm - 30706147 cdekid - 10025595773 trackNum_amoId - 417631 {"order_id":"59187","cdeck_id":"10025595773","crm":"30706147","order_status":"yookassa_widget"}
2025-12-01 00:30:17 request.php - https://vivaherb.amocrm.ru/api/v4/leads/30706147 PATCH 400  {"errors":{"30706147":"Lead not found"},"title":"Bad Request","type":"https://httpstatus.es/400","status":400,"detail":"Invalid request body"}
2025-12-01 00:30:17 store_script.php - 59187 crm - 30706147 END []
2025-12-01 00:30:17 store_script.php - 59188 crm - 30706175 cdekid - 10025597779 {"order_id":"59188","cdeck_id":"10025597779","crm":"30706175","order_status":"yookassa_widget"}
2025-12-01 00:30:17 store_script.php - 59188 crm - 30706175 cdekid - 10025597779 trackNum_amoId - 417631 {"order_id":"59188","cdeck_id":"10025597779","crm":"30706175","order_status":"yookassa_widget"}
2025-12-01 00:30:17 request.php - https://vivaherb.amocrm.ru/api/v4/leads/30706175 PATCH 400  {"errors":{"30706175":"Lead not found"},"title":"Bad Request","type":"https://httpstatus.es/400","status":400,"detail":"Invalid request body"}
2025-12-01 00:30:18 store_script.php - 59188 crm - 30706175 END []
2025-12-01 00:30:18 store_script.php - 61931 crm - 30957731 cdekid - 10044840842 {"order_id":"61931","cdeck_id":"10044840842","crm":"30957731","order_status":"yookassa_widget"}
2025-12-01 00:30:18 store_script.php - 61931 crm - 30957731 cdekid - 10044840842 trackNum_amoId - 417631 {"order_id":"61931","cdeck_id":"10044840842","crm":"30957731","order_status":"yookassa_widget"}
2025-12-01 00:30:18 request.php - https://vivaherb.amocrm.ru/api/v4/leads/30957731 PATCH 400  {"errors":{"30957731":"Lead not found"},"title":"Bad Request","type":"https://httpstatus.es/400","status":400,"detail":"Invalid request body"}
2025-12-01 00:30:19 store_script.php - 61931 crm - 30957731 END []
2025-12-01 00:30:19 store_script.php - 64064 crm - 31115305 cdekid - 10067371813 {"order_id":"64064","cdeck_id":"10067371813","crm":"31115305","order_status":"yookassa_widget"}
2025-12-01 00:30:19 store_script.php - 64064 crm - 31115305 cdekid - 10067371813 trackNum_amoId - 417631 {"order_id":"64064","cdeck_id":"10067371813","crm":"31115305","order_status":"yookassa_widget"}
2025-12-01 00:30:20 request.php - https://vivaherb.amocrm.ru/api/v4/leads/31115305 PATCH 400  {"errors":{"31115305":"Lead not found"},"title":"Bad Request","type":"https://httpstatus.es/400","status":400,"detail":"Invalid request body"}
2025-12-01 00:30:20 store_script.php - 64064 crm - 31115305 END []
2025-12-01 00:30:20 store_script.php - 64110 crm - 31117287 cdekid - 10067760566 {"order_id":"64110","cdeck_id":"10067760566","crm":"31117287","order_status":"yookassa_widget"}
2025-12-01 00:30:20 store_script.php - 64110 crm - 31117287 cdekid - 10067760566 trackNum_amoId - 417631 {"order_id":"64110","cdeck_id":"10067760566","crm":"31117287","order_status":"yookassa_widget"}
2025-12-01 00:30:20 request.php - https://vivaherb.amocrm.ru/api/v4/leads/31117287 PATCH 400  {"errors":{"31117287":"Lead not found"},"title":"Bad Request","type":"https://httpstatus.es/400","status":400,"detail":"Invalid request body"}
2025-12-01 00:30:20 store_script.php - 64110 crm - 31117287 END []
2025-12-01 00:30:21 store_script.php - 64904 crm - 31188065 cdekid - 10075009440 {"order_id":"64904","cdeck_id":"10075009440","crm":"31188065","order_status":"yookassa_widget"}
2025-12-01 00:30:21 store_script.php - 64904 crm - 31188065 cdekid - 10075009440 trackNum_amoId - 417631 {"order_id":"64904","cdeck_id":"10075009440","crm":"31188065","order_status":"yookassa_widget"}
2025-12-01 00:30:21 request.php - https://vivaherb.amocrm.ru/api/v4/leads/31188065 PATCH 400  {"errors":{"31188065":"Lead not found"},"title":"Bad Request","type":"https://httpstatus.es/400","status":400,"detail":"Invalid request body"}
2025-12-01 00:30:21 store_script.php - 64904 crm - 31188065 END []
2025-12-01 00:30:22 store_script.php - 66655 crm - 31331987 cdekid - 10093681196 {"order_id":"66655","cdeck_id":"10093681196","crm":"31331987","order_status":"yookassa_widget"}
2025-12-01 00:30:22 store_script.php - 66655 crm - 31331987 cdekid - 10093681196 trackNum_amoId - 417631 {"order_id":"66655","cdeck_id":"10093681196","crm":"31331987","order_status":"yookassa_widget"}
2025-12-01 00:30:22 request.php - https://vivaherb.amocrm.ru/api/v4/leads/31331987 PATCH 400  {"errors":{"31331987":"Lead not found"},"title":"Bad Request","type":"https://httpstatus.es/400","status":400,"detail":"Invalid request body"}
2025-12-01 00:30:22 store_script.php - 66655 crm - 31331987 END []
2025-12-01 00:30:22 store_script.php - 66657 crm - 31332069 cdekid - 10093687362 {"order_id":"66657","cdeck_id":"10093687362","crm":"31332069","order_status":"yookassa_widget"}
2025-12-01 00:30:22 store_script.php - 66657 crm - 31332069 cdekid - 10093687362 trackNum_amoId - 417631 {"order_id":"66657","cdeck_id":"10093687362","crm":"31332069","order_status":"yookassa_widget"}
2025-12-01 00:30:22 request.php - https://vivaherb.amocrm.ru/api/v4/leads/31332069 PATCH 400  {"errors":{"31332069":"Lead not found"},"title":"Bad Request","type":"https://httpstatus.es/400","status":400,"detail":"Invalid request body"}
2025-12-01 00:30:23 store_script.php - 66657 crm - 31332069 END []
2025-12-01 00:30:23 store_script.php - 66765 crm - 31341715 cdekid - 10095118494 {"order_id":"66765","cdeck_id":"10095118494","crm":"31341715","order_status":"cod"}
2025-12-01 00:30:23 store_script.php - 66765 crm - 31341715 cdekid - 10095118494 trackNum_amoId - 417631 {"order_id":"66765","cdeck_id":"10095118494","crm":"31341715","order_status":"cod"}
2025-12-01 00:30:23 request.php - https://vivaherb.amocrm.ru/api/v4/leads/31341715 PATCH 400  {"errors":{"31341715":"Lead not found"},"title":"Bad Request","type":"https://httpstatus.es/400","status":400,"detail":"Invalid request body"}
2025-12-01 00:30:23 request.php - https://vivaherb.amocrm.ru/api/v4/leads/31341715 PATCH 400  {"errors":{"31341715":"Lead not found"},"title":"Bad Request","type":"https://httpstatus.es/400","status":400,"detail":"Invalid request body"}
2025-12-01 00:30:24 store_script.php - 66765 crm - 31341715 END []
2025-12-01 00:30:24 store_script.php - 67842 crm - 31420031 cdekid - 10105128997 {"order_id":"67842","cdeck_id":"10105128997","crm":"31420031","order_status":"yookassa_widget"}
2025-12-01 00:30:24 store_script.php - 67842 crm - 31420031 cdekid - 10105128997 trackNum_amoId - 417631 {"order_id":"67842","cdeck_id":"10105128997","crm":"31420031","order_status":"yookassa_widget"}
2025-12-01 00:30:24 request.php - https://vivaherb.amocrm.ru/api/v4/leads/31420031 PATCH 400  {"errors":{"31420031":"Lead not found"},"title":"Bad Request","type":"https://httpstatus.es/400","status":400,"detail":"Invalid request body"}
2025-12-01 00:30:24 store_script.php - 67842 crm - 31420031 END []
2025-12-01 00:30:34 store_script.php - 70672 crm - 31684629 cdekid - 10137210974 {"order_id":"70672","cdeck_id":"10137210974","crm":"31684629","order_status":"yookassa_widget"}
2025-12-01 00:30:34 store_script.php - 70672 crm - 31684629 cdekid - 10137210974 trackNum_amoId - 417631 {"order_id":"70672","cdeck_id":"10137210974","crm":"31684629","order_status":"yookassa_widget"}
2025-12-01 00:30:34 request.php - https://vivaherb.amocrm.ru/api/v4/leads/31684629 PATCH 400  {"errors":{"31684629":"Lead not found"},"title":"Bad Request","type":"https://httpstatus.es/400","status":400,"detail":"Invalid request body"}
2025-12-01 00:30:34 store_script.php - 70672 crm - 31684629 END []
2025-12-01 00:30:40 store_script.php - 73935 crm - 31945623 cdekid - 10170059138 {"order_id":"73935","cdeck_id":"10170059138","crm":"31945623","order_status":"intellectmoney"}
2025-12-01 00:30:40 store_script.php - 73935 crm - 31945623 cdekid - 10170059138 trackNum_amoId - 417631 {"order_id":"73935","cdeck_id":"10170059138","crm":"31945623","order_status":"intellectmoney"}
2025-12-01 00:30:40 request.php - https://vivaherb.amocrm.ru/api/v4/leads/31945623 PATCH 400  {"errors":{"31945623":"Lead not found"},"title":"Bad Request","type":"https://httpstatus.es/400","status":400,"detail":"Invalid request body"}
2025-12-01 00:30:40 store_script.php - 73935 crm - 31945623 END []
2025-12-01 00:30:48 store_script.php - 76898 crm - 32081809 cdekid - 10192709836 {"order_id":"76898","cdeck_id":"10192709836","crm":"32081809","order_status":"intellectmoney"}
2025-12-01 00:30:48 store_script.php - 76898 crm - 32081809 cdekid - 10192709836 trackNum_amoId - 417631 {"order_id":"76898","cdeck_id":"10192709836","crm":"32081809","order_status":"intellectmoney"}
2025-12-01 00:30:48 store_script.php - 76898 crm - 32081809 get_oreder {"meta":{"href":"https://api.moysklad.ru/api/remap/1.2/entity/customerorder/676e0034-ce15-11f0-0a80-1403008a159a","metadataHref":"https://api.moysklad.ru/api/remap/1.2/entity/customerorder/metadata","type":"customerorder","mediaType":"application/json","uuidHref":"https://online.moysklad.ru/app/#customerorder/edit?id=676e0034-ce15-11f0-0a80-1403008a159a"},"id":"676e0034-ce15-11f0-0a80-1403008a159a","accountId":"dc992fd7-e243-
2025-12-01 00:30:49 store_script.php - 76898 crm - 32081809 END []
2025-12-01 00:30:49 store_script.php - 76902 crm - 32081909 cdekid - 10192726003 {"order_id":"76902","cdeck_id":"10192726003","crm":"32081909","order_status":"intellectmoney"}
2025-12-01 00:30:49 store_script.php - 76902 crm - 32081909 cdekid - 10192726003 trackNum_amoId - 417631 {"order_id":"76902","cdeck_id":"10192726003","crm":"32081909","order_status":"intellectmoney"}
2025-12-01 00:30:50 store_script.php - 76902 crm - 32081909 get_oreder {"meta":{"href":"https://api.moysklad.ru/api/remap/1.2/entity/customerorder/647843a9-ce21-11f0-0a80-1c54008c7315","metadataHref":"https://api.moysklad.ru/api/remap/1.2/entity/customerorder/metadata","type":"customerorder","mediaType":"application/json","uuidHref":"https://online.moysklad.ru/app/#customerorder/edit?id=647843a9-ce21-11f0-0a80-1c54008c7315"},"id":"647843a9-ce21-11f0-0a80-1c54008c7315","accountId":"dc992fd7-e243-
2025-12-01 00:30:50 store_script.php - 76902 crm - 32081909 END []
2025-12-01 00:30:51 store_script.php - 76904 crm - 32081941 cdekid - 10192729990 {"order_id":"76904","cdeck_id":"10192729990","crm":"32081941","order_status":"intellectmoney"}
2025-12-01 00:30:51 store_script.php - 76904 crm - 32081941 cdekid - 10192729990 trackNum_amoId - 417631 {"order_id":"76904","cdeck_id":"10192729990","crm":"32081941","order_status":"intellectmoney"}
2025-12-01 00:30:51 store_script.php - 76904 crm - 32081941 get_oreder {"meta":{"href":"https://api.moysklad.ru/api/remap/1.2/entity/customerorder/be0c78a2-ce24-11f0-0a80-1635008bede2","metadataHref":"https://api.moysklad.ru/api/remap/1.2/entity/customerorder/metadata","type":"customerorder","mediaType":"application/json","uuidHref":"https://online.moysklad.ru/app/#customerorder/edit?id=be0c78a2-ce24-11f0-0a80-1635008bede2"},"id":"be0c78a2-ce24-11f0-0a80-1635008bede2","accountId":"dc992fd7-e243-
2025-12-01 00:30:51 store_script.php - 76904 crm - 32081941 END []
2025-12-01 00:30:52 store_script.php - 76906 crm - 32081983 cdekid - 10192742325 {"order_id":"76906","cdeck_id":"10192742325","crm":"32081983","order_status":"intellectmoney"}
2025-12-01 00:30:52 store_script.php - 76906 crm - 32081983 cdekid - 10192742325 trackNum_amoId - 417631 {"order_id":"76906","cdeck_id":"10192742325","crm":"32081983","order_status":"intellectmoney"}
2025-12-01 00:30:52 store_script.php - 76906 crm - 32081983 get_oreder {"meta":{"href":"https://api.moysklad.ru/api/remap/1.2/entity/customerorder/3a81f8e6-ce30-11f0-0a80-015500907793","metadataHref":"https://api.moysklad.ru/api/remap/1.2/entity/customerorder/metadata","type":"customerorder","mediaType":"application/json","uuidHref":"https://online.moysklad.ru/app/#customerorder/edit?id=3a81f8e6-ce30-11f0-0a80-015500907793"},"id":"3a81f8e6-ce30-11f0-0a80-015500907793","accountId":"dc992fd7-e243-
2025-12-01 00:30:53 store_script.php - 76906 crm - 32081983 END []
2025-12-01 01:30:27 store_script.php - 30509 crm - 27215649 cdekid - 1378035246 {"order_id":"30509","cdeck_id":"1378035246","crm":"27215649","order_status":"cod"}
2025-12-01 01:30:27 store_script.php - 30509 crm - 27215649 cdekid - 1378035246 trackNum_amoId - 417631 {"order_id":"30509","cdeck_id":"1378035246","crm":"27215649","order_status":"cod"}
2025-12-01 01:30:27 request.php - https://vivaherb.amocrm.ru/api/v4/leads/27215649 PATCH 400  {"errors":{"27215649":"Lead not found"},"title":"Bad Request","type":"https://httpstatus.es/400","status":400,"detail":"Invalid request body"}
2025-12-01 01:30:27 request.php - https://vivaherb.amocrm.ru/api/v4/leads/27215649 PATCH 400  {"errors":{"27215649":"Lead not found"},"title":"Bad Request","type":"https://httpstatus.es/400","status":400,"detail":"Invalid request body"}
2025-12-01 01:30:27 store_script.php - 30509 crm - 27215649 END []
2025-12-01 01:30:28 store_script.php - 30980 crm - 27451493 cdekid - 1384831846 {"order_id":"30980","cdeck_id":"1384831846","crm":"27451493","order_status":"yookassa_widget"}
2025-12-01 01:30:28 store_script.php - 30980 crm - 27451493 cdekid - 1384831846 trackNum_amoId - 417631 {"order_id":"30980","cdeck_id":"1384831846","crm":"27451493","order_status":"yookassa_widget"}
2025-12-01 01:30:28 request.php - https://vivaherb.amocrm.ru/api/v4/leads/27451493 PATCH 400  {"errors":{"27451493":"Lead not found"},"title":"Bad Request","type":"https://httpstatus.es/400","status":400,"detail":"Invalid request body"}
2025-12-01 01:30:28 store_script.php - 30980 crm - 27451493 END []
2025-12-01 01:30:28 store_script.php - 31159 crm - 27523369 cdekid - 1388417736 {"order_id":"31159","cdeck_id":"1388417736","crm":"27523369","order_status":"yookassa_widget"}
2025-12-01 01:30:28 store_script.php - 31159 crm - 27523369 cdekid - 1388417736 trackNum_amoId - 417631 {"order_id":"31159","cdeck_id":"1388417736","crm":"27523369","order_status":"yookassa_widget"}
2025-12-01 01:30:28 request.php - https://vivaherb.amocrm.ru/api/v4/leads/27523369 PATCH 400  {"errors":{"27523369":"Lead not found"},"title":"Bad Request","type":"https://httpstatus.es/400","status":400,"detail":"Invalid request body"}
2025-12-01 01:30:29 store_script.php - 31159 crm - 27523369 END []
2025-12-01 01:30:29 store_script.php - 31689 crm - 27678093 cdekid - 1394658580 {"order_id":"31689","cdeck_id":"1394658580","crm":"27678093","order_status":"cod"}
2025-12-01 01:30:29 store_script.php - 31689 crm - 27678093 cdekid - 1394658580 trackNum_amoId - 417631 {"order_id":"31689","cdeck_id":"1394658580","crm":"27678093","order_status":"cod"}
2025-12-01 01:30:29 request.php - https://vivaherb.amocrm.ru/api/v4/leads/27678093 PATCH 400  {"errors":{"27678093":"Lead not found"},"title":"Bad Request","type":"https://httpstatus.es/400","status":400,"detail":"Invalid request body"}
2025-12-01 01:30:29 request.php - https://vivaherb.amocrm.ru/api/v4/leads/27678093 PATCH 400  {"errors":{"27678093":"Lead not found"},"title":"Bad Request","type":"https://httpstatus.es/400","status":400,"detail":"Invalid request body"}
2025-12-01 01:30:29 store_script.php - 31689 crm - 27678093 END []
2025-12-01 01:30:30 store_script.php - 32666 crm - 28043619 cdekid - 1407999796 {"order_id":"32666","cdeck_id":"1407999796","crm":"28043619","order_status":"yookassa_widget"}
2025-12-01 01:30:30 store_script.php - 32666 crm - 28043619 cdekid - 1407999796 trackNum_amoId - 417631 {"order_id":"32666","cdeck_id":"1407999796","crm":"28043619","order_status":"yookassa_widget"}
2025-12-01 01:30:30 request.php - https://vivaherb.amocrm.ru/api/v4/leads/28043619 PATCH 400  {"errors":{"28043619":"Lead not found"},"title":"Bad Request","type":"https://httpstatus.es/400","status":400,"detail":"Invalid request body"}
2025-12-01 01:30:30 store_script.php - 32666 crm - 28043619 END []
2025-12-01 01:30:30 store_script.php - 35382 crm - 28949539 cdekid - 1440454117 {"order_id":"35382","cdeck_id":"1440454117","crm":"28949539","order_status":"yookassa_widget"}
2025-12-01 01:30:30 store_script.php - 35382 crm - 28949539 cdekid - 1440454117 trackNum_amoId - 417631 {"order_id":"35382","cdeck_id":"1440454117","crm":"28949539","order_status":"yookassa_widget"}
2025-12-01 01:30:31 request.php - https://vivaherb.amocrm.ru/api/v4/leads/28949539 PATCH 400  {"errors":{"28949539":"Lead not found"},"title":"Bad Request","type":"https://httpstatus.es/400","status":400,"detail":"Invalid request body"}
2025-12-01 01:30:31 store_script.php - 35382 crm - 28949539 END []
2025-12-01 01:30:31 store_script.php - 36740 crm - 29177633 cdekid - 1450621353 {"order_id":"36740","cdeck_id":"1450621353","crm":"29177633","order_status":"yookassa_widget"}
2025-12-01 01:30:31 store_script.php - 36740 crm - 29177633 cdekid - 1450621353 trackNum_amoId - 417631 {"order_id":"36740","cdeck_id":"1450621353","crm":"29177633","order_status":"yookassa_widget"}
2025-12-01 01:30:31 request.php - https://vivaherb.amocrm.ru/api/v4/leads/29177633 PATCH 400  {"errors":{"29177633":"Lead not found"},"title":"Bad Request","type":"https://httpstatus.es/400","status":400,"detail":"Invalid request body"}
2025-12-01 01:30:31 store_script.php - 36740 crm - 29177633 END []
2025-12-01 01:30:32 store_script.php - 43426 crm - 29759963 cdekid - 1492618495 {"order_id":"43426","cdeck_id":"1492618495","crm":"29759963","order_status":"cod"}
2025-12-01 01:30:32 store_script.php - 43426 crm - 29759963 cdekid - 1492618495 trackNum_amoId - 417631 {"order_id":"43426","cdeck_id":"1492618495","crm":"29759963","order_status":"cod"}
2025-12-01 01:30:32 request.php - https://vivaherb.amocrm.ru/api/v4/leads/29759963 PATCH 400  {"errors":{"29759963":"Lead not found"},"title":"Bad Request","type":"https://httpstatus.es/400","status":400,"detail":"Invalid request body"}
2025-12-01 01:30:32 request.php - https://vivaherb.amocrm.ru/api/v4/leads/29759963 PATCH 400  {"errors":{"29759963":"Lead not found"},"title":"Bad Request","type":"https://httpstatus.es/400","status":400,"detail":"Invalid request body"}
2025-12-01 01:30:32 store_script.php - 43426 crm - 29759963 END []
2025-12-01 01:30:33 store_script.php - 55743 crm - 30571295 cdekid - 10011353606 {"order_id":"55743","cdeck_id":"10011353606","crm":"30571295","order_status":"cod"}
2025-12-01 01:30:33 store_script.php - 55743 crm - 30571295 cdekid - 10011353606 trackNum_amoId - 417631 {"order_id":"55743","cdeck_id":"10011353606","crm":"30571295","order_status":"cod"}
2025-12-01 01:30:33 request.php - https://vivaherb.amocrm.ru/api/v4/leads/30571295 PATCH 400  {"errors":{"30571295":"Lead not found"},"title":"Bad Request","type":"https://httpstatus.es/400","status":400,"detail":"Invalid request body"}
2025-12-01 01:30:33 request.php - https://vivaherb.amocrm.ru/api/v4/leads/30571295 PATCH 400  {"errors":{"30571295":"Lead not found"},"title":"Bad Request","type":"https://httpstatus.es/400","status":400,"detail":"Invalid request body"}
2025-12-01 01:30:33 store_script.php - 55743 crm - 30571295 END []
2025-12-01 01:30:33 store_script.php - 56020 crm - 30580597 cdekid - 10012192492 {"order_id":"56020","cdeck_id":"10012192492","crm":"30580597","order_status":"intellectmoney"}
2025-12-01 01:30:33 store_script.php - 56020 crm - 30580597 cdekid - 10012192492 trackNum_amoId - 417631 {"order_id":"56020","cdeck_id":"10012192492","crm":"30580597","order_status":"intellectmoney"}
2025-12-01 01:30:34 request.php - https://vivaherb.amocrm.ru/api/v4/leads/30580597 PATCH 400  {"errors":{"30580597":"Lead not found"},"title":"Bad Request","type":"https://httpstatus.es/400","status":400,"detail":"Invalid request body"}
2025-12-01 01:30:34 store_script.php - 56020 crm - 30580597 END []
2025-12-01 01:30:34 store_script.php - 58805 crm - 30699429 cdekid - 10024732090 {"order_id":"58805","cdeck_id":"10024732090","crm":"30699429","order_status":"yookassa_widget"}
2025-12-01 01:30:34 store_script.php - 58805 crm - 30699429 cdekid - 10024732090 trackNum_amoId - 417631 {"order_id":"58805","cdeck_id":"10024732090","crm":"30699429","order_status":"yookassa_widget"}
2025-12-01 01:30:34 request.php - https://vivaherb.amocrm.ru/api/v4/leads/30699429 PATCH 400  {"errors":{"30699429":"Lead not found"},"title":"Bad Request","type":"https://httpstatus.es/400","status":400,"detail":"Invalid request body"}
2025-12-01 01:30:34 store_script.php - 58805 crm - 30699429 END []
2025-12-01 01:30:35 store_script.php - 58825 crm - 30700377 cdekid - 10024878326 {"order_id":"58825","cdeck_id":"10024878326","crm":"30700377","order_status":"yookassa_widget"}
2025-12-01 01:30:35 store_script.php - 58825 crm - 30700377 cdekid - 10024878326 trackNum_amoId - 417631 {"order_id":"58825","cdeck_id":"10024878326","crm":"30700377","order_status":"yookassa_widget"}
2025-12-01 01:30:35 request.php - https://vivaherb.amocrm.ru/api/v4/leads/30700377 PATCH 400  {"errors":{"30700377":"Lead not found"},"title":"Bad Request","type":"https://httpstatus.es/400","status":400,"detail":"Invalid request body"}
2025-12-01 01:30:35 store_script.php - 58825 crm - 30700377 END []
2025-12-01 01:30:35 store_script.php - 58891 crm - 30702185 cdekid - 10025084375 {"order_id":"58891","cdeck_id":"10025084375","crm":"30702185","order_status":"yookassa_widget"}
2025-12-01 01:30:35 store_script.php - 58891 crm - 30702185 cdekid - 10025084375 trackNum_amoId - 417631 {"order_id":"58891","cdeck_id":"10025084375","crm":"30702185","order_status":"yookassa_widget"}
2025-12-01 01:30:35 request.php - https://vivaherb.amocrm.ru/api/v4/leads/30702185 PATCH 400  {"errors":{"30702185":"Lead not found"},"title":"Bad Request","type":"https://httpstatus.es/400","status":400,"detail":"Invalid request body"}
2025-12-01 01:30:36 store_script.php - 58891 crm - 30702185 END []
2025-12-01 01:30:36 store_script.php - 59176 crm - 30706013 cdekid - 10025584176 {"order_id":"59176","cdeck_id":"10025584176","crm":"30706013","order_status":"yookassa_widget"}
2025-12-01 01:30:36 store_script.php - 59176 crm - 30706013 cdekid - 10025584176 trackNum_amoId - 417631 {"order_id":"59176","cdeck_id":"10025584176","crm":"30706013","order_status":"yookassa_widget"}
2025-12-01 01:30:36 request.php - https://vivaherb.amocrm.ru/api/v4/leads/30706013 PATCH 400  {"errors":{"30706013":"Lead not found"},"title":"Bad Request","type":"https://httpstatus.es/400","status":400,"detail":"Invalid request body"}
2025-12-01 01:30:36 store_script.php - 59176 crm - 30706013 END []
2025-12-01 01:30:37 store_script.php - 59181 crm - 30706069 cdekid - 10025587928 {"order_id":"59181","cdeck_id":"10025587928","crm":"30706069","order_status":"yookassa_widget"}
2025-12-01 01:30:37 store_script.php - 59181 crm - 30706069 cdekid - 10025587928 trackNum_amoId - 417631 {"order_id":"59181","cdeck_id":"10025587928","crm":"30706069","order_status":"yookassa_widget"}
2025-12-01 01:30:37 request.php - https://vivaherb.amocrm.ru/api/v4/leads/30706069 PATCH 400  {"errors":{"30706069":"Lead not found"},"title":"Bad Request","type":"https://httpstatus.es/400","status":400,"detail":"Invalid request body"}
2025-12-01 01:30:37 store_script.php - 59181 crm - 30706069 END []
2025-12-01 01:30:37 store_script.php - 59187 crm - 30706147 cdekid - 10025595773 {"order_id":"59187","cdeck_id":"10025595773","crm":"30706147","order_status":"yookassa_widget"}
2025-12-01 01:30:37 store_script.php - 59187 crm - 30706147 cdekid - 10025595773 trackNum_amoId - 417631 {"order_id":"59187","cdeck_id":"10025595773","crm":"30706147","order_status":"yookassa_widget"}
2025-12-01 01:30:37 request.php - https://vivaherb.amocrm.ru/api/v4/leads/30706147 PATCH 400  {"errors":{"30706147":"Lead not found"},"title":"Bad Request","type":"https://httpstatus.es/400","status":400,"detail":"Invalid request body"}
2025-12-01 01:30:38 store_script.php - 59187 crm - 30706147 END []
2025-12-01 01:30:38 store_script.php - 59188 crm - 30706175 cdekid - 10025597779 {"order_id":"59188","cdeck_id":"10025597779","crm":"30706175","order_status":"yookassa_widget"}
2025-12-01 01:30:38 store_script.php - 59188 crm - 30706175 cdekid - 10025597779 trackNum_amoId - 417631 {"order_id":"59188","cdeck_id":"10025597779","crm":"30706175","order_status":"yookassa_widget"}
2025-12-01 01:30:38 request.php - https://vivaherb.amocrm.ru/api/v4/leads/30706175 PATCH 400  {"errors":{"30706175":"Lead not found"},"title":"Bad Request","type":"https://httpstatus.es/400","status":400,"detail":"Invalid request body"}
2025-12-01 01:30:38 store_script.php - 59188 crm - 30706175 END []
2025-12-01 01:30:39 store_script.php - 61931 crm - 30957731 cdekid - 10044840842 {"order_id":"61931","cdeck_id":"10044840842","crm":"30957731","order_status":"yookassa_widget"}
2025-12-01 01:30:39 store_script.php - 61931 crm - 30957731 cdekid - 10044840842 trackNum_amoId - 417631 {"order_id":"61931","cdeck_id":"10044840842","crm":"30957731","order_status":"yookassa_widget"}
2025-12-01 01:30:39 request.php - https://vivaherb.amocrm.ru/api/v4/leads/30957731 PATCH 400  {"errors":{"30957731":"Lead not found"},"title":"Bad Request","type":"https://httpstatus.es/400","status":400,"detail":"Invalid request body"}
2025-12-01 01:30:39 store_script.php - 61931 crm - 30957731 END []
2025-12-01 01:30:40 store_script.php - 64064 crm - 31115305 cdekid - 10067371813 {"order_id":"64064","cdeck_id":"10067371813","crm":"31115305","order_status":"yookassa_widget"}
2025-12-01 01:30:40 store_script.php - 64064 crm - 31115305 cdekid - 10067371813 trackNum_amoId - 417631 {"order_id":"64064","cdeck_id":"10067371813","crm":"31115305","order_status":"yookassa_widget"}
2025-12-01 01:30:40 request.php - https://vivaherb.amocrm.ru/api/v4/leads/31115305 PATCH 400  {"errors":{"31115305":"Lead not found"},"title":"Bad Request","type":"https://httpstatus.es/400","status":400,"detail":"Invalid request body"}
2025-12-01 01:30:41 store_script.php - 64064 crm - 31115305 END []
2025-12-01 01:30:41 store_script.php - 64110 crm - 31117287 cdekid - 10067760566 {"order_id":"64110","cdeck_id":"10067760566","crm":"31117287","order_status":"yookassa_widget"}
2025-12-01 01:30:41 store_script.php - 64110 crm - 31117287 cdekid - 10067760566 trackNum_amoId - 417631 {"order_id":"64110","cdeck_id":"10067760566","crm":"31117287","order_status":"yookassa_widget"}
2025-12-01 01:30:41 request.php - https://vivaherb.amocrm.ru/api/v4/leads/31117287 PATCH 400  {"errors":{"31117287":"Lead not found"},"title":"Bad Request","type":"https://httpstatus.es/400","status":400,"detail":"Invalid request body"}
2025-12-01 01:30:41 store_script.php - 64110 crm - 31117287 END []
2025-12-01 01:30:41 store_script.php - 64904 crm - 31188065 cdekid - 10075009440 {"order_id":"64904","cdeck_id":"10075009440","crm":"31188065","order_status":"yookassa_widget"}
2025-12-01 01:30:41 store_script.php - 64904 crm - 31188065 cdekid - 10075009440 trackNum_amoId - 417631 {"order_id":"64904","cdeck_id":"10075009440","crm":"31188065","order_status":"yookassa_widget"}
2025-12-01 01:30:42 request.php - https://vivaherb.amocrm.ru/api/v4/leads/31188065 PATCH 400  {"errors":{"31188065":"Lead not found"},"title":"Bad Request","type":"https://httpstatus.es/400","status":400,"detail":"Invalid request body"}
2025-12-01 01:30:42 store_script.php - 64904 crm - 31188065 END []
2025-12-01 01:30:42 store_script.php - 66655 crm - 31331987 cdekid - 10093681196 {"order_id":"66655","cdeck_id":"10093681196","crm":"31331987","order_status":"yookassa_widget"}
2025-12-01 01:30:42 store_script.php - 66655 crm - 31331987 cdekid - 10093681196 trackNum_amoId - 417631 {"order_id":"66655","cdeck_id":"10093681196","crm":"31331987","order_status":"yookassa_widget"}
2025-12-01 01:30:43 request.php - https://vivaherb.amocrm.ru/api/v4/leads/31331987 PATCH 400  {"errors":{"31331987":"Lead not found"},"title":"Bad Request","type":"https://httpstatus.es/400","status":400,"detail":"Invalid request body"}
2025-12-01 01:30:43 store_script.php - 66655 crm - 31331987 END []
2025-12-01 01:30:43 store_script.php - 66657 crm - 31332069 cdekid - 10093687362 {"order_id":"66657","cdeck_id":"10093687362","crm":"31332069","order_status":"yookassa_widget"}
2025-12-01 01:30:43 store_script.php - 66657 crm - 31332069 cdekid - 10093687362 trackNum_amoId - 417631 {"order_id":"66657","cdeck_id":"10093687362","crm":"31332069","order_status":"yookassa_widget"}
2025-12-01 01:30:43 request.php - https://vivaherb.amocrm.ru/api/v4/leads/31332069 PATCH 400  {"errors":{"31332069":"Lead not found"},"title":"Bad Request","type":"https://httpstatus.es/400","status":400,"detail":"Invalid request body"}
2025-12-01 01:30:43 store_script.php - 66657 crm - 31332069 END []
2025-12-01 01:30:44 store_script.php - 66765 crm - 31341715 cdekid - 10095118494 {"order_id":"66765","cdeck_id":"10095118494","crm":"31341715","order_status":"cod"}
2025-12-01 01:30:44 store_script.php - 66765 crm - 31341715 cdekid - 10095118494 trackNum_amoId - 417631 {"order_id":"66765","cdeck_id":"10095118494","crm":"31341715","order_status":"cod"}
2025-12-01 01:30:44 request.php - https://vivaherb.amocrm.ru/api/v4/leads/31341715 PATCH 400  {"errors":{"31341715":"Lead not found"},"title":"Bad Request","type":"https://httpstatus.es/400","status":400,"detail":"Invalid request body"}
2025-12-01 01:30:44 request.php - https://vivaherb.amocrm.ru/api/v4/leads/31341715 PATCH 400  {"errors":{"31341715":"Lead not found"},"title":"Bad Request","type":"https://httpstatus.es/400","status":400,"detail":"Invalid request body"}
2025-12-01 01:30:44 store_script.php - 66765 crm - 31341715 END []
2025-12-01 01:30:45 store_script.php - 67842 crm - 31420031 cdekid - 10105128997 {"order_id":"67842","cdeck_id":"10105128997","crm":"31420031","order_status":"yookassa_widget"}
2025-12-01 01:30:45 store_script.php - 67842 crm - 31420031 cdekid - 10105128997 trackNum_amoId - 417631 {"order_id":"67842","cdeck_id":"10105128997","crm":"31420031","order_status":"yookassa_widget"}
2025-12-01 01:30:45 request.php - https://vivaherb.amocrm.ru/api/v4/leads/31420031 PATCH 400  {"errors":{"31420031":"Lead not found"},"title":"Bad Request","type":"https://httpstatus.es/400","status":400,"detail":"Invalid request body"}
2025-12-01 01:30:45 store_script.php - 67842 crm - 31420031 END []
2025-12-01 01:30:53 store_script.php - 70672 crm - 31684629 cdekid - 10137210974 {"order_id":"70672","cdeck_id":"10137210974","crm":"31684629","order_status":"yookassa_widget"}
2025-12-01 01:30:53 store_script.php - 70672 crm - 31684629 cdekid - 10137210974 trackNum_amoId - 417631 {"order_id":"70672","cdeck_id":"10137210974","crm":"31684629","order_status":"yookassa_widget"}
2025-12-01 01:30:54 request.php - https://vivaherb.amocrm.ru/api/v4/leads/31684629 PATCH 400  {"errors":{"31684629":"Lead not found"},"title":"Bad Request","type":"https://httpstatus.es/400","status":400,"detail":"Invalid request body"}
2025-12-01 01:30:54 store_script.php - 70672 crm - 31684629 END []
2025-12-01 01:30:59 store_script.php - 73935 crm - 31945623 cdekid - 10170059138 {"order_id":"73935","cdeck_id":"10170059138","crm":"31945623","order_status":"intellectmoney"}
2025-12-01 01:30:59 store_script.php - 73935 crm - 31945623 cdekid - 10170059138 trackNum_amoId - 417631 {"order_id":"73935","cdeck_id":"10170059138","crm":"31945623","order_status":"intellectmoney"}
2025-12-01 01:30:59 request.php - https://vivaherb.amocrm.ru/api/v4/leads/31945623 PATCH 400  {"errors":{"31945623":"Lead not found"},"title":"Bad Request","type":"https://httpstatus.es/400","status":400,"detail":"Invalid request body"}
2025-12-01 01:30:59 store_script.php - 73935 crm - 31945623 END []
2025-12-01 01:31:07 store_script.php - 76898 crm - 32081809 cdekid - 10192709836 {"order_id":"76898","cdeck_id":"10192709836","crm":"32081809","order_status":"intellectmoney"}
2025-12-01 01:31:07 store_script.php - 76898 crm - 32081809 cdekid - 10192709836 trackNum_amoId - 417631 {"order_id":"76898","cdeck_id":"10192709836","crm":"32081809","order_status":"intellectmoney"}
2025-12-01 01:31:08 store_script.php - 76898 crm - 32081809 get_oreder {"meta":{"href":"https://api.moysklad.ru/api/remap/1.2/entity/customerorder/676e0034-ce15-11f0-0a80-1403008a159a","metadataHref":"https://api.moysklad.ru/api/remap/1.2/entity/customerorder/metadata","type":"customerorder","mediaType":"application/json","uuidHref":"https://online.moysklad.ru/app/#customerorder/edit?id=676e0034-ce15-11f0-0a80-1403008a159a"},"id":"676e0034-ce15-11f0-0a80-1403008a159a","accountId":"dc992fd7-e243-
2025-12-01 01:31:08 store_script.php - 76898 crm - 32081809 END []
2025-12-01 01:31:09 store_script.php - 76902 crm - 32081909 cdekid - 10192726003 {"order_id":"76902","cdeck_id":"10192726003","crm":"32081909","order_status":"intellectmoney"}
2025-12-01 01:31:09 store_script.php - 76902 crm - 32081909 cdekid - 10192726003 trackNum_amoId - 417631 {"order_id":"76902","cdeck_id":"10192726003","crm":"32081909","order_status":"intellectmoney"}
2025-12-01 01:31:09 store_script.php - 76902 crm - 32081909 get_oreder {"meta":{"href":"https://api.moysklad.ru/api/remap/1.2/entity/customerorder/647843a9-ce21-11f0-0a80-1c54008c7315","metadataHref":"https://api.moysklad.ru/api/remap/1.2/entity/customerorder/metadata","type":"customerorder","mediaType":"application/json","uuidHref":"https://online.moysklad.ru/app/#customerorder/edit?id=647843a9-ce21-11f0-0a80-1c54008c7315"},"id":"647843a9-ce21-11f0-0a80-1c54008c7315","accountId":"dc992fd7-e243-
2025-12-01 01:31:10 store_script.php - 76902 crm - 32081909 END []
2025-12-01 01:31:10 store_script.php - 76904 crm - 32081941 cdekid - 10192729990 {"order_id":"76904","cdeck_id":"10192729990","crm":"32081941","order_status":"intellectmoney"}
2025-12-01 01:31:10 store_script.php - 76904 crm - 32081941 cdekid - 10192729990 trackNum_amoId - 417631 {"order_id":"76904","cdeck_id":"10192729990","crm":"32081941","order_status":"intellectmoney"}
2025-12-01 01:31:11 store_script.php - 76904 crm - 32081941 get_oreder {"meta":{"href":"https://api.moysklad.ru/api/remap/1.2/entity/customerorder/be0c78a2-ce24-11f0-0a80-1635008bede2","metadataHref":"https://api.moysklad.ru/api/remap/1.2/entity/customerorder/metadata","type":"customerorder","mediaType":"application/json","uuidHref":"https://online.moysklad.ru/app/#customerorder/edit?id=be0c78a2-ce24-11f0-0a80-1635008bede2"},"id":"be0c78a2-ce24-11f0-0a80-1635008bede2","accountId":"dc992fd7-e243-
2025-12-01 01:31:11 store_script.php - 76904 crm - 32081941 END []
2025-12-01 01:31:11 store_script.php - 76906 crm - 32081983 cdekid - 10192742325 {"order_id":"76906","cdeck_id":"10192742325","crm":"32081983","order_status":"intellectmoney"}
2025-12-01 01:31:11 store_script.php - 76906 crm - 32081983 cdekid - 10192742325 trackNum_amoId - 417631 {"order_id":"76906","cdeck_id":"10192742325","crm":"32081983","order_status":"intellectmoney"}
2025-12-01 01:31:12 store_script.php - 76906 crm - 32081983 get_oreder {"meta":{"href":"https://api.moysklad.ru/api/remap/1.2/entity/customerorder/3a81f8e6-ce30-11f0-0a80-015500907793","metadataHref":"https://api.moysklad.ru/api/remap/1.2/entity/customerorder/metadata","type":"customerorder","mediaType":"application/json","uuidHref":"https://online.moysklad.ru/app/#customerorder/edit?id=3a81f8e6-ce30-11f0-0a80-015500907793"},"id":"3a81f8e6-ce30-11f0-0a80-015500907793","accountId":"dc992fd7-e243-
2025-12-01 01:31:12 store_script.php - 76906 crm - 32081983 END []
2025-12-01 02:30:13 store_script.php - 30509 crm - 27215649 cdekid - 1378035246 {"order_id":"30509","cdeck_id":"1378035246","crm":"27215649","order_status":"cod"}
2025-12-01 02:30:13 store_script.php - 30509 crm - 27215649 cdekid - 1378035246 trackNum_amoId - 417631 {"order_id":"30509","cdeck_id":"1378035246","crm":"27215649","order_status":"cod"}
2025-12-01 02:30:13 request.php - https://vivaherb.amocrm.ru/api/v4/leads/27215649 PATCH 400  {"errors":{"27215649":"Lead not found"},"title":"Bad Request","type":"https://httpstatus.es/400","status":400,"detail":"Invalid request body"}
2025-12-01 02:30:13 request.php - https://vivaherb.amocrm.ru/api/v4/leads/27215649 PATCH 400  {"errors":{"27215649":"Lead not found"},"title":"Bad Request","type":"https://httpstatus.es/400","status":400,"detail":"Invalid request body"}
2025-12-01 02:30:13 store_script.php - 30509 crm - 27215649 END []
2025-12-01 02:30:14 store_script.php - 30980 crm - 27451493 cdekid - 1384831846 {"order_id":"30980","cdeck_id":"1384831846","crm":"27451493","order_status":"yookassa_widget"}
2025-12-01 02:30:14 store_script.php - 30980 crm - 27451493 cdekid - 1384831846 trackNum_amoId - 417631 {"order_id":"30980","cdeck_id":"1384831846","crm":"27451493","order_status":"yookassa_widget"}
2025-12-01 02:30:14 request.php - https://vivaherb.amocrm.ru/api/v4/leads/27451493 PATCH 400  {"errors":{"27451493":"Lead not found"},"title":"Bad Request","type":"https://httpstatus.es/400","status":400,"detail":"Invalid request body"}
2025-12-01 02:30:14 store_script.php - 30980 crm - 27451493 END []
2025-12-01 02:30:14 store_script.php - 31159 crm - 27523369 cdekid - 1388417736 {"order_id":"31159","cdeck_id":"1388417736","crm":"27523369","order_status":"yookassa_widget"}
2025-12-01 02:30:14 store_script.php - 31159 crm - 27523369 cdekid - 1388417736 trackNum_amoId - 417631 {"order_id":"31159","cdeck_id":"1388417736","crm":"27523369","order_status":"yookassa_widget"}
2025-12-01 02:30:15 request.php - https://vivaherb.amocrm.ru/api/v4/leads/27523369 PATCH 400  {"errors":{"27523369":"Lead not found"},"title":"Bad Request","type":"https://httpstatus.es/400","status":400,"detail":"Invalid request body"}
2025-12-01 02:30:15 store_script.php - 31159 crm - 27523369 END []
2025-12-01 02:30:15 store_script.php - 31689 crm - 27678093 cdekid - 1394658580 {"order_id":"31689","cdeck_id":"1394658580","crm":"27678093","order_status":"cod"}
2025-12-01 02:30:15 store_script.php - 31689 crm - 27678093 cdekid - 1394658580 trackNum_amoId - 417631 {"order_id":"31689","cdeck_id":"1394658580","crm":"27678093","order_status":"cod"}
2025-12-01 02:30:15 request.php - https://vivaherb.amocrm.ru/api/v4/leads/27678093 PATCH 400  {"errors":{"27678093":"Lead not found"},"title":"Bad Request","type":"https://httpstatus.es/400","status":400,"detail":"Invalid request body"}
2025-12-01 02:30:16 request.php - https://vivaherb.amocrm.ru/api/v4/leads/27678093 PATCH 400  {"errors":{"27678093":"Lead not found"},"title":"Bad Request","type":"https://httpstatus.es/400","status":400,"detail":"Invalid request body"}
2025-12-01 02:30:16 store_script.php - 31689 crm - 27678093 END []
2025-12-01 02:30:16 store_script.php - 32666 crm - 28043619 cdekid - 1407999796 {"order_id":"32666","cdeck_id":"1407999796","crm":"28043619","order_status":"yookassa_widget"}
2025-12-01 02:30:16 store_script.php - 32666 crm - 28043619 cdekid - 1407999796 trackNum_amoId - 417631 {"order_id":"32666","cdeck_id":"1407999796","crm":"28043619","order_status":"yookassa_widget"}
2025-12-01 02:30:16 request.php - https://vivaherb.amocrm.ru/api/v4/leads/28043619 PATCH 400  {"errors":{"28043619":"Lead not found"},"title":"Bad Request","type":"https://httpstatus.es/400","status":400,"detail":"Invalid request body"}
2025-12-01 02:30:16 store_script.php - 32666 crm - 28043619 END []
2025-12-01 02:30:17 store_script.php - 35382 crm - 28949539 cdekid - 1440454117 {"order_id":"35382","cdeck_id":"1440454117","crm":"28949539","order_status":"yookassa_widget"}
2025-12-01 02:30:17 store_script.php - 35382 crm - 28949539 cdekid - 1440454117 trackNum_amoId - 417631 {"order_id":"35382","cdeck_id":"1440454117","crm":"28949539","order_status":"yookassa_widget"}
2025-12-01 02:30:17 request.php - https://vivaherb.amocrm.ru/api/v4/leads/28949539 PATCH 400  {"errors":{"28949539":"Lead not found"},"title":"Bad Request","type":"https://httpstatus.es/400","status":400,"detail":"Invalid request body"}
2025-12-01 02:30:17 store_script.php - 35382 crm - 28949539 END []
2025-12-01 02:30:17 store_script.php - 36740 crm - 29177633 cdekid - 1450621353 {"order_id":"36740","cdeck_id":"1450621353","crm":"29177633","order_status":"yookassa_widget"}
2025-12-01 02:30:17 store_script.php - 36740 crm - 29177633 cdekid - 1450621353 trackNum_amoId - 417631 {"order_id":"36740","cdeck_id":"1450621353","crm":"29177633","order_status":"yookassa_widget"}
2025-12-01 02:30:17 request.php - https://vivaherb.amocrm.ru/api/v4/leads/29177633 PATCH 400  {"errors":{"29177633":"Lead not found"},"title":"Bad Request","type":"https://httpstatus.es/400","status":400,"detail":"Invalid request body"}
2025-12-01 02:30:18 store_script.php - 36740 crm - 29177633 END []
2025-12-01 02:30:18 store_script.php - 43426 crm - 29759963 cdekid - 1492618495 {"order_id":"43426","cdeck_id":"1492618495","crm":"29759963","order_status":"cod"}
2025-12-01 02:30:18 store_script.php - 43426 crm - 29759963 cdekid - 1492618495 trackNum_amoId - 417631 {"order_id":"43426","cdeck_id":"1492618495","crm":"29759963","order_status":"cod"}
2025-12-01 02:30:18 request.php - https://vivaherb.amocrm.ru/api/v4/leads/29759963 PATCH 400  {"errors":{"29759963":"Lead not found"},"title":"Bad Request","type":"https://httpstatus.es/400","status":400,"detail":"Invalid request body"}
2025-12-01 02:30:18 request.php - https://vivaherb.amocrm.ru/api/v4/leads/29759963 PATCH 400  {"errors":{"29759963":"Lead not found"},"title":"Bad Request","type":"https://httpstatus.es/400","status":400,"detail":"Invalid request body"}
2025-12-01 02:30:19 store_script.php - 43426 crm - 29759963 END []
2025-12-01 02:30:19 store_script.php - 55743 crm - 30571295 cdekid - 10011353606 {"order_id":"55743","cdeck_id":"10011353606","crm":"30571295","order_status":"cod"}
2025-12-01 02:30:19 store_script.php - 55743 crm - 30571295 cdekid - 10011353606 trackNum_amoId - 417631 {"order_id":"55743","cdeck_id":"10011353606","crm":"30571295","order_status":"cod"}
2025-12-01 02:30:19 request.php - https://vivaherb.amocrm.ru/api/v4/leads/30571295 PATCH 400  {"errors":{"30571295":"Lead not found"},"title":"Bad Request","type":"https://httpstatus.es/400","status":400,"detail":"Invalid request body"}
2025-12-01 02:30:19 request.php - https://vivaherb.amocrm.ru/api/v4/leads/30571295 PATCH 400  {"errors":{"30571295":"Lead not found"},"title":"Bad Request","type":"https://httpstatus.es/400","status":400,"detail":"Invalid request body"}
2025-12-01 02:30:19 store_script.php - 55743 crm - 30571295 END []
2025-12-01 02:30:20 store_script.php - 56020 crm - 30580597 cdekid - 10012192492 {"order_id":"56020","cdeck_id":"10012192492","crm":"30580597","order_status":"intellectmoney"}
2025-12-01 02:30:20 store_script.php - 56020 crm - 30580597 cdekid - 10012192492 trackNum_amoId - 417631 {"order_id":"56020","cdeck_id":"10012192492","crm":"30580597","order_status":"intellectmoney"}
2025-12-01 02:30:20 request.php - https://vivaherb.amocrm.ru/api/v4/leads/30580597 PATCH 400  {"errors":{"30580597":"Lead not found"},"title":"Bad Request","type":"https://httpstatus.es/400","status":400,"detail":"Invalid request body"}
2025-12-01 02:30:20 store_script.php - 56020 crm - 30580597 END []
2025-12-01 02:30:20 store_script.php - 58805 crm - 30699429 cdekid - 10024732090 {"order_id":"58805","cdeck_id":"10024732090","crm":"30699429","order_status":"yookassa_widget"}
2025-12-01 02:30:20 store_script.php - 58805 crm - 30699429 cdekid - 10024732090 trackNum_amoId - 417631 {"order_id":"58805","cdeck_id":"10024732090","crm":"30699429","order_status":"yookassa_widget"}
2025-12-01 02:30:21 request.php - https://vivaherb.amocrm.ru/api/v4/leads/30699429 PATCH 400  {"errors":{"30699429":"Lead not found"},"title":"Bad Request","type":"https://httpstatus.es/400","status":400,"detail":"Invalid request body"}
2025-12-01 02:30:21 store_script.php - 58805 crm - 30699429 END []
2025-12-01 02:30:21 store_script.php - 58825 crm - 30700377 cdekid - 10024878326 {"order_id":"58825","cdeck_id":"10024878326","crm":"30700377","order_status":"yookassa_widget"}
2025-12-01 02:30:21 store_script.php - 58825 crm - 30700377 cdekid - 10024878326 trackNum_amoId - 417631 {"order_id":"58825","cdeck_id":"10024878326","crm":"30700377","order_status":"yookassa_widget"}
2025-12-01 02:30:21 request.php - https://vivaherb.amocrm.ru/api/v4/leads/30700377 PATCH 400  {"errors":{"30700377":"Lead not found"},"title":"Bad Request","type":"https://httpstatus.es/400","status":400,"detail":"Invalid request body"}
2025-12-01 02:30:21 store_script.php - 58825 crm - 30700377 END []
2025-12-01 02:30:22 store_script.php - 58891 crm - 30702185 cdekid - 10025084375 {"order_id":"58891","cdeck_id":"10025084375","crm":"30702185","order_status":"yookassa_widget"}
2025-12-01 02:30:22 store_script.php - 58891 crm - 30702185 cdekid - 10025084375 trackNum_amoId - 417631 {"order_id":"58891","cdeck_id":"10025084375","crm":"30702185","order_status":"yookassa_widget"}
2025-12-01 02:30:22 request.php - https://vivaherb.amocrm.ru/api/v4/leads/30702185 PATCH 400  {"errors":{"30702185":"Lead not found"},"title":"Bad Request","type":"https://httpstatus.es/400","status":400,"detail":"Invalid request body"}
2025-12-01 02:30:22 store_script.php - 58891 crm - 30702185 END []
2025-12-01 02:30:22 store_script.php - 59176 crm - 30706013 cdekid - 10025584176 {"order_id":"59176","cdeck_id":"10025584176","crm":"30706013","order_status":"yookassa_widget"}
2025-12-01 02:30:22 store_script.php - 59176 crm - 30706013 cdekid - 10025584176 trackNum_amoId - 417631 {"order_id":"59176","cdeck_id":"10025584176","crm":"30706013","order_status":"yookassa_widget"}
2025-12-01 02:30:22 request.php - https://vivaherb.amocrm.ru/api/v4/leads/30706013 PATCH 400  {"errors":{"30706013":"Lead not found"},"title":"Bad Request","type":"https://httpstatus.es/400","status":400,"detail":"Invalid request body"}
2025-12-01 02:30:23 store_script.php - 59176 crm - 30706013 END []
2025-12-01 02:30:23 store_script.php - 59181 crm - 30706069 cdekid - 10025587928 {"order_id":"59181","cdeck_id":"10025587928","crm":"30706069","order_status":"yookassa_widget"}
2025-12-01 02:30:23 store_script.php - 59181 crm - 30706069 cdekid - 10025587928 trackNum_amoId - 417631 {"order_id":"59181","cdeck_id":"10025587928","crm":"30706069","order_status":"yookassa_widget"}
2025-12-01 02:30:23 request.php - https://vivaherb.amocrm.ru/api/v4/leads/30706069 PATCH 400  {"errors":{"30706069":"Lead not found"},"title":"Bad Request","type":"https://httpstatus.es/400","status":400,"detail":"Invalid request body"}
2025-12-01 02:30:23 store_script.php - 59181 crm - 30706069 END []
2025-12-01 02:30:23 store_script.php - 59187 crm - 30706147 cdekid - 10025595773 {"order_id":"59187","cdeck_id":"10025595773","crm":"30706147","order_status":"yookassa_widget"}
2025-12-01 02:30:23 store_script.php - 59187 crm - 30706147 cdekid - 10025595773 trackNum_amoId - 417631 {"order_id":"59187","cdeck_id":"10025595773","crm":"30706147","order_status":"yookassa_widget"}
2025-12-01 02:30:24 request.php - https://vivaherb.amocrm.ru/api/v4/leads/30706147 PATCH 400  {"errors":{"30706147":"Lead not found"},"title":"Bad Request","type":"https://httpstatus.es/400","status":400,"detail":"Invalid request body"}
2025-12-01 02:30:24 store_script.php - 59187 crm - 30706147 END []
2025-12-01 02:30:24 store_script.php - 59188 crm - 30706175 cdekid - 10025597779 {"order_id":"59188","cdeck_id":"10025597779","crm":"30706175","order_status":"yookassa_widget"}
2025-12-01 02:30:24 store_script.php - 59188 crm - 30706175 cdekid - 10025597779 trackNum_amoId - 417631 {"order_id":"59188","cdeck_id":"10025597779","crm":"30706175","order_status":"yookassa_widget"}
2025-12-01 02:30:24 request.php - https://vivaherb.amocrm.ru/api/v4/leads/30706175 PATCH 400  {"errors":{"30706175":"Lead not found"},"title":"Bad Request","type":"https://httpstatus.es/400","status":400,"detail":"Invalid request body"}
2025-12-01 02:30:24 store_script.php - 59188 crm - 30706175 END []
2025-12-01 02:30:25 store_script.php - 61931 crm - 30957731 cdekid - 10044840842 {"order_id":"61931","cdeck_id":"10044840842","crm":"30957731","order_status":"yookassa_widget"}
2025-12-01 02:30:25 store_script.php - 61931 crm - 30957731 cdekid - 10044840842 trackNum_amoId - 417631 {"order_id":"61931","cdeck_id":"10044840842","crm":"30957731","order_status":"yookassa_widget"}
2025-12-01 02:30:25 request.php - https://vivaherb.amocrm.ru/api/v4/leads/30957731 PATCH 400  {"errors":{"30957731":"Lead not found"},"title":"Bad Request","type":"https://httpstatus.es/400","status":400,"detail":"Invalid request body"}
2025-12-01 02:30:25 store_script.php - 61931 crm - 30957731 END []
2025-12-01 02:30:26 store_script.php - 64064 crm - 31115305 cdekid - 10067371813 {"order_id":"64064","cdeck_id":"10067371813","crm":"31115305","order_status":"yookassa_widget"}
2025-12-01 02:30:26 store_script.php - 64064 crm - 31115305 cdekid - 10067371813 trackNum_amoId - 417631 {"order_id":"64064","cdeck_id":"10067371813","crm":"31115305","order_status":"yookassa_widget"}
2025-12-01 02:30:27 request.php - https://vivaherb.amocrm.ru/api/v4/leads/31115305 PATCH 400  {"errors":{"31115305":"Lead not found"},"title":"Bad Request","type":"https://httpstatus.es/400","status":400,"detail":"Invalid request body"}
2025-12-01 02:30:27 store_script.php - 64064 crm - 31115305 END []
2025-12-01 02:30:27 store_script.php - 64110 crm - 31117287 cdekid - 10067760566 {"order_id":"64110","cdeck_id":"10067760566","crm":"31117287","order_status":"yookassa_widget"}
2025-12-01 02:30:27 store_script.php - 64110 crm - 31117287 cdekid - 10067760566 trackNum_amoId - 417631 {"order_id":"64110","cdeck_id":"10067760566","crm":"31117287","order_status":"yookassa_widget"}
2025-12-01 02:30:27 request.php - https://vivaherb.amocrm.ru/api/v4/leads/31117287 PATCH 400  {"errors":{"31117287":"Lead not found"},"title":"Bad Request","type":"https://httpstatus.es/400","status":400,"detail":"Invalid request body"}
2025-12-01 02:30:28 store_script.php - 64110 crm - 31117287 END []
2025-12-01 02:30:28 store_script.php - 64904 crm - 31188065 cdekid - 10075009440 {"order_id":"64904","cdeck_id":"10075009440","crm":"31188065","order_status":"yookassa_widget"}
2025-12-01 02:30:28 store_script.php - 64904 crm - 31188065 cdekid - 10075009440 trackNum_amoId - 417631 {"order_id":"64904","cdeck_id":"10075009440","crm":"31188065","order_status":"yookassa_widget"}
2025-12-01 02:30:28 request.php - https://vivaherb.amocrm.ru/api/v4/leads/31188065 PATCH 400  {"errors":{"31188065":"Lead not found"},"title":"Bad Request","type":"https://httpstatus.es/400","status":400,"detail":"Invalid request body"}
2025-12-01 02:30:28 store_script.php - 64904 crm - 31188065 END []
2025-12-01 02:30:29 store_script.php - 66655 crm - 31331987 cdekid - 10093681196 {"order_id":"66655","cdeck_id":"10093681196","crm":"31331987","order_status":"yookassa_widget"}
2025-12-01 02:30:29 store_script.php - 66655 crm - 31331987 cdekid - 10093681196 trackNum_amoId - 417631 {"order_id":"66655","cdeck_id":"10093681196","crm":"31331987","order_status":"yookassa_widget"}
2025-12-01 02:30:29 request.php - https://vivaherb.amocrm.ru/api/v4/leads/31331987 PATCH 400  {"errors":{"31331987":"Lead not found"},"title":"Bad Request","type":"https://httpstatus.es/400","status":400,"detail":"Invalid request body"}
2025-12-01 02:30:29 store_script.php - 66655 crm - 31331987 END []
2025-12-01 02:30:29 store_script.php - 66657 crm - 31332069 cdekid - 10093687362 {"order_id":"66657","cdeck_id":"10093687362","crm":"31332069","order_status":"yookassa_widget"}
2025-12-01 02:30:29 store_script.php - 66657 crm - 31332069 cdekid - 10093687362 trackNum_amoId - 417631 {"order_id":"66657","cdeck_id":"10093687362","crm":"31332069","order_status":"yookassa_widget"}
2025-12-01 02:30:29 request.php - https://vivaherb.amocrm.ru/api/v4/leads/31332069 PATCH 400  {"errors":{"31332069":"Lead not found"},"title":"Bad Request","type":"https://httpstatus.es/400","status":400,"detail":"Invalid request body"}
2025-12-01 02:30:30 store_script.php - 66657 crm - 31332069 END []
2025-12-01 02:30:30 store_script.php - 66765 crm - 31341715 cdekid - 10095118494 {"order_id":"66765","cdeck_id":"10095118494","crm":"31341715","order_status":"cod"}
2025-12-01 02:30:30 store_script.php - 66765 crm - 31341715 cdekid - 10095118494 trackNum_amoId - 417631 {"order_id":"66765","cdeck_id":"10095118494","crm":"31341715","order_status":"cod"}
2025-12-01 02:30:30 request.php - https://vivaherb.amocrm.ru/api/v4/leads/31341715 PATCH 400  {"errors":{"31341715":"Lead not found"},"title":"Bad Request","type":"https://httpstatus.es/400","status":400,"detail":"Invalid request body"}
2025-12-01 02:30:30 request.php - https://vivaherb.amocrm.ru/api/v4/leads/31341715 PATCH 400  {"errors":{"31341715":"Lead not found"},"title":"Bad Request","type":"https://httpstatus.es/400","status":400,"detail":"Invalid request body"}
2025-12-01 02:30:30 store_script.php - 66765 crm - 31341715 END []
2025-12-01 02:30:31 store_script.php - 67842 crm - 31420031 cdekid - 10105128997 {"order_id":"67842","cdeck_id":"10105128997","crm":"31420031","order_status":"yookassa_widget"}
2025-12-01 02:30:31 store_script.php - 67842 crm - 31420031 cdekid - 10105128997 trackNum_amoId - 417631 {"order_id":"67842","cdeck_id":"10105128997","crm":"31420031","order_status":"yookassa_widget"}
2025-12-01 02:30:31 request.php - https://vivaherb.amocrm.ru/api/v4/leads/31420031 PATCH 400  {"errors":{"31420031":"Lead not found"},"title":"Bad Request","type":"https://httpstatus.es/400","status":400,"detail":"Invalid request body"}
2025-12-01 02:30:31 store_script.php - 67842 crm - 31420031 END []
2025-12-01 02:30:40 store_script.php - 70672 crm - 31684629 cdekid - 10137210974 {"order_id":"70672","cdeck_id":"10137210974","crm":"31684629","order_status":"yookassa_widget"}
2025-12-01 02:30:40 store_script.php - 70672 crm - 31684629 cdekid - 10137210974 trackNum_amoId - 417631 {"order_id":"70672","cdeck_id":"10137210974","crm":"31684629","order_status":"yookassa_widget"}
2025-12-01 02:30:40 request.php - https://vivaherb.amocrm.ru/api/v4/leads/31684629 PATCH 400  {"errors":{"31684629":"Lead not found"},"title":"Bad Request","type":"https://httpstatus.es/400","status":400,"detail":"Invalid request body"}
2025-12-01 02:30:40 store_script.php - 70672 crm - 31684629 END []
2025-12-01 02:30:45 store_script.php - 73935 crm - 31945623 cdekid - 10170059138 {"order_id":"73935","cdeck_id":"10170059138","crm":"31945623","order_status":"intellectmoney"}
2025-12-01 02:30:45 store_script.php - 73935 crm - 31945623 cdekid - 10170059138 trackNum_amoId - 417631 {"order_id":"73935","cdeck_id":"10170059138","crm":"31945623","order_status":"intellectmoney"}
2025-12-01 02:30:45 request.php - https://vivaherb.amocrm.ru/api/v4/leads/31945623 PATCH 400  {"errors":{"31945623":"Lead not found"},"title":"Bad Request","type":"https://httpstatus.es/400","status":400,"detail":"Invalid request body"}
2025-12-01 02:30:46 store_script.php - 73935 crm - 31945623 END []
2025-12-01 02:30:53 store_script.php - 76898 crm - 32081809 cdekid - 10192709836 {"order_id":"76898","cdeck_id":"10192709836","crm":"32081809","order_status":"intellectmoney"}
2025-12-01 02:30:53 store_script.php - 76898 crm - 32081809 cdekid - 10192709836 trackNum_amoId - 417631 {"order_id":"76898","cdeck_id":"10192709836","crm":"32081809","order_status":"intellectmoney"}
2025-12-01 02:30:54 store_script.php - 76898 crm - 32081809 get_oreder {"meta":{"href":"https://api.moysklad.ru/api/remap/1.2/entity/customerorder/676e0034-ce15-11f0-0a80-1403008a159a","metadataHref":"https://api.moysklad.ru/api/remap/1.2/entity/customerorder/metadata","type":"customerorder","mediaType":"application/json","uuidHref":"https://online.moysklad.ru/app/#customerorder/edit?id=676e0034-ce15-11f0-0a80-1403008a159a"},"id":"676e0034-ce15-11f0-0a80-1403008a159a","accountId":"dc992fd7-e243-
2025-12-01 02:30:54 store_script.php - 76898 crm - 32081809 END []
2025-12-01 02:30:54 store_script.php - 76902 crm - 32081909 cdekid - 10192726003 {"order_id":"76902","cdeck_id":"10192726003","crm":"32081909","order_status":"intellectmoney"}
2025-12-01 02:30:54 store_script.php - 76902 crm - 32081909 cdekid - 10192726003 trackNum_amoId - 417631 {"order_id":"76902","cdeck_id":"10192726003","crm":"32081909","order_status":"intellectmoney"}
2025-12-01 02:30:55 store_script.php - 76902 crm - 32081909 get_oreder {"meta":{"href":"https://api.moysklad.ru/api/remap/1.2/entity/customerorder/647843a9-ce21-11f0-0a80-1c54008c7315","metadataHref":"https://api.moysklad.ru/api/remap/1.2/entity/customerorder/metadata","type":"customerorder","mediaType":"application/json","uuidHref":"https://online.moysklad.ru/app/#customerorder/edit?id=647843a9-ce21-11f0-0a80-1c54008c7315"},"id":"647843a9-ce21-11f0-0a80-1c54008c7315","accountId":"dc992fd7-e243-
2025-12-01 02:30:55 store_script.php - 76902 crm - 32081909 END []
2025-12-01 02:30:56 store_script.php - 76904 crm - 32081941 cdekid - 10192729990 {"order_id":"76904","cdeck_id":"10192729990","crm":"32081941","order_status":"intellectmoney"}
2025-12-01 02:30:56 store_script.php - 76904 crm - 32081941 cdekid - 10192729990 trackNum_amoId - 417631 {"order_id":"76904","cdeck_id":"10192729990","crm":"32081941","order_status":"intellectmoney"}
2025-12-01 02:30:56 store_script.php - 76904 crm - 32081941 get_oreder {"meta":{"href":"https://api.moysklad.ru/api/remap/1.2/entity/customerorder/be0c78a2-ce24-11f0-0a80-1635008bede2","metadataHref":"https://api.moysklad.ru/api/remap/1.2/entity/customerorder/metadata","type":"customerorder","mediaType":"application/json","uuidHref":"https://online.moysklad.ru/app/#customerorder/edit?id=be0c78a2-ce24-11f0-0a80-1635008bede2"},"id":"be0c78a2-ce24-11f0-0a80-1635008bede2","accountId":"dc992fd7-e243-
2025-12-01 02:30:57 store_script.php - 76904 crm - 32081941 END []
2025-12-01 02:30:57 store_script.php - 76906 crm - 32081983 cdekid - 10192742325 {"order_id":"76906","cdeck_id":"10192742325","crm":"32081983","order_status":"intellectmoney"}
2025-12-01 02:30:57 store_script.php - 76906 crm - 32081983 cdekid - 10192742325 trackNum_amoId - 417631 {"order_id":"76906","cdeck_id":"10192742325","crm":"32081983","order_status":"intellectmoney"}
2025-12-01 02:30:57 store_script.php - 76906 crm - 32081983 get_oreder {"meta":{"href":"https://api.moysklad.ru/api/remap/1.2/entity/customerorder/3a81f8e6-ce30-11f0-0a80-015500907793","metadataHref":"https://api.moysklad.ru/api/remap/1.2/entity/customerorder/metadata","type":"customerorder","mediaType":"application/json","uuidHref":"https://online.moysklad.ru/app/#customerorder/edit?id=3a81f8e6-ce30-11f0-0a80-015500907793"},"id":"3a81f8e6-ce30-11f0-0a80-015500907793","accountId":"dc992fd7-e243-
2025-12-01 02:30:58 store_script.php - 76906 crm - 32081983 END []
2025-12-01 03:30:10 store_script.php - 30509 crm - 27215649 cdekid - 1378035246 {"order_id":"30509","cdeck_id":"1378035246","crm":"27215649","order_status":"cod"}
2025-12-01 03:30:10 store_script.php - 30509 crm - 27215649 cdekid - 1378035246 trackNum_amoId - 417631 {"order_id":"30509","cdeck_id":"1378035246","crm":"27215649","order_status":"cod"}
2025-12-01 03:30:11 request.php - https://vivaherb.amocrm.ru/api/v4/leads/27215649 PATCH 400  {"errors":{"27215649":"Lead not found"},"title":"Bad Request","type":"https://httpstatus.es/400","status":400,"detail":"Invalid request body"}
2025-12-01 03:30:11 request.php - https://vivaherb.amocrm.ru/api/v4/leads/27215649 PATCH 400  {"errors":{"27215649":"Lead not found"},"title":"Bad Request","type":"https://httpstatus.es/400","status":400,"detail":"Invalid request body"}
2025-12-01 03:30:12 store_script.php - 30509 crm - 27215649 END []
2025-12-01 03:30:12 store_script.php - 30980 crm - 27451493 cdekid - 1384831846 {"order_id":"30980","cdeck_id":"1384831846","crm":"27451493","order_status":"yookassa_widget"}
2025-12-01 03:30:12 store_script.php - 30980 crm - 27451493 cdekid - 1384831846 trackNum_amoId - 417631 {"order_id":"30980","cdeck_id":"1384831846","crm":"27451493","order_status":"yookassa_widget"}
2025-12-01 03:30:12 request.php - https://vivaherb.amocrm.ru/api/v4/leads/27451493 PATCH 400  {"errors":{"27451493":"Lead not found"},"title":"Bad Request","type":"https://httpstatus.es/400","status":400,"detail":"Invalid request body"}
2025-12-01 03:30:13 store_script.php - 30980 crm - 27451493 END []
2025-12-01 03:30:13 store_script.php - 31159 crm - 27523369 cdekid - 1388417736 {"order_id":"31159","cdeck_id":"1388417736","crm":"27523369","order_status":"yookassa_widget"}
2025-12-01 03:30:13 store_script.php - 31159 crm - 27523369 cdekid - 1388417736 trackNum_amoId - 417631 {"order_id":"31159","cdeck_id":"1388417736","crm":"27523369","order_status":"yookassa_widget"}
2025-12-01 03:30:14 request.php - https://vivaherb.amocrm.ru/api/v4/leads/27523369 PATCH 400  {"errors":{"27523369":"Lead not found"},"title":"Bad Request","type":"https://httpstatus.es/400","status":400,"detail":"Invalid request body"}
2025-12-01 03:30:14 store_script.php - 31159 crm - 27523369 END []
2025-12-01 03:30:14 store_script.php - 31689 crm - 27678093 cdekid - 1394658580 {"order_id":"31689","cdeck_id":"1394658580","crm":"27678093","order_status":"cod"}
2025-12-01 03:30:14 store_script.php - 31689 crm - 27678093 cdekid - 1394658580 trackNum_amoId - 417631 {"order_id":"31689","cdeck_id":"1394658580","crm":"27678093","order_status":"cod"}
2025-12-01 03:30:15 request.php - https://vivaherb.amocrm.ru/api/v4/leads/27678093 PATCH 400  {"errors":{"27678093":"Lead not found"},"title":"Bad Request","type":"https://httpstatus.es/400","status":400,"detail":"Invalid request body"}
2025-12-01 03:30:15 request.php - https://vivaherb.amocrm.ru/api/v4/leads/27678093 PATCH 400  {"errors":{"27678093":"Lead not found"},"title":"Bad Request","type":"https://httpstatus.es/400","status":400,"detail":"Invalid request body"}
2025-12-01 03:30:15 store_script.php - 31689 crm - 27678093 END []
2025-12-01 03:30:15 store_script.php - 32666 crm - 28043619 cdekid - 1407999796 {"order_id":"32666","cdeck_id":"1407999796","crm":"28043619","order_status":"yookassa_widget"}
2025-12-01 03:30:15 store_script.php - 32666 crm - 28043619 cdekid - 1407999796 trackNum_amoId - 417631 {"order_id":"32666","cdeck_id":"1407999796","crm":"28043619","order_status":"yookassa_widget"}
2025-12-01 03:30:16 request.php - https://vivaherb.amocrm.ru/api/v4/leads/28043619 PATCH 400  {"errors":{"28043619":"Lead not found"},"title":"Bad Request","type":"https://httpstatus.es/400","status":400,"detail":"Invalid request body"}
2025-12-01 03:30:16 store_script.php - 32666 crm - 28043619 END []
2025-12-01 03:30:16 store_script.php - 35382 crm - 28949539 cdekid - 1440454117 {"order_id":"35382","cdeck_id":"1440454117","crm":"28949539","order_status":"yookassa_widget"}
2025-12-01 03:30:16 store_script.php - 35382 crm - 28949539 cdekid - 1440454117 trackNum_amoId - 417631 {"order_id":"35382","cdeck_id":"1440454117","crm":"28949539","order_status":"yookassa_widget"}
2025-12-01 03:30:16 request.php - https://vivaherb.amocrm.ru/api/v4/leads/28949539 PATCH 400  {"errors":{"28949539":"Lead not found"},"title":"Bad Request","type":"https://httpstatus.es/400","status":400,"detail":"Invalid request body"}
2025-12-01 03:30:17 store_script.php - 35382 crm - 28949539 END []
2025-12-01 03:30:17 store_script.php - 36740 crm - 29177633 cdekid - 1450621353 {"order_id":"36740","cdeck_id":"1450621353","crm":"29177633","order_status":"yookassa_widget"}
2025-12-01 03:30:17 store_script.php - 36740 crm - 29177633 cdekid - 1450621353 trackNum_amoId - 417631 {"order_id":"36740","cdeck_id":"1450621353","crm":"29177633","order_status":"yookassa_widget"}
2025-12-01 03:30:17 request.php - https://vivaherb.amocrm.ru/api/v4/leads/29177633 PATCH 400  {"errors":{"29177633":"Lead not found"},"title":"Bad Request","type":"https://httpstatus.es/400","status":400,"detail":"Invalid request body"}
2025-12-01 03:30:17 store_script.php - 36740 crm - 29177633 END []
2025-12-01 03:30:18 store_script.php - 43426 crm - 29759963 cdekid - 1492618495 {"order_id":"43426","cdeck_id":"1492618495","crm":"29759963","order_status":"cod"}
2025-12-01 03:30:18 store_script.php - 43426 crm - 29759963 cdekid - 1492618495 trackNum_amoId - 417631 {"order_id":"43426","cdeck_id":"1492618495","crm":"29759963","order_status":"cod"}
2025-12-01 03:30:18 request.php - https://vivaherb.amocrm.ru/api/v4/leads/29759963 PATCH 400  {"errors":{"29759963":"Lead not found"},"title":"Bad Request","type":"https://httpstatus.es/400","status":400,"detail":"Invalid request body"}
2025-12-01 03:30:19 request.php - https://vivaherb.amocrm.ru/api/v4/leads/29759963 PATCH 400  {"errors":{"29759963":"Lead not found"},"title":"Bad Request","type":"https://httpstatus.es/400","status":400,"detail":"Invalid request body"}
2025-12-01 03:30:19 store_script.php - 43426 crm - 29759963 END []
2025-12-01 03:30:19 store_script.php - 55743 crm - 30571295 cdekid - 10011353606 {"order_id":"55743","cdeck_id":"10011353606","crm":"30571295","order_status":"cod"}
2025-12-01 03:30:19 store_script.php - 55743 crm - 30571295 cdekid - 10011353606 trackNum_amoId - 417631 {"order_id":"55743","cdeck_id":"10011353606","crm":"30571295","order_status":"cod"}
2025-12-01 03:30:19 request.php - https://vivaherb.amocrm.ru/api/v4/leads/30571295 PATCH 400  {"errors":{"30571295":"Lead not found"},"title":"Bad Request","type":"https://httpstatus.es/400","status":400,"detail":"Invalid request body"}
2025-12-01 03:30:19 request.php - https://vivaherb.amocrm.ru/api/v4/leads/30571295 PATCH 400  {"errors":{"30571295":"Lead not found"},"title":"Bad Request","type":"https://httpstatus.es/400","status":400,"detail":"Invalid request body"}
2025-12-01 03:30:20 store_script.php - 55743 crm - 30571295 END []
2025-12-01 03:30:20 store_script.php - 56020 crm - 30580597 cdekid - 10012192492 {"order_id":"56020","cdeck_id":"10012192492","crm":"30580597","order_status":"intellectmoney"}
2025-12-01 03:30:20 store_script.php - 56020 crm - 30580597 cdekid - 10012192492 trackNum_amoId - 417631 {"order_id":"56020","cdeck_id":"10012192492","crm":"30580597","order_status":"intellectmoney"}
2025-12-01 03:30:20 request.php - https://vivaherb.amocrm.ru/api/v4/leads/30580597 PATCH 400  {"errors":{"30580597":"Lead not found"},"title":"Bad Request","type":"https://httpstatus.es/400","status":400,"detail":"Invalid request body"}
2025-12-01 03:30:20 store_script.php - 56020 crm - 30580597 END []
2025-12-01 03:30:20 store_script.php - 58805 crm - 30699429 cdekid - 10024732090 {"order_id":"58805","cdeck_id":"10024732090","crm":"30699429","order_status":"yookassa_widget"}
2025-12-01 03:30:20 store_script.php - 58805 crm - 30699429 cdekid - 10024732090 trackNum_amoId - 417631 {"order_id":"58805","cdeck_id":"10024732090","crm":"30699429","order_status":"yookassa_widget"}
2025-12-01 03:30:21 request.php - https://vivaherb.amocrm.ru/api/v4/leads/30699429 PATCH 400  {"errors":{"30699429":"Lead not found"},"title":"Bad Request","type":"https://httpstatus.es/400","status":400,"detail":"Invalid request body"}
2025-12-01 03:30:21 store_script.php - 58805 crm - 30699429 END []
2025-12-01 03:30:21 store_script.php - 58825 crm - 30700377 cdekid - 10024878326 {"order_id":"58825","cdeck_id":"10024878326","crm":"30700377","order_status":"yookassa_widget"}
2025-12-01 03:30:21 store_script.php - 58825 crm - 30700377 cdekid - 10024878326 trackNum_amoId - 417631 {"order_id":"58825","cdeck_id":"10024878326","crm":"30700377","order_status":"yookassa_widget"}
2025-12-01 03:30:21 request.php - https://vivaherb.amocrm.ru/api/v4/leads/30700377 PATCH 400  {"errors":{"30700377":"Lead not found"},"title":"Bad Request","type":"https://httpstatus.es/400","status":400,"detail":"Invalid request body"}
2025-12-01 03:30:22 store_script.php - 58825 crm - 30700377 END []
2025-12-01 03:30:22 store_script.php - 58891 crm - 30702185 cdekid - 10025084375 {"order_id":"58891","cdeck_id":"10025084375","crm":"30702185","order_status":"yookassa_widget"}
2025-12-01 03:30:22 store_script.php - 58891 crm - 30702185 cdekid - 10025084375 trackNum_amoId - 417631 {"order_id":"58891","cdeck_id":"10025084375","crm":"30702185","order_status":"yookassa_widget"}
2025-12-01 03:30:22 request.php - https://vivaherb.amocrm.ru/api/v4/leads/30702185 PATCH 400  {"errors":{"30702185":"Lead not found"},"title":"Bad Request","type":"https://httpstatus.es/400","status":400,"detail":"Invalid request body"}
2025-12-01 03:30:22 store_script.php - 58891 crm - 30702185 END []
2025-12-01 03:30:22 store_script.php - 59176 crm - 30706013 cdekid - 10025584176 {"order_id":"59176","cdeck_id":"10025584176","crm":"30706013","order_status":"yookassa_widget"}
2025-12-01 03:30:22 store_script.php - 59176 crm - 30706013 cdekid - 10025584176 trackNum_amoId - 417631 {"order_id":"59176","cdeck_id":"10025584176","crm":"30706013","order_status":"yookassa_widget"}
2025-12-01 03:30:23 request.php - https://vivaherb.amocrm.ru/api/v4/leads/30706013 PATCH 400  {"errors":{"30706013":"Lead not found"},"title":"Bad Request","type":"https://httpstatus.es/400","status":400,"detail":"Invalid request body"}
2025-12-01 03:30:23 store_script.php - 59176 crm - 30706013 END []
2025-12-01 03:30:23 store_script.php - 59181 crm - 30706069 cdekid - 10025587928 {"order_id":"59181","cdeck_id":"10025587928","crm":"30706069","order_status":"yookassa_widget"}
2025-12-01 03:30:23 store_script.php - 59181 crm - 30706069 cdekid - 10025587928 trackNum_amoId - 417631 {"order_id":"59181","cdeck_id":"10025587928","crm":"30706069","order_status":"yookassa_widget"}
2025-12-01 03:30:23 request.php - https://vivaherb.amocrm.ru/api/v4/leads/30706069 PATCH 400  {"errors":{"30706069":"Lead not found"},"title":"Bad Request","type":"https://httpstatus.es/400","status":400,"detail":"Invalid request body"}
2025-12-01 03:30:24 store_script.php - 59181 crm - 30706069 END []
2025-12-01 03:30:24 store_script.php - 59187 crm - 30706147 cdekid - 10025595773 {"order_id":"59187","cdeck_id":"10025595773","crm":"30706147","order_status":"yookassa_widget"}
2025-12-01 03:30:24 store_script.php - 59187 crm - 30706147 cdekid - 10025595773 trackNum_amoId - 417631 {"order_id":"59187","cdeck_id":"10025595773","crm":"30706147","order_status":"yookassa_widget"}
2025-12-01 03:30:24 request.php - https://vivaherb.amocrm.ru/api/v4/leads/30706147 PATCH 400  {"errors":{"30706147":"Lead not found"},"title":"Bad Request","type":"https://httpstatus.es/400","status":400,"detail":"Invalid request body"}
2025-12-01 03:30:24 store_script.php - 59187 crm - 30706147 END []
2025-12-01 03:30:24 store_script.php - 59188 crm - 30706175 cdekid - 10025597779 {"order_id":"59188","cdeck_id":"10025597779","crm":"30706175","order_status":"yookassa_widget"}
2025-12-01 03:30:24 store_script.php - 59188 crm - 30706175 cdekid - 10025597779 trackNum_amoId - 417631 {"order_id":"59188","cdeck_id":"10025597779","crm":"30706175","order_status":"yookassa_widget"}
2025-12-01 03:30:25 request.php - https://vivaherb.amocrm.ru/api/v4/leads/30706175 PATCH 400  {"errors":{"30706175":"Lead not found"},"title":"Bad Request","type":"https://httpstatus.es/400","status":400,"detail":"Invalid request body"}
2025-12-01 03:30:25 store_script.php - 59188 crm - 30706175 END []
2025-12-01 03:30:25 store_script.php - 61931 crm - 30957731 cdekid - 10044840842 {"order_id":"61931","cdeck_id":"10044840842","crm":"30957731","order_status":"yookassa_widget"}
2025-12-01 03:30:25 store_script.php - 61931 crm - 30957731 cdekid - 10044840842 trackNum_amoId - 417631 {"order_id":"61931","cdeck_id":"10044840842","crm":"30957731","order_status":"yookassa_widget"}
2025-12-01 03:30:26 request.php - https://vivaherb.amocrm.ru/api/v4/leads/30957731 PATCH 400  {"errors":{"30957731":"Lead not found"},"title":"Bad Request","type":"https://httpstatus.es/400","status":400,"detail":"Invalid request body"}
2025-12-01 03:30:26 store_script.php - 61931 crm - 30957731 END []
2025-12-01 03:30:27 store_script.php - 64064 crm - 31115305 cdekid - 10067371813 {"order_id":"64064","cdeck_id":"10067371813","crm":"31115305","order_status":"yookassa_widget"}
2025-12-01 03:30:27 store_script.php - 64064 crm - 31115305 cdekid - 10067371813 trackNum_amoId - 417631 {"order_id":"64064","cdeck_id":"10067371813","crm":"31115305","order_status":"yookassa_widget"}
2025-12-01 03:30:27 request.php - https://vivaherb.amocrm.ru/api/v4/leads/31115305 PATCH 400  {"errors":{"31115305":"Lead not found"},"title":"Bad Request","type":"https://httpstatus.es/400","status":400,"detail":"Invalid request body"}
2025-12-01 03:30:27 store_script.php - 64064 crm - 31115305 END []
2025-12-01 03:30:27 store_script.php - 64110 crm - 31117287 cdekid - 10067760566 {"order_id":"64110","cdeck_id":"10067760566","crm":"31117287","order_status":"yookassa_widget"}
2025-12-01 03:30:27 store_script.php - 64110 crm - 31117287 cdekid - 10067760566 trackNum_amoId - 417631 {"order_id":"64110","cdeck_id":"10067760566","crm":"31117287","order_status":"yookassa_widget"}
2025-12-01 03:30:28 request.php - https://vivaherb.amocrm.ru/api/v4/leads/31117287 PATCH 400  {"errors":{"31117287":"Lead not found"},"title":"Bad Request","type":"https://httpstatus.es/400","status":400,"detail":"Invalid request body"}
2025-12-01 03:30:28 store_script.php - 64110 crm - 31117287 END []
2025-12-01 03:30:28 store_script.php - 64904 crm - 31188065 cdekid - 10075009440 {"order_id":"64904","cdeck_id":"10075009440","crm":"31188065","order_status":"yookassa_widget"}
2025-12-01 03:30:28 store_script.php - 64904 crm - 31188065 cdekid - 10075009440 trackNum_amoId - 417631 {"order_id":"64904","cdeck_id":"10075009440","crm":"31188065","order_status":"yookassa_widget"}
2025-12-01 03:30:28 request.php - https://vivaherb.amocrm.ru/api/v4/leads/31188065 PATCH 400  {"errors":{"31188065":"Lead not found"},"title":"Bad Request","type":"https://httpstatus.es/400","status":400,"detail":"Invalid request body"}
2025-12-01 03:30:28 store_script.php - 64904 crm - 31188065 END []
2025-12-01 03:30:29 store_script.php - 66655 crm - 31331987 cdekid - 10093681196 {"order_id":"66655","cdeck_id":"10093681196","crm":"31331987","order_status":"yookassa_widget"}
2025-12-01 03:30:29 store_script.php - 66655 crm - 31331987 cdekid - 10093681196 trackNum_amoId - 417631 {"order_id":"66655","cdeck_id":"10093681196","crm":"31331987","order_status":"yookassa_widget"}
2025-12-01 03:30:29 request.php - https://vivaherb.amocrm.ru/api/v4/leads/31331987 PATCH 400  {"errors":{"31331987":"Lead not found"},"title":"Bad Request","type":"https://httpstatus.es/400","status":400,"detail":"Invalid request body"}
2025-12-01 03:30:29 store_script.php - 66655 crm - 31331987 END []
2025-12-01 03:30:30 store_script.php - 66657 crm - 31332069 cdekid - 10093687362 {"order_id":"66657","cdeck_id":"10093687362","crm":"31332069","order_status":"yookassa_widget"}
2025-12-01 03:30:30 store_script.php - 66657 crm - 31332069 cdekid - 10093687362 trackNum_amoId - 417631 {"order_id":"66657","cdeck_id":"10093687362","crm":"31332069","order_status":"yookassa_widget"}
2025-12-01 03:30:30 request.php - https://vivaherb.amocrm.ru/api/v4/leads/31332069 PATCH 400  {"errors":{"31332069":"Lead not found"},"title":"Bad Request","type":"https://httpstatus.es/400","status":400,"detail":"Invalid request body"}
2025-12-01 03:30:30 store_script.php - 66657 crm - 31332069 END []
2025-12-01 03:30:30 store_script.php - 66765 crm - 31341715 cdekid - 10095118494 {"order_id":"66765","cdeck_id":"10095118494","crm":"31341715","order_status":"cod"}
2025-12-01 03:30:30 store_script.php - 66765 crm - 31341715 cdekid - 10095118494 trackNum_amoId - 417631 {"order_id":"66765","cdeck_id":"10095118494","crm":"31341715","order_status":"cod"}
2025-12-01 03:30:31 request.php - https://vivaherb.amocrm.ru/api/v4/leads/31341715 PATCH 400  {"errors":{"31341715":"Lead not found"},"title":"Bad Request","type":"https://httpstatus.es/400","status":400,"detail":"Invalid request body"}
2025-12-01 03:30:31 request.php - https://vivaherb.amocrm.ru/api/v4/leads/31341715 PATCH 400  {"errors":{"31341715":"Lead not found"},"title":"Bad Request","type":"https://httpstatus.es/400","status":400,"detail":"Invalid request body"}
2025-12-01 03:30:31 store_script.php - 66765 crm - 31341715 END []
2025-12-01 03:30:31 store_script.php - 67842 crm - 31420031 cdekid - 10105128997 {"order_id":"67842","cdeck_id":"10105128997","crm":"31420031","order_status":"yookassa_widget"}
2025-12-01 03:30:31 store_script.php - 67842 crm - 31420031 cdekid - 10105128997 trackNum_amoId - 417631 {"order_id":"67842","cdeck_id":"10105128997","crm":"31420031","order_status":"yookassa_widget"}
2025-12-01 03:30:32 request.php - https://vivaherb.amocrm.ru/api/v4/leads/31420031 PATCH 400  {"errors":{"31420031":"Lead not found"},"title":"Bad Request","type":"https://httpstatus.es/400","status":400,"detail":"Invalid request body"}
2025-12-01 03:30:32 store_script.php - 67842 crm - 31420031 END []
2025-12-01 03:30:40 store_script.php - 70672 crm - 31684629 cdekid - 10137210974 {"order_id":"70672","cdeck_id":"10137210974","crm":"31684629","order_status":"yookassa_widget"}
2025-12-01 03:30:40 store_script.php - 70672 crm - 31684629 cdekid - 10137210974 trackNum_amoId - 417631 {"order_id":"70672","cdeck_id":"10137210974","crm":"31684629","order_status":"yookassa_widget"}
2025-12-01 03:30:41 request.php - https://vivaherb.amocrm.ru/api/v4/leads/31684629 PATCH 400  {"errors":{"31684629":"Lead not found"},"title":"Bad Request","type":"https://httpstatus.es/400","status":400,"detail":"Invalid request body"}
2025-12-01 03:30:41 store_script.php - 70672 crm - 31684629 END []
2025-12-01 03:30:46 store_script.php - 73935 crm - 31945623 cdekid - 10170059138 {"order_id":"73935","cdeck_id":"10170059138","crm":"31945623","order_status":"intellectmoney"}
2025-12-01 03:30:46 store_script.php - 73935 crm - 31945623 cdekid - 10170059138 trackNum_amoId - 417631 {"order_id":"73935","cdeck_id":"10170059138","crm":"31945623","order_status":"intellectmoney"}
2025-12-01 03:30:46 request.php - https://vivaherb.amocrm.ru/api/v4/leads/31945623 PATCH 400  {"errors":{"31945623":"Lead not found"},"title":"Bad Request","type":"https://httpstatus.es/400","status":400,"detail":"Invalid request body"}
2025-12-01 03:30:46 store_script.php - 73935 crm - 31945623 END []
2025-12-01 03:30:54 store_script.php - 76898 crm - 32081809 cdekid - 10192709836 {"order_id":"76898","cdeck_id":"10192709836","crm":"32081809","order_status":"intellectmoney"}
2025-12-01 03:30:54 store_script.php - 76898 crm - 32081809 cdekid - 10192709836 trackNum_amoId - 417631 {"order_id":"76898","cdeck_id":"10192709836","crm":"32081809","order_status":"intellectmoney"}
2025-12-01 03:30:55 store_script.php - 76898 crm - 32081809 get_oreder {"meta":{"href":"https://api.moysklad.ru/api/remap/1.2/entity/customerorder/676e0034-ce15-11f0-0a80-1403008a159a","metadataHref":"https://api.moysklad.ru/api/remap/1.2/entity/customerorder/metadata","type":"customerorder","mediaType":"application/json","uuidHref":"https://online.moysklad.ru/app/#customerorder/edit?id=676e0034-ce15-11f0-0a80-1403008a159a"},"id":"676e0034-ce15-11f0-0a80-1403008a159a","accountId":"dc992fd7-e243-
2025-12-01 03:30:55 store_script.php - 76898 crm - 32081809 END []
2025-12-01 03:30:55 store_script.php - 76902 crm - 32081909 cdekid - 10192726003 {"order_id":"76902","cdeck_id":"10192726003","crm":"32081909","order_status":"intellectmoney"}
2025-12-01 03:30:55 store_script.php - 76902 crm - 32081909 cdekid - 10192726003 trackNum_amoId - 417631 {"order_id":"76902","cdeck_id":"10192726003","crm":"32081909","order_status":"intellectmoney"}
2025-12-01 03:30:56 store_script.php - 76902 crm - 32081909 get_oreder {"meta":{"href":"https://api.moysklad.ru/api/remap/1.2/entity/customerorder/647843a9-ce21-11f0-0a80-1c54008c7315","metadataHref":"https://api.moysklad.ru/api/remap/1.2/entity/customerorder/metadata","type":"customerorder","mediaType":"application/json","uuidHref":"https://online.moysklad.ru/app/#customerorder/edit?id=647843a9-ce21-11f0-0a80-1c54008c7315"},"id":"647843a9-ce21-11f0-0a80-1c54008c7315","accountId":"dc992fd7-e243-
2025-12-01 03:30:56 store_script.php - 76902 crm - 32081909 END []
2025-12-01 03:30:57 store_script.php - 76904 crm - 32081941 cdekid - 10192729990 {"order_id":"76904","cdeck_id":"10192729990","crm":"32081941","order_status":"intellectmoney"}
2025-12-01 03:30:57 store_script.php - 76904 crm - 32081941 cdekid - 10192729990 trackNum_amoId - 417631 {"order_id":"76904","cdeck_id":"10192729990","crm":"32081941","order_status":"intellectmoney"}
2025-12-01 03:30:57 store_script.php - 76904 crm - 32081941 get_oreder {"meta":{"href":"https://api.moysklad.ru/api/remap/1.2/entity/customerorder/be0c78a2-ce24-11f0-0a80-1635008bede2","metadataHref":"https://api.moysklad.ru/api/remap/1.2/entity/customerorder/metadata","type":"customerorder","mediaType":"application/json","uuidHref":"https://online.moysklad.ru/app/#customerorder/edit?id=be0c78a2-ce24-11f0-0a80-1635008bede2"},"id":"be0c78a2-ce24-11f0-0a80-1635008bede2","accountId":"dc992fd7-e243-
2025-12-01 03:30:58 store_script.php - 76904 crm - 32081941 END []
2025-12-01 03:30:58 store_script.php - 76906 crm - 32081983 cdekid - 10192742325 {"order_id":"76906","cdeck_id":"10192742325","crm":"32081983","order_status":"intellectmoney"}
2025-12-01 03:30:58 store_script.php - 76906 crm - 32081983 cdekid - 10192742325 trackNum_amoId - 417631 {"order_id":"76906","cdeck_id":"10192742325","crm":"32081983","order_status":"intellectmoney"}
2025-12-01 03:30:59 store_script.php - 76906 crm - 32081983 get_oreder {"meta":{"href":"https://api.moysklad.ru/api/remap/1.2/entity/customerorder/3a81f8e6-ce30-11f0-0a80-015500907793","metadataHref":"https://api.moysklad.ru/api/remap/1.2/entity/customerorder/metadata","type":"customerorder","mediaType":"application/json","uuidHref":"https://online.moysklad.ru/app/#customerorder/edit?id=3a81f8e6-ce30-11f0-0a80-015500907793"},"id":"3a81f8e6-ce30-11f0-0a80-015500907793","accountId":"dc992fd7-e243-
2025-12-01 03:30:59 store_script.php - 76906 crm - 32081983 END []
2025-12-01 04:30:38 store_script.php - 30509 crm - 27215649 cdekid - 1378035246 {"order_id":"30509","cdeck_id":"1378035246","crm":"27215649","order_status":"cod"}
2025-12-01 04:30:38 store_script.php - 30509 crm - 27215649 cdekid - 1378035246 trackNum_amoId - 417631 {"order_id":"30509","cdeck_id":"1378035246","crm":"27215649","order_status":"cod"}
2025-12-01 04:30:38 request.php - https://vivaherb.amocrm.ru/api/v4/leads/27215649 PATCH 400  {"errors":{"27215649":"Lead not found"},"title":"Bad Request","type":"https://httpstatus.es/400","status":400,"detail":"Invalid request body"}
2025-12-01 04:30:39 request.php - https://vivaherb.amocrm.ru/api/v4/leads/27215649 PATCH 400  {"errors":{"27215649":"Lead not found"},"title":"Bad Request","type":"https://httpstatus.es/400","status":400,"detail":"Invalid request body"}
2025-12-01 04:30:39 store_script.php - 30509 crm - 27215649 END []
2025-12-01 04:30:39 store_script.php - 30980 crm - 27451493 cdekid - 1384831846 {"order_id":"30980","cdeck_id":"1384831846","crm":"27451493","order_status":"yookassa_widget"}
2025-12-01 04:30:39 store_script.php - 30980 crm - 27451493 cdekid - 1384831846 trackNum_amoId - 417631 {"order_id":"30980","cdeck_id":"1384831846","crm":"27451493","order_status":"yookassa_widget"}
2025-12-01 04:30:40 request.php - https://vivaherb.amocrm.ru/api/v4/leads/27451493 PATCH 400  {"errors":{"27451493":"Lead not found"},"title":"Bad Request","type":"https://httpstatus.es/400","status":400,"detail":"Invalid request body"}
2025-12-01 04:30:40 store_script.php - 30980 crm - 27451493 END []
2025-12-01 04:30:40 store_script.php - 31159 crm - 27523369 cdekid - 1388417736 {"order_id":"31159","cdeck_id":"1388417736","crm":"27523369","order_status":"yookassa_widget"}
2025-12-01 04:30:40 store_script.php - 31159 crm - 27523369 cdekid - 1388417736 trackNum_amoId - 417631 {"order_id":"31159","cdeck_id":"1388417736","crm":"27523369","order_status":"yookassa_widget"}
2025-12-01 04:30:40 request.php - https://vivaherb.amocrm.ru/api/v4/leads/27523369 PATCH 400  {"errors":{"27523369":"Lead not found"},"title":"Bad Request","type":"https://httpstatus.es/400","status":400,"detail":"Invalid request body"}
2025-12-01 04:30:40 store_script.php - 31159 crm - 27523369 END []
2025-12-01 04:30:41 store_script.php - 31689 crm - 27678093 cdekid - 1394658580 {"order_id":"31689","cdeck_id":"1394658580","crm":"27678093","order_status":"cod"}
2025-12-01 04:30:41 store_script.php - 31689 crm - 27678093 cdekid - 1394658580 trackNum_amoId - 417631 {"order_id":"31689","cdeck_id":"1394658580","crm":"27678093","order_status":"cod"}
2025-12-01 04:30:41 request.php - https://vivaherb.amocrm.ru/api/v4/leads/27678093 PATCH 400  {"errors":{"27678093":"Lead not found"},"title":"Bad Request","type":"https://httpstatus.es/400","status":400,"detail":"Invalid request body"}
2025-12-01 04:30:41 request.php - https://vivaherb.amocrm.ru/api/v4/leads/27678093 PATCH 400  {"errors":{"27678093":"Lead not found"},"title":"Bad Request","type":"https://httpstatus.es/400","status":400,"detail":"Invalid request body"}
2025-12-01 04:30:41 store_script.php - 31689 crm - 27678093 END []
2025-12-01 04:30:41 store_script.php - 32666 crm - 28043619 cdekid - 1407999796 {"order_id":"32666","cdeck_id":"1407999796","crm":"28043619","order_status":"yookassa_widget"}
2025-12-01 04:30:41 store_script.php - 32666 crm - 28043619 cdekid - 1407999796 trackNum_amoId - 417631 {"order_id":"32666","cdeck_id":"1407999796","crm":"28043619","order_status":"yookassa_widget"}
2025-12-01 04:30:42 request.php - https://vivaherb.amocrm.ru/api/v4/leads/28043619 PATCH 400  {"errors":{"28043619":"Lead not found"},"title":"Bad Request","type":"https://httpstatus.es/400","status":400,"detail":"Invalid request body"}
2025-12-01 04:30:42 store_script.php - 32666 crm - 28043619 END []
2025-12-01 04:30:42 store_script.php - 35382 crm - 28949539 cdekid - 1440454117 {"order_id":"35382","cdeck_id":"1440454117","crm":"28949539","order_status":"yookassa_widget"}
2025-12-01 04:30:42 store_script.php - 35382 crm - 28949539 cdekid - 1440454117 trackNum_amoId - 417631 {"order_id":"35382","cdeck_id":"1440454117","crm":"28949539","order_status":"yookassa_widget"}
2025-12-01 04:30:42 request.php - https://vivaherb.amocrm.ru/api/v4/leads/28949539 PATCH 400  {"errors":{"28949539":"Lead not found"},"title":"Bad Request","type":"https://httpstatus.es/400","status":400,"detail":"Invalid request body"}
2025-12-01 04:30:42 store_script.php - 35382 crm - 28949539 END []
2025-12-01 04:30:43 store_script.php - 36740 crm - 29177633 cdekid - 1450621353 {"order_id":"36740","cdeck_id":"1450621353","crm":"29177633","order_status":"yookassa_widget"}
2025-12-01 04:30:43 store_script.php - 36740 crm - 29177633 cdekid - 1450621353 trackNum_amoId - 417631 {"order_id":"36740","cdeck_id":"1450621353","crm":"29177633","order_status":"yookassa_widget"}
2025-12-01 04:30:43 request.php - https://vivaherb.amocrm.ru/api/v4/leads/29177633 PATCH 400  {"errors":{"29177633":"Lead not found"},"title":"Bad Request","type":"https://httpstatus.es/400","status":400,"detail":"Invalid request body"}
2025-12-01 04:30:43 store_script.php - 36740 crm - 29177633 END []
2025-12-01 04:30:43 store_script.php - 43426 crm - 29759963 cdekid - 1492618495 {"order_id":"43426","cdeck_id":"1492618495","crm":"29759963","order_status":"cod"}
2025-12-01 04:30:43 store_script.php - 43426 crm - 29759963 cdekid - 1492618495 trackNum_amoId - 417631 {"order_id":"43426","cdeck_id":"1492618495","crm":"29759963","order_status":"cod"}
2025-12-01 04:30:43 request.php - https://vivaherb.amocrm.ru/api/v4/leads/29759963 PATCH 400  {"errors":{"29759963":"Lead not found"},"title":"Bad Request","type":"https://httpstatus.es/400","status":400,"detail":"Invalid request body"}
2025-12-01 04:30:44 request.php - https://vivaherb.amocrm.ru/api/v4/leads/29759963 PATCH 400  {"errors":{"29759963":"Lead not found"},"title":"Bad Request","type":"https://httpstatus.es/400","status":400,"detail":"Invalid request body"}
2025-12-01 04:30:44 store_script.php - 43426 crm - 29759963 END []
2025-12-01 04:30:44 store_script.php - 55743 crm - 30571295 cdekid - 10011353606 {"order_id":"55743","cdeck_id":"10011353606","crm":"30571295","order_status":"cod"}
2025-12-01 04:30:44 store_script.php - 55743 crm - 30571295 cdekid - 10011353606 trackNum_amoId - 417631 {"order_id":"55743","cdeck_id":"10011353606","crm":"30571295","order_status":"cod"}
2025-12-01 04:30:44 request.php - https://vivaherb.amocrm.ru/api/v4/leads/30571295 PATCH 400  {"errors":{"30571295":"Lead not found"},"title":"Bad Request","type":"https://httpstatus.es/400","status":400,"detail":"Invalid request body"}
2025-12-01 04:30:44 request.php - https://vivaherb.amocrm.ru/api/v4/leads/30571295 PATCH 400  {"errors":{"30571295":"Lead not found"},"title":"Bad Request","type":"https://httpstatus.es/400","status":400,"detail":"Invalid request body"}
2025-12-01 04:30:45 store_script.php - 55743 crm - 30571295 END []
2025-12-01 04:30:45 store_script.php - 56020 crm - 30580597 cdekid - 10012192492 {"order_id":"56020","cdeck_id":"10012192492","crm":"30580597","order_status":"intellectmoney"}
2025-12-01 04:30:45 store_script.php - 56020 crm - 30580597 cdekid - 10012192492 trackNum_amoId - 417631 {"order_id":"56020","cdeck_id":"10012192492","crm":"30580597","order_status":"intellectmoney"}
2025-12-01 04:30:45 request.php - https://vivaherb.amocrm.ru/api/v4/leads/30580597 PATCH 400  {"errors":{"30580597":"Lead not found"},"title":"Bad Request","type":"https://httpstatus.es/400","status":400,"detail":"Invalid request body"}
2025-12-01 04:30:45 store_script.php - 56020 crm - 30580597 END []
2025-12-01 04:30:45 store_script.php - 58805 crm - 30699429 cdekid - 10024732090 {"order_id":"58805","cdeck_id":"10024732090","crm":"30699429","order_status":"yookassa_widget"}
2025-12-01 04:30:45 store_script.php - 58805 crm - 30699429 cdekid - 10024732090 trackNum_amoId - 417631 {"order_id":"58805","cdeck_id":"10024732090","crm":"30699429","order_status":"yookassa_widget"}
2025-12-01 04:30:46 request.php - https://vivaherb.amocrm.ru/api/v4/leads/30699429 PATCH 400  {"errors":{"30699429":"Lead not found"},"title":"Bad Request","type":"https://httpstatus.es/400","status":400,"detail":"Invalid request body"}
2025-12-01 04:30:46 store_script.php - 58805 crm - 30699429 END []
2025-12-01 04:30:46 store_script.php - 58825 crm - 30700377 cdekid - 10024878326 {"order_id":"58825","cdeck_id":"10024878326","crm":"30700377","order_status":"yookassa_widget"}
2025-12-01 04:30:46 store_script.php - 58825 crm - 30700377 cdekid - 10024878326 trackNum_amoId - 417631 {"order_id":"58825","cdeck_id":"10024878326","crm":"30700377","order_status":"yookassa_widget"}
2025-12-01 04:30:46 request.php - https://vivaherb.amocrm.ru/api/v4/leads/30700377 PATCH 400  {"errors":{"30700377":"Lead not found"},"title":"Bad Request","type":"https://httpstatus.es/400","status":400,"detail":"Invalid request body"}
2025-12-01 04:30:47 store_script.php - 58825 crm - 30700377 END []
2025-12-01 04:30:47 store_script.php - 58891 crm - 30702185 cdekid - 10025084375 {"order_id":"58891","cdeck_id":"10025084375","crm":"30702185","order_status":"yookassa_widget"}
2025-12-01 04:30:47 store_script.php - 58891 crm - 30702185 cdekid - 10025084375 trackNum_amoId - 417631 {"order_id":"58891","cdeck_id":"10025084375","crm":"30702185","order_status":"yookassa_widget"}
2025-12-01 04:30:47 request.php - https://vivaherb.amocrm.ru/api/v4/leads/30702185 PATCH 400  {"errors":{"30702185":"Lead not found"},"title":"Bad Request","type":"https://httpstatus.es/400","status":400,"detail":"Invalid request body"}
2025-12-01 04:30:47 store_script.php - 58891 crm - 30702185 END []
2025-12-01 04:30:47 store_script.php - 59176 crm - 30706013 cdekid - 10025584176 {"order_id":"59176","cdeck_id":"10025584176","crm":"30706013","order_status":"yookassa_widget"}
2025-12-01 04:30:47 store_script.php - 59176 crm - 30706013 cdekid - 10025584176 trackNum_amoId - 417631 {"order_id":"59176","cdeck_id":"10025584176","crm":"30706013","order_status":"yookassa_widget"}
2025-12-01 04:30:47 request.php - https://vivaherb.amocrm.ru/api/v4/leads/30706013 PATCH 400  {"errors":{"30706013":"Lead not found"},"title":"Bad Request","type":"https://httpstatus.es/400","status":400,"detail":"Invalid request body"}
2025-12-01 04:30:48 store_script.php - 59176 crm - 30706013 END []
2025-12-01 04:30:48 store_script.php - 59181 crm - 30706069 cdekid - 10025587928 {"order_id":"59181","cdeck_id":"10025587928","crm":"30706069","order_status":"yookassa_widget"}
2025-12-01 04:30:48 store_script.php - 59181 crm - 30706069 cdekid - 10025587928 trackNum_amoId - 417631 {"order_id":"59181","cdeck_id":"10025587928","crm":"30706069","order_status":"yookassa_widget"}
2025-12-01 04:30:48 request.php - https://vivaherb.amocrm.ru/api/v4/leads/30706069 PATCH 400  {"errors":{"30706069":"Lead not found"},"title":"Bad Request","type":"https://httpstatus.es/400","status":400,"detail":"Invalid request body"}
2025-12-01 04:30:48 store_script.php - 59181 crm - 30706069 END []
2025-12-01 04:30:48 store_script.php - 59187 crm - 30706147 cdekid - 10025595773 {"order_id":"59187","cdeck_id":"10025595773","crm":"30706147","order_status":"yookassa_widget"}
2025-12-01 04:30:48 store_script.php - 59187 crm - 30706147 cdekid - 10025595773 trackNum_amoId - 417631 {"order_id":"59187","cdeck_id":"10025595773","crm":"30706147","order_status":"yookassa_widget"}
2025-12-01 04:30:49 request.php - https://vivaherb.amocrm.ru/api/v4/leads/30706147 PATCH 400  {"errors":{"30706147":"Lead not found"},"title":"Bad Request","type":"https://httpstatus.es/400","status":400,"detail":"Invalid request body"}
2025-12-01 04:30:49 store_script.php - 59187 crm - 30706147 END []
2025-12-01 04:30:49 store_script.php - 59188 crm - 30706175 cdekid - 10025597779 {"order_id":"59188","cdeck_id":"10025597779","crm":"30706175","order_status":"yookassa_widget"}
2025-12-01 04:30:49 store_script.php - 59188 crm - 30706175 cdekid - 10025597779 trackNum_amoId - 417631 {"order_id":"59188","cdeck_id":"10025597779","crm":"30706175","order_status":"yookassa_widget"}
2025-12-01 04:30:49 request.php - https://vivaherb.amocrm.ru/api/v4/leads/30706175 PATCH 400  {"errors":{"30706175":"Lead not found"},"title":"Bad Request","type":"https://httpstatus.es/400","status":400,"detail":"Invalid request body"}
2025-12-01 04:30:49 store_script.php - 59188 crm - 30706175 END []
2025-12-01 04:30:50 store_script.php - 61931 crm - 30957731 cdekid - 10044840842 {"order_id":"61931","cdeck_id":"10044840842","crm":"30957731","order_status":"yookassa_widget"}
2025-12-01 04:30:50 store_script.php - 61931 crm - 30957731 cdekid - 10044840842 trackNum_amoId - 417631 {"order_id":"61931","cdeck_id":"10044840842","crm":"30957731","order_status":"yookassa_widget"}
2025-12-01 04:30:50 request.php - https://vivaherb.amocrm.ru/api/v4/leads/30957731 PATCH 400  {"errors":{"30957731":"Lead not found"},"title":"Bad Request","type":"https://httpstatus.es/400","status":400,"detail":"Invalid request body"}
2025-12-01 04:30:51 store_script.php - 61931 crm - 30957731 END []
2025-12-01 04:30:52 store_script.php - 64064 crm - 31115305 cdekid - 10067371813 {"order_id":"64064","cdeck_id":"10067371813","crm":"31115305","order_status":"yookassa_widget"}
2025-12-01 04:30:52 store_script.php - 64064 crm - 31115305 cdekid - 10067371813 trackNum_amoId - 417631 {"order_id":"64064","cdeck_id":"10067371813","crm":"31115305","order_status":"yookassa_widget"}
2025-12-01 04:30:52 request.php - https://vivaherb.amocrm.ru/api/v4/leads/31115305 PATCH 400  {"errors":{"31115305":"Lead not found"},"title":"Bad Request","type":"https://httpstatus.es/400","status":400,"detail":"Invalid request body"}
2025-12-01 04:30:52 store_script.php - 64064 crm - 31115305 END []
2025-12-01 04:30:52 store_script.php - 64110 crm - 31117287 cdekid - 10067760566 {"order_id":"64110","cdeck_id":"10067760566","crm":"31117287","order_status":"yookassa_widget"}
2025-12-01 04:30:52 store_script.php - 64110 crm - 31117287 cdekid - 10067760566 trackNum_amoId - 417631 {"order_id":"64110","cdeck_id":"10067760566","crm":"31117287","order_status":"yookassa_widget"}
2025-12-01 04:30:52 request.php - https://vivaherb.amocrm.ru/api/v4/leads/31117287 PATCH 400  {"errors":{"31117287":"Lead not found"},"title":"Bad Request","type":"https://httpstatus.es/400","status":400,"detail":"Invalid request body"}
2025-12-01 04:30:52 store_script.php - 64110 crm - 31117287 END []
2025-12-01 04:30:53 store_script.php - 64904 crm - 31188065 cdekid - 10075009440 {"order_id":"64904","cdeck_id":"10075009440","crm":"31188065","order_status":"yookassa_widget"}
2025-12-01 04:30:53 store_script.php - 64904 crm - 31188065 cdekid - 10075009440 trackNum_amoId - 417631 {"order_id":"64904","cdeck_id":"10075009440","crm":"31188065","order_status":"yookassa_widget"}
2025-12-01 04:30:53 request.php - https://vivaherb.amocrm.ru/api/v4/leads/31188065 PATCH 400  {"errors":{"31188065":"Lead not found"},"title":"Bad Request","type":"https://httpstatus.es/400","status":400,"detail":"Invalid request body"}
2025-12-01 04:30:53 store_script.php - 64904 crm - 31188065 END []
2025-12-01 04:30:54 store_script.php - 66655 crm - 31331987 cdekid - 10093681196 {"order_id":"66655","cdeck_id":"10093681196","crm":"31331987","order_status":"yookassa_widget"}
2025-12-01 04:30:54 store_script.php - 66655 crm - 31331987 cdekid - 10093681196 trackNum_amoId - 417631 {"order_id":"66655","cdeck_id":"10093681196","crm":"31331987","order_status":"yookassa_widget"}
2025-12-01 04:30:54 request.php - https://vivaherb.amocrm.ru/api/v4/leads/31331987 PATCH 400  {"errors":{"31331987":"Lead not found"},"title":"Bad Request","type":"https://httpstatus.es/400","status":400,"detail":"Invalid request body"}
2025-12-01 04:30:54 store_script.php - 66655 crm - 31331987 END []
2025-12-01 04:30:54 store_script.php - 66657 crm - 31332069 cdekid - 10093687362 {"order_id":"66657","cdeck_id":"10093687362","crm":"31332069","order_status":"yookassa_widget"}
2025-12-01 04:30:54 store_script.php - 66657 crm - 31332069 cdekid - 10093687362 trackNum_amoId - 417631 {"order_id":"66657","cdeck_id":"10093687362","crm":"31332069","order_status":"yookassa_widget"}
2025-12-01 04:30:55 request.php - https://vivaherb.amocrm.ru/api/v4/leads/31332069 PATCH 400  {"errors":{"31332069":"Lead not found"},"title":"Bad Request","type":"https://httpstatus.es/400","status":400,"detail":"Invalid request body"}
2025-12-01 04:30:55 store_script.php - 66657 crm - 31332069 END []
2025-12-01 04:30:55 store_script.php - 66765 crm - 31341715 cdekid - 10095118494 {"order_id":"66765","cdeck_id":"10095118494","crm":"31341715","order_status":"cod"}
2025-12-01 04:30:55 store_script.php - 66765 crm - 31341715 cdekid - 10095118494 trackNum_amoId - 417631 {"order_id":"66765","cdeck_id":"10095118494","crm":"31341715","order_status":"cod"}
2025-12-01 04:30:55 request.php - https://vivaherb.amocrm.ru/api/v4/leads/31341715 PATCH 400  {"errors":{"31341715":"Lead not found"},"title":"Bad Request","type":"https://httpstatus.es/400","status":400,"detail":"Invalid request body"}
2025-12-01 04:30:56 request.php - https://vivaherb.amocrm.ru/api/v4/leads/31341715 PATCH 400  {"errors":{"31341715":"Lead not found"},"title":"Bad Request","type":"https://httpstatus.es/400","status":400,"detail":"Invalid request body"}
2025-12-01 04:30:56 store_script.php - 66765 crm - 31341715 END []
2025-12-01 04:30:56 store_script.php - 67842 crm - 31420031 cdekid - 10105128997 {"order_id":"67842","cdeck_id":"10105128997","crm":"31420031","order_status":"yookassa_widget"}
2025-12-01 04:30:56 store_script.php - 67842 crm - 31420031 cdekid - 10105128997 trackNum_amoId - 417631 {"order_id":"67842","cdeck_id":"10105128997","crm":"31420031","order_status":"yookassa_widget"}
2025-12-01 04:30:57 request.php - https://vivaherb.amocrm.ru/api/v4/leads/31420031 PATCH 400  {"errors":{"31420031":"Lead not found"},"title":"Bad Request","type":"https://httpstatus.es/400","status":400,"detail":"Invalid request body"}
2025-12-01 04:30:57 store_script.php - 67842 crm - 31420031 END []
2025-12-01 04:31:06 store_script.php - 70672 crm - 31684629 cdekid - 10137210974 {"order_id":"70672","cdeck_id":"10137210974","crm":"31684629","order_status":"yookassa_widget"}
2025-12-01 04:31:06 store_script.php - 70672 crm - 31684629 cdekid - 10137210974 trackNum_amoId - 417631 {"order_id":"70672","cdeck_id":"10137210974","crm":"31684629","order_status":"yookassa_widget"}
2025-12-01 04:31:06 request.php - https://vivaherb.amocrm.ru/api/v4/leads/31684629 PATCH 400  {"errors":{"31684629":"Lead not found"},"title":"Bad Request","type":"https://httpstatus.es/400","status":400,"detail":"Invalid request body"}
2025-12-01 04:31:06 store_script.php - 70672 crm - 31684629 END []
2025-12-01 04:31:11 store_script.php - 73935 crm - 31945623 cdekid - 10170059138 {"order_id":"73935","cdeck_id":"10170059138","crm":"31945623","order_status":"intellectmoney"}
2025-12-01 04:31:11 store_script.php - 73935 crm - 31945623 cdekid - 10170059138 trackNum_amoId - 417631 {"order_id":"73935","cdeck_id":"10170059138","crm":"31945623","order_status":"intellectmoney"}
2025-12-01 04:31:11 request.php - https://vivaherb.amocrm.ru/api/v4/leads/31945623 PATCH 400  {"errors":{"31945623":"Lead not found"},"title":"Bad Request","type":"https://httpstatus.es/400","status":400,"detail":"Invalid request body"}
2025-12-01 04:31:12 store_script.php - 73935 crm - 31945623 END []
2025-12-01 04:31:19 store_script.php - 76898 crm - 32081809 cdekid - 10192709836 {"order_id":"76898","cdeck_id":"10192709836","crm":"32081809","order_status":"intellectmoney"}
2025-12-01 04:31:19 store_script.php - 76898 crm - 32081809 cdekid - 10192709836 trackNum_amoId - 417631 {"order_id":"76898","cdeck_id":"10192709836","crm":"32081809","order_status":"intellectmoney"}
2025-12-01 04:31:20 store_script.php - 76898 crm - 32081809 get_oreder {"meta":{"href":"https://api.moysklad.ru/api/remap/1.2/entity/customerorder/676e0034-ce15-11f0-0a80-1403008a159a","metadataHref":"https://api.moysklad.ru/api/remap/1.2/entity/customerorder/metadata","type":"customerorder","mediaType":"application/json","uuidHref":"https://online.moysklad.ru/app/#customerorder/edit?id=676e0034-ce15-11f0-0a80-1403008a159a"},"id":"676e0034-ce15-11f0-0a80-1403008a159a","accountId":"dc992fd7-e243-
2025-12-01 04:31:21 store_script.php - 76898 crm - 32081809 END []
2025-12-01 04:31:21 store_script.php - 76902 crm - 32081909 cdekid - 10192726003 {"order_id":"76902","cdeck_id":"10192726003","crm":"32081909","order_status":"intellectmoney"}
2025-12-01 04:31:21 store_script.php - 76902 crm - 32081909 cdekid - 10192726003 trackNum_amoId - 417631 {"order_id":"76902","cdeck_id":"10192726003","crm":"32081909","order_status":"intellectmoney"}
2025-12-01 04:31:21 store_script.php - 76902 crm - 32081909 get_oreder {"meta":{"href":"https://api.moysklad.ru/api/remap/1.2/entity/customerorder/647843a9-ce21-11f0-0a80-1c54008c7315","metadataHref":"https://api.moysklad.ru/api/remap/1.2/entity/customerorder/metadata","type":"customerorder","mediaType":"application/json","uuidHref":"https://online.moysklad.ru/app/#customerorder/edit?id=647843a9-ce21-11f0-0a80-1c54008c7315"},"id":"647843a9-ce21-11f0-0a80-1c54008c7315","accountId":"dc992fd7-e243-
2025-12-01 04:31:22 store_script.php - 76902 crm - 32081909 END []
2025-12-01 04:31:22 store_script.php - 76904 crm - 32081941 cdekid - 10192729990 {"order_id":"76904","cdeck_id":"10192729990","crm":"32081941","order_status":"intellectmoney"}
2025-12-01 04:31:22 store_script.php - 76904 crm - 32081941 cdekid - 10192729990 trackNum_amoId - 417631 {"order_id":"76904","cdeck_id":"10192729990","crm":"32081941","order_status":"intellectmoney"}
2025-12-01 04:31:23 store_script.php - 76904 crm - 32081941 get_oreder {"meta":{"href":"https://api.moysklad.ru/api/remap/1.2/entity/customerorder/be0c78a2-ce24-11f0-0a80-1635008bede2","metadataHref":"https://api.moysklad.ru/api/remap/1.2/entity/customerorder/metadata","type":"customerorder","mediaType":"application/json","uuidHref":"https://online.moysklad.ru/app/#customerorder/edit?id=be0c78a2-ce24-11f0-0a80-1635008bede2"},"id":"be0c78a2-ce24-11f0-0a80-1635008bede2","accountId":"dc992fd7-e243-
2025-12-01 04:31:23 store_script.php - 76904 crm - 32081941 END []
2025-12-01 04:31:23 store_script.php - 76906 crm - 32081983 cdekid - 10192742325 {"order_id":"76906","cdeck_id":"10192742325","crm":"32081983","order_status":"intellectmoney"}
2025-12-01 04:31:23 store_script.php - 76906 crm - 32081983 cdekid - 10192742325 trackNum_amoId - 417631 {"order_id":"76906","cdeck_id":"10192742325","crm":"32081983","order_status":"intellectmoney"}
2025-12-01 04:31:24 store_script.php - 76906 crm - 32081983 get_oreder {"meta":{"href":"https://api.moysklad.ru/api/remap/1.2/entity/customerorder/3a81f8e6-ce30-11f0-0a80-015500907793","metadataHref":"https://api.moysklad.ru/api/remap/1.2/entity/customerorder/metadata","type":"customerorder","mediaType":"application/json","uuidHref":"https://online.moysklad.ru/app/#customerorder/edit?id=3a81f8e6-ce30-11f0-0a80-015500907793"},"id":"3a81f8e6-ce30-11f0-0a80-015500907793","accountId":"dc992fd7-e243-
2025-12-01 04:31:24 store_script.php - 76906 crm - 32081983 END []
2025-12-01 05:30:00 store_script.php - 30509 crm - 27215649 cdekid - 1378035246 {"order_id":"30509","cdeck_id":"1378035246","crm":"27215649","order_status":"cod"}
2025-12-01 05:30:00 store_script.php - 30509 crm - 27215649 cdekid - 1378035246 trackNum_amoId - 417631 {"order_id":"30509","cdeck_id":"1378035246","crm":"27215649","order_status":"cod"}
2025-12-01 05:30:00 request.php - https://vivaherb.amocrm.ru/api/v4/leads/27215649 PATCH 400  {"errors":{"27215649":"Lead not found"},"title":"Bad Request","type":"https://httpstatus.es/400","status":400,"detail":"Invalid request body"}
2025-12-01 05:30:00 request.php - https://vivaherb.amocrm.ru/api/v4/leads/27215649 PATCH 400  {"errors":{"27215649":"Lead not found"},"title":"Bad Request","type":"https://httpstatus.es/400","status":400,"detail":"Invalid request body"}
2025-12-01 05:30:01 store_script.php - 30509 crm - 27215649 END []
2025-12-01 05:30:01 store_script.php - 30980 crm - 27451493 cdekid - 1384831846 {"order_id":"30980","cdeck_id":"1384831846","crm":"27451493","order_status":"yookassa_widget"}
2025-12-01 05:30:01 store_script.php - 30980 crm - 27451493 cdekid - 1384831846 trackNum_amoId - 417631 {"order_id":"30980","cdeck_id":"1384831846","crm":"27451493","order_status":"yookassa_widget"}
2025-12-01 05:30:01 request.php - https://vivaherb.amocrm.ru/api/v4/leads/27451493 PATCH 400  {"errors":{"27451493":"Lead not found"},"title":"Bad Request","type":"https://httpstatus.es/400","status":400,"detail":"Invalid request body"}
2025-12-01 05:30:02 store_script.php - 30980 crm - 27451493 END []
2025-12-01 05:30:02 store_script.php - 31159 crm - 27523369 cdekid - 1388417736 {"order_id":"31159","cdeck_id":"1388417736","crm":"27523369","order_status":"yookassa_widget"}
2025-12-01 05:30:02 store_script.php - 31159 crm - 27523369 cdekid - 1388417736 trackNum_amoId - 417631 {"order_id":"31159","cdeck_id":"1388417736","crm":"27523369","order_status":"yookassa_widget"}
2025-12-01 05:30:02 request.php - https://vivaherb.amocrm.ru/api/v4/leads/27523369 PATCH 400  {"errors":{"27523369":"Lead not found"},"title":"Bad Request","type":"https://httpstatus.es/400","status":400,"detail":"Invalid request body"}
2025-12-01 05:30:03 store_script.php - 31159 crm - 27523369 END []
2025-12-01 05:30:03 store_script.php - 31689 crm - 27678093 cdekid - 1394658580 {"order_id":"31689","cdeck_id":"1394658580","crm":"27678093","order_status":"cod"}
2025-12-01 05:30:03 store_script.php - 31689 crm - 27678093 cdekid - 1394658580 trackNum_amoId - 417631 {"order_id":"31689","cdeck_id":"1394658580","crm":"27678093","order_status":"cod"}
2025-12-01 05:30:04 request.php - https://vivaherb.amocrm.ru/api/v4/leads/27678093 PATCH 400  {"errors":{"27678093":"Lead not found"},"title":"Bad Request","type":"https://httpstatus.es/400","status":400,"detail":"Invalid request body"}
2025-12-01 05:30:04 request.php - https://vivaherb.amocrm.ru/api/v4/leads/27678093 PATCH 400  {"errors":{"27678093":"Lead not found"},"title":"Bad Request","type":"https://httpstatus.es/400","status":400,"detail":"Invalid request body"}
2025-12-01 05:30:05 store_script.php - 31689 crm - 27678093 END []
2025-12-01 05:30:05 store_script.php - 32666 crm - 28043619 cdekid - 1407999796 {"order_id":"32666","cdeck_id":"1407999796","crm":"28043619","order_status":"yookassa_widget"}
2025-12-01 05:30:05 store_script.php - 32666 crm - 28043619 cdekid - 1407999796 trackNum_amoId - 417631 {"order_id":"32666","cdeck_id":"1407999796","crm":"28043619","order_status":"yookassa_widget"}
2025-12-01 05:30:06 request.php - https://vivaherb.amocrm.ru/api/v4/leads/28043619 PATCH 400  {"errors":{"28043619":"Lead not found"},"title":"Bad Request","type":"https://httpstatus.es/400","status":400,"detail":"Invalid request body"}
2025-12-01 05:30:07 store_script.php - 32666 crm - 28043619 END []
2025-12-01 05:30:07 store_script.php - 35382 crm - 28949539 cdekid - 1440454117 {"order_id":"35382","cdeck_id":"1440454117","crm":"28949539","order_status":"yookassa_widget"}
2025-12-01 05:30:07 store_script.php - 35382 crm - 28949539 cdekid - 1440454117 trackNum_amoId - 417631 {"order_id":"35382","cdeck_id":"1440454117","crm":"28949539","order_status":"yookassa_widget"}
2025-12-01 05:30:08 request.php - https://vivaherb.amocrm.ru/api/v4/leads/28949539 PATCH 400  {"errors":{"28949539":"Lead not found"},"title":"Bad Request","type":"https://httpstatus.es/400","status":400,"detail":"Invalid request body"}
2025-12-01 05:30:09 store_script.php - 35382 crm - 28949539 END []
2025-12-01 05:30:09 store_script.php - 36740 crm - 29177633 cdekid - 1450621353 {"order_id":"36740","cdeck_id":"1450621353","crm":"29177633","order_status":"yookassa_widget"}
2025-12-01 05:30:09 store_script.php - 36740 crm - 29177633 cdekid - 1450621353 trackNum_amoId - 417631 {"order_id":"36740","cdeck_id":"1450621353","crm":"29177633","order_status":"yookassa_widget"}
2025-12-01 05:30:09 request.php - https://vivaherb.amocrm.ru/api/v4/leads/29177633 PATCH 400  {"errors":{"29177633":"Lead not found"},"title":"Bad Request","type":"https://httpstatus.es/400","status":400,"detail":"Invalid request body"}
2025-12-01 05:30:10 store_script.php - 36740 crm - 29177633 END []
2025-12-01 05:30:10 store_script.php - 43426 crm - 29759963 cdekid - 1492618495 {"order_id":"43426","cdeck_id":"1492618495","crm":"29759963","order_status":"cod"}
2025-12-01 05:30:10 store_script.php - 43426 crm - 29759963 cdekid - 1492618495 trackNum_amoId - 417631 {"order_id":"43426","cdeck_id":"1492618495","crm":"29759963","order_status":"cod"}
2025-12-01 05:30:10 request.php - https://vivaherb.amocrm.ru/api/v4/leads/29759963 PATCH 400  {"errors":{"29759963":"Lead not found"},"title":"Bad Request","type":"https://httpstatus.es/400","status":400,"detail":"Invalid request body"}
2025-12-01 05:30:11 request.php - https://vivaherb.amocrm.ru/api/v4/leads/29759963 PATCH 400  {"errors":{"29759963":"Lead not found"},"title":"Bad Request","type":"https://httpstatus.es/400","status":400,"detail":"Invalid request body"}
2025-12-01 05:30:11 store_script.php - 43426 crm - 29759963 END []
2025-12-01 05:30:11 store_script.php - 55743 crm - 30571295 cdekid - 10011353606 {"order_id":"55743","cdeck_id":"10011353606","crm":"30571295","order_status":"cod"}
2025-12-01 05:30:11 store_script.php - 55743 crm - 30571295 cdekid - 10011353606 trackNum_amoId - 417631 {"order_id":"55743","cdeck_id":"10011353606","crm":"30571295","order_status":"cod"}
2025-12-01 05:30:12 request.php - https://vivaherb.amocrm.ru/api/v4/leads/30571295 PATCH 400  {"errors":{"30571295":"Lead not found"},"title":"Bad Request","type":"https://httpstatus.es/400","status":400,"detail":"Invalid request body"}
2025-12-01 05:30:12 request.php - https://vivaherb.amocrm.ru/api/v4/leads/30571295 PATCH 400  {"errors":{"30571295":"Lead not found"},"title":"Bad Request","type":"https://httpstatus.es/400","status":400,"detail":"Invalid request body"}
2025-12-01 05:30:12 store_script.php - 55743 crm - 30571295 END []
2025-12-01 05:30:12 store_script.php - 56020 crm - 30580597 cdekid - 10012192492 {"order_id":"56020","cdeck_id":"10012192492","crm":"30580597","order_status":"intellectmoney"}
2025-12-01 05:30:12 store_script.php - 56020 crm - 30580597 cdekid - 10012192492 trackNum_amoId - 417631 {"order_id":"56020","cdeck_id":"10012192492","crm":"30580597","order_status":"intellectmoney"}
2025-12-01 05:30:13 request.php - https://vivaherb.amocrm.ru/api/v4/leads/30580597 PATCH 400  {"errors":{"30580597":"Lead not found"},"title":"Bad Request","type":"https://httpstatus.es/400","status":400,"detail":"Invalid request body"}
2025-12-01 05:30:13 store_script.php - 56020 crm - 30580597 END []
2025-12-01 05:30:13 store_script.php - 58805 crm - 30699429 cdekid - 10024732090 {"order_id":"58805","cdeck_id":"10024732090","crm":"30699429","order_status":"yookassa_widget"}
2025-12-01 05:30:13 store_script.php - 58805 crm - 30699429 cdekid - 10024732090 trackNum_amoId - 417631 {"order_id":"58805","cdeck_id":"10024732090","crm":"30699429","order_status":"yookassa_widget"}
2025-12-01 05:30:13 request.php - https://vivaherb.amocrm.ru/api/v4/leads/30699429 PATCH 400  {"errors":{"30699429":"Lead not found"},"title":"Bad Request","type":"https://httpstatus.es/400","status":400,"detail":"Invalid request body"}
2025-12-01 05:30:14 store_script.php - 58805 crm - 30699429 END []
2025-12-01 05:30:14 store_script.php - 58825 crm - 30700377 cdekid - 10024878326 {"order_id":"58825","cdeck_id":"10024878326","crm":"30700377","order_status":"yookassa_widget"}
2025-12-01 05:30:14 store_script.php - 58825 crm - 30700377 cdekid - 10024878326 trackNum_amoId - 417631 {"order_id":"58825","cdeck_id":"10024878326","crm":"30700377","order_status":"yookassa_widget"}
2025-12-01 05:30:14 request.php - https://vivaherb.amocrm.ru/api/v4/leads/30700377 PATCH 400  {"errors":{"30700377":"Lead not found"},"title":"Bad Request","type":"https://httpstatus.es/400","status":400,"detail":"Invalid request body"}
2025-12-01 05:30:15 store_script.php - 58825 crm - 30700377 END []
2025-12-01 05:30:15 store_script.php - 58891 crm - 30702185 cdekid - 10025084375 {"order_id":"58891","cdeck_id":"10025084375","crm":"30702185","order_status":"yookassa_widget"}
2025-12-01 05:30:15 store_script.php - 58891 crm - 30702185 cdekid - 10025084375 trackNum_amoId - 417631 {"order_id":"58891","cdeck_id":"10025084375","crm":"30702185","order_status":"yookassa_widget"}
2025-12-01 05:30:15 request.php - https://vivaherb.amocrm.ru/api/v4/leads/30702185 PATCH 400  {"errors":{"30702185":"Lead not found"},"title":"Bad Request","type":"https://httpstatus.es/400","status":400,"detail":"Invalid request body"}
2025-12-01 05:30:15 store_script.php - 58891 crm - 30702185 END []
2025-12-01 05:30:15 store_script.php - 59176 crm - 30706013 cdekid - 10025584176 {"order_id":"59176","cdeck_id":"10025584176","crm":"30706013","order_status":"yookassa_widget"}
2025-12-01 05:30:15 store_script.php - 59176 crm - 30706013 cdekid - 10025584176 trackNum_amoId - 417631 {"order_id":"59176","cdeck_id":"10025584176","crm":"30706013","order_status":"yookassa_widget"}
2025-12-01 05:30:15 request.php - https://vivaherb.amocrm.ru/api/v4/leads/30706013 PATCH 400  {"errors":{"30706013":"Lead not found"},"title":"Bad Request","type":"https://httpstatus.es/400","status":400,"detail":"Invalid request body"}
2025-12-01 05:30:16 store_script.php - 59176 crm - 30706013 END []
2025-12-01 05:30:16 store_script.php - 59181 crm - 30706069 cdekid - 10025587928 {"order_id":"59181","cdeck_id":"10025587928","crm":"30706069","order_status":"yookassa_widget"}
2025-12-01 05:30:16 store_script.php - 59181 crm - 30706069 cdekid - 10025587928 trackNum_amoId - 417631 {"order_id":"59181","cdeck_id":"10025587928","crm":"30706069","order_status":"yookassa_widget"}
2025-12-01 05:30:16 request.php - https://vivaherb.amocrm.ru/api/v4/leads/30706069 PATCH 400  {"errors":{"30706069":"Lead not found"},"title":"Bad Request","type":"https://httpstatus.es/400","status":400,"detail":"Invalid request body"}
2025-12-01 05:30:16 store_script.php - 59181 crm - 30706069 END []
2025-12-01 05:30:16 store_script.php - 59187 crm - 30706147 cdekid - 10025595773 {"order_id":"59187","cdeck_id":"10025595773","crm":"30706147","order_status":"yookassa_widget"}
2025-12-01 05:30:16 store_script.php - 59187 crm - 30706147 cdekid - 10025595773 trackNum_amoId - 417631 {"order_id":"59187","cdeck_id":"10025595773","crm":"30706147","order_status":"yookassa_widget"}
2025-12-01 05:30:17 request.php - https://vivaherb.amocrm.ru/api/v4/leads/30706147 PATCH 400  {"errors":{"30706147":"Lead not found"},"title":"Bad Request","type":"https://httpstatus.es/400","status":400,"detail":"Invalid request body"}
2025-12-01 05:30:17 store_script.php - 59187 crm - 30706147 END []
2025-12-01 05:30:17 store_script.php - 59188 crm - 30706175 cdekid - 10025597779 {"order_id":"59188","cdeck_id":"10025597779","crm":"30706175","order_status":"yookassa_widget"}
2025-12-01 05:30:17 store_script.php - 59188 crm - 30706175 cdekid - 10025597779 trackNum_amoId - 417631 {"order_id":"59188","cdeck_id":"10025597779","crm":"30706175","order_status":"yookassa_widget"}
2025-12-01 05:30:18 request.php - https://vivaherb.amocrm.ru/api/v4/leads/30706175 PATCH 400  {"errors":{"30706175":"Lead not found"},"title":"Bad Request","type":"https://httpstatus.es/400","status":400,"detail":"Invalid request body"}
2025-12-01 05:30:18 store_script.php - 59188 crm - 30706175 END []
2025-12-01 05:30:18 store_script.php - 61931 crm - 30957731 cdekid - 10044840842 {"order_id":"61931","cdeck_id":"10044840842","crm":"30957731","order_status":"yookassa_widget"}
2025-12-01 05:30:18 store_script.php - 61931 crm - 30957731 cdekid - 10044840842 trackNum_amoId - 417631 {"order_id":"61931","cdeck_id":"10044840842","crm":"30957731","order_status":"yookassa_widget"}
2025-12-01 05:30:19 request.php - https://vivaherb.amocrm.ru/api/v4/leads/30957731 PATCH 400  {"errors":{"30957731":"Lead not found"},"title":"Bad Request","type":"https://httpstatus.es/400","status":400,"detail":"Invalid request body"}
2025-12-01 05:30:19 store_script.php - 61931 crm - 30957731 END []
2025-12-01 05:30:20 store_script.php - 64064 crm - 31115305 cdekid - 10067371813 {"order_id":"64064","cdeck_id":"10067371813","crm":"31115305","order_status":"yookassa_widget"}
2025-12-01 05:30:20 store_script.php - 64064 crm - 31115305 cdekid - 10067371813 trackNum_amoId - 417631 {"order_id":"64064","cdeck_id":"10067371813","crm":"31115305","order_status":"yookassa_widget"}
2025-12-01 05:30:20 request.php - https://vivaherb.amocrm.ru/api/v4/leads/31115305 PATCH 400  {"errors":{"31115305":"Lead not found"},"title":"Bad Request","type":"https://httpstatus.es/400","status":400,"detail":"Invalid request body"}
2025-12-01 05:30:20 store_script.php - 64064 crm - 31115305 END []
2025-12-01 05:30:20 store_script.php - 64110 crm - 31117287 cdekid - 10067760566 {"order_id":"64110","cdeck_id":"10067760566","crm":"31117287","order_status":"yookassa_widget"}
2025-12-01 05:30:20 store_script.php - 64110 crm - 31117287 cdekid - 10067760566 trackNum_amoId - 417631 {"order_id":"64110","cdeck_id":"10067760566","crm":"31117287","order_status":"yookassa_widget"}
2025-12-01 05:30:21 request.php - https://vivaherb.amocrm.ru/api/v4/leads/31117287 PATCH 400  {"errors":{"31117287":"Lead not found"},"title":"Bad Request","type":"https://httpstatus.es/400","status":400,"detail":"Invalid request body"}
2025-12-01 05:30:21 store_script.php - 64110 crm - 31117287 END []
2025-12-01 05:30:21 store_script.php - 64904 crm - 31188065 cdekid - 10075009440 {"order_id":"64904","cdeck_id":"10075009440","crm":"31188065","order_status":"yookassa_widget"}
2025-12-01 05:30:21 store_script.php - 64904 crm - 31188065 cdekid - 10075009440 trackNum_amoId - 417631 {"order_id":"64904","cdeck_id":"10075009440","crm":"31188065","order_status":"yookassa_widget"}
2025-12-01 05:30:21 request.php - https://vivaherb.amocrm.ru/api/v4/leads/31188065 PATCH 400  {"errors":{"31188065":"Lead not found"},"title":"Bad Request","type":"https://httpstatus.es/400","status":400,"detail":"Invalid request body"}
2025-12-01 05:30:22 store_script.php - 64904 crm - 31188065 END []
2025-12-01 05:30:22 store_script.php - 66655 crm - 31331987 cdekid - 10093681196 {"order_id":"66655","cdeck_id":"10093681196","crm":"31331987","order_status":"yookassa_widget"}
2025-12-01 05:30:22 store_script.php - 66655 crm - 31331987 cdekid - 10093681196 trackNum_amoId - 417631 {"order_id":"66655","cdeck_id":"10093681196","crm":"31331987","order_status":"yookassa_widget"}
2025-12-01 05:30:22 request.php - https://vivaherb.amocrm.ru/api/v4/leads/31331987 PATCH 400  {"errors":{"31331987":"Lead not found"},"title":"Bad Request","type":"https://httpstatus.es/400","status":400,"detail":"Invalid request body"}
2025-12-01 05:30:23 store_script.php - 66655 crm - 31331987 END []
2025-12-01 05:30:23 store_script.php - 66657 crm - 31332069 cdekid - 10093687362 {"order_id":"66657","cdeck_id":"10093687362","crm":"31332069","order_status":"yookassa_widget"}
2025-12-01 05:30:23 store_script.php - 66657 crm - 31332069 cdekid - 10093687362 trackNum_amoId - 417631 {"order_id":"66657","cdeck_id":"10093687362","crm":"31332069","order_status":"yookassa_widget"}
2025-12-01 05:30:23 request.php - https://vivaherb.amocrm.ru/api/v4/leads/31332069 PATCH 400  {"errors":{"31332069":"Lead not found"},"title":"Bad Request","type":"https://httpstatus.es/400","status":400,"detail":"Invalid request body"}
2025-12-01 05:30:23 store_script.php - 66657 crm - 31332069 END []
2025-12-01 05:30:24 store_script.php - 66765 crm - 31341715 cdekid - 10095118494 {"order_id":"66765","cdeck_id":"10095118494","crm":"31341715","order_status":"cod"}
2025-12-01 05:30:24 store_script.php - 66765 crm - 31341715 cdekid - 10095118494 trackNum_amoId - 417631 {"order_id":"66765","cdeck_id":"10095118494","crm":"31341715","order_status":"cod"}
2025-12-01 05:30:24 request.php - https://vivaherb.amocrm.ru/api/v4/leads/31341715 PATCH 400  {"errors":{"31341715":"Lead not found"},"title":"Bad Request","type":"https://httpstatus.es/400","status":400,"detail":"Invalid request body"}
2025-12-01 05:30:24 request.php - https://vivaherb.amocrm.ru/api/v4/leads/31341715 PATCH 400  {"errors":{"31341715":"Lead not found"},"title":"Bad Request","type":"https://httpstatus.es/400","status":400,"detail":"Invalid request body"}
2025-12-01 05:30:24 store_script.php - 66765 crm - 31341715 END []
2025-12-01 05:30:24 store_script.php - 67842 crm - 31420031 cdekid - 10105128997 {"order_id":"67842","cdeck_id":"10105128997","crm":"31420031","order_status":"yookassa_widget"}
2025-12-01 05:30:24 store_script.php - 67842 crm - 31420031 cdekid - 10105128997 trackNum_amoId - 417631 {"order_id":"67842","cdeck_id":"10105128997","crm":"31420031","order_status":"yookassa_widget"}
2025-12-01 05:30:25 request.php - https://vivaherb.amocrm.ru/api/v4/leads/31420031 PATCH 400  {"errors":{"31420031":"Lead not found"},"title":"Bad Request","type":"https://httpstatus.es/400","status":400,"detail":"Invalid request body"}
2025-12-01 05:30:25 store_script.php - 67842 crm - 31420031 END []
2025-12-01 05:30:34 store_script.php - 70672 crm - 31684629 cdekid - 10137210974 {"order_id":"70672","cdeck_id":"10137210974","crm":"31684629","order_status":"yookassa_widget"}
2025-12-01 05:30:34 store_script.php - 70672 crm - 31684629 cdekid - 10137210974 trackNum_amoId - 417631 {"order_id":"70672","cdeck_id":"10137210974","crm":"31684629","order_status":"yookassa_widget"}
2025-12-01 05:30:34 request.php - https://vivaherb.amocrm.ru/api/v4/leads/31684629 PATCH 400  {"errors":{"31684629":"Lead not found"},"title":"Bad Request","type":"https://httpstatus.es/400","status":400,"detail":"Invalid request body"}
2025-12-01 05:30:34 store_script.php - 70672 crm - 31684629 END []
2025-12-01 05:30:39 store_script.php - 73935 crm - 31945623 cdekid - 10170059138 {"order_id":"73935","cdeck_id":"10170059138","crm":"31945623","order_status":"intellectmoney"}
2025-12-01 05:30:39 store_script.php - 73935 crm - 31945623 cdekid - 10170059138 trackNum_amoId - 417631 {"order_id":"73935","cdeck_id":"10170059138","crm":"31945623","order_status":"intellectmoney"}
2025-12-01 05:30:39 request.php - https://vivaherb.amocrm.ru/api/v4/leads/31945623 PATCH 400  {"errors":{"31945623":"Lead not found"},"title":"Bad Request","type":"https://httpstatus.es/400","status":400,"detail":"Invalid request body"}
2025-12-01 05:30:40 store_script.php - 73935 crm - 31945623 END []
2025-12-01 05:30:47 store_script.php - 76898 crm - 32081809 cdekid - 10192709836 {"order_id":"76898","cdeck_id":"10192709836","crm":"32081809","order_status":"intellectmoney"}
2025-12-01 05:30:47 store_script.php - 76898 crm - 32081809 cdekid - 10192709836 trackNum_amoId - 417631 {"order_id":"76898","cdeck_id":"10192709836","crm":"32081809","order_status":"intellectmoney"}
2025-12-01 05:30:48 store_script.php - 76898 crm - 32081809 get_oreder {"meta":{"href":"https://api.moysklad.ru/api/remap/1.2/entity/customerorder/676e0034-ce15-11f0-0a80-1403008a159a","metadataHref":"https://api.moysklad.ru/api/remap/1.2/entity/customerorder/metadata","type":"customerorder","mediaType":"application/json","uuidHref":"https://online.moysklad.ru/app/#customerorder/edit?id=676e0034-ce15-11f0-0a80-1403008a159a"},"id":"676e0034-ce15-11f0-0a80-1403008a159a","accountId":"dc992fd7-e243-
2025-12-01 05:30:48 store_script.php - 76898 crm - 32081809 END []
2025-12-01 05:30:49 store_script.php - 76902 crm - 32081909 cdekid - 10192726003 {"order_id":"76902","cdeck_id":"10192726003","crm":"32081909","order_status":"intellectmoney"}
2025-12-01 05:30:49 store_script.php - 76902 crm - 32081909 cdekid - 10192726003 trackNum_amoId - 417631 {"order_id":"76902","cdeck_id":"10192726003","crm":"32081909","order_status":"intellectmoney"}
2025-12-01 05:30:49 store_script.php - 76902 crm - 32081909 get_oreder {"meta":{"href":"https://api.moysklad.ru/api/remap/1.2/entity/customerorder/647843a9-ce21-11f0-0a80-1c54008c7315","metadataHref":"https://api.moysklad.ru/api/remap/1.2/entity/customerorder/metadata","type":"customerorder","mediaType":"application/json","uuidHref":"https://online.moysklad.ru/app/#customerorder/edit?id=647843a9-ce21-11f0-0a80-1c54008c7315"},"id":"647843a9-ce21-11f0-0a80-1c54008c7315","accountId":"dc992fd7-e243-
2025-12-01 05:30:50 store_script.php - 76902 crm - 32081909 END []
2025-12-01 05:30:50 store_script.php - 76904 crm - 32081941 cdekid - 10192729990 {"order_id":"76904","cdeck_id":"10192729990","crm":"32081941","order_status":"intellectmoney"}
2025-12-01 05:30:50 store_script.php - 76904 crm - 32081941 cdekid - 10192729990 trackNum_amoId - 417631 {"order_id":"76904","cdeck_id":"10192729990","crm":"32081941","order_status":"intellectmoney"}
2025-12-01 05:30:51 store_script.php - 76904 crm - 32081941 get_oreder {"meta":{"href":"https://api.moysklad.ru/api/remap/1.2/entity/customerorder/be0c78a2-ce24-11f0-0a80-1635008bede2","metadataHref":"https://api.moysklad.ru/api/remap/1.2/entity/customerorder/metadata","type":"customerorder","mediaType":"application/json","uuidHref":"https://online.moysklad.ru/app/#customerorder/edit?id=be0c78a2-ce24-11f0-0a80-1635008bede2"},"id":"be0c78a2-ce24-11f0-0a80-1635008bede2","accountId":"dc992fd7-e243-
2025-12-01 05:30:51 store_script.php - 76904 crm - 32081941 END []
2025-12-01 05:30:51 store_script.php - 76906 crm - 32081983 cdekid - 10192742325 {"order_id":"76906","cdeck_id":"10192742325","crm":"32081983","order_status":"intellectmoney"}
2025-12-01 05:30:51 store_script.php - 76906 crm - 32081983 cdekid - 10192742325 trackNum_amoId - 417631 {"order_id":"76906","cdeck_id":"10192742325","crm":"32081983","order_status":"intellectmoney"}
2025-12-01 05:30:52 store_script.php - 76906 crm - 32081983 get_oreder {"meta":{"href":"https://api.moysklad.ru/api/remap/1.2/entity/customerorder/3a81f8e6-ce30-11f0-0a80-015500907793","metadataHref":"https://api.moysklad.ru/api/remap/1.2/entity/customerorder/metadata","type":"customerorder","mediaType":"application/json","uuidHref":"https://online.moysklad.ru/app/#customerorder/edit?id=3a81f8e6-ce30-11f0-0a80-015500907793"},"id":"3a81f8e6-ce30-11f0-0a80-015500907793","accountId":"dc992fd7-e243-
2025-12-01 05:30:53 store_script.php - 76906 crm - 32081983 END []
2025-12-01 06:10:49 store_script.php - 76914 crm - 32082051 cdekid - 10192776893 {"order_id":"76914","cdeck_id":"10192776893","crm":"32082051","order_status":"intellectmoney"}
2025-12-01 06:10:49 store_script.php - 76914 crm - 32082051 cdekid - 10192776893 trackNum_amoId - 417631 {"order_id":"76914","cdeck_id":"10192776893","crm":"32082051","order_status":"intellectmoney"}
2025-12-01 06:10:49 store_script.php - 76914 crm - 32082051 END []
2025-12-01 06:10:50 input data from webhook {"leads":{"status":[{"id":"32082051","status_id":"30471025","pipeline_id":"2139079","old_status_id":"30471022","old_pipeline_id":"2139079"}]},"account":{"id":"28662106","subdomain":"vivaherb"}}
2025-12-01 06:10:50 request to me https://vivaherb.ru/support/amo_mystore/scripts/amo_ms_export-order.php {"id":"32082051","status_id":"30471025"}
2025-12-01 06:10:50 input data from webhook {"id":"32082051","status_id":"30471025"}
2025-12-01 06:10:50 request to me id 32082051 "32082051"
2025-12-01 06:10:50 request to me successStatusArray Array ["30471025","44583808"]
2025-12-01 06:10:52 connect amo and myStore data "43910815"
2025-12-01 06:10:53 order data {"lead":{"id":32082051,"name":"Заказ VivaHerb от Александр Пинчук","price":5495,"responsible_user_id":8670562,"group_id":0,"status_id":30471025,"pipeline_id":2139079,"loss_reason_id":null,"created_by":0,"updated_by":0,"created_at":1764558534,"updated_at":1764558650,"closed_at":null,"closest_task_at":null,"is_deleted":false,"custom_fields_values":[{"field_id":164511,"field_name":"ORDER_ID","field_code":null,"field_type":"textarea","values":[{"v
2025-12-01 06:10:53 myStore product data {"context":{"employee":{"meta":{"href":"https://api.moysklad.ru/api/remap/1.2/context/employee","metadataHref":"https://api.moysklad.ru/api/remap/1.2/entity/employee/metadata","type":"employee","mediaType":"application/json"}}},"meta":{"href":"https://api.moysklad.ru/api/remap/1.2/entity/product?filter=article=4687202267422","type":"product","mediaType":"application/json","size":1,"limit":1000,"offset":0},"rows":[{"meta":{"href":"https://api.moysklad.ru/a
2025-12-01 06:10:53 myStore product data {"context":{"employee":{"meta":{"href":"https://api.moysklad.ru/api/remap/1.2/context/employee","metadataHref":"https://api.moysklad.ru/api/remap/1.2/entity/employee/metadata","type":"employee","mediaType":"application/json"}}},"meta":{"href":"https://api.moysklad.ru/api/remap/1.2/entity/product?filter=article=4670169198571","type":"product","mediaType":"application/json","size":1,"limit":1000,"offset":0},"rows":[{"meta":{"href":"https://api.moysklad.ru/a
2025-12-01 06:10:53 myStore product data {"context":{"employee":{"meta":{"href":"https://api.moysklad.ru/api/remap/1.2/context/employee","metadataHref":"https://api.moysklad.ru/api/remap/1.2/entity/employee/metadata","type":"employee","mediaType":"application/json"}}},"meta":{"href":"https://api.moysklad.ru/api/remap/1.2/entity/service?filter=code=4687203150879","type":"service","mediaType":"application/json","size":1,"limit":1000,"offset":0},"rows":[{"meta":{"href":"https://api.moysklad.ru/api/
2025-12-01 06:10:53 connect amo and myStore data "Розничный покупатель"
2025-12-01 06:10:54 find customer in myStore {"context":{"employee":{"meta":{"href":"https://api.moysklad.ru/api/remap/1.2/context/employee","metadataHref":"https://api.moysklad.ru/api/remap/1.2/entity/employee/metadata","type":"employee","mediaType":"application/json"}}},"meta":{"href":"https://api.moysklad.ru/api/remap/1.2/entity/counterparty?filter=name=%D0%A0%D0%BE%D0%B7%D0%BD%D0%B8%D1%87%D0%BD%D1%8B%D0%B9+%D0%BF%D0%BE%D0%BA%D1%83%D0%BF%D0%B0%D1%82%D0%B5%D0%BB%D1%8C","type":"counterparty","m
2025-12-01 06:10:54 connect amo and myStore data "https://vivaherb.amocrm.ru/leads/detail/32082051"
2025-12-01 06:10:54 connect amo and myStore data "32082051"
2025-12-01 06:10:54 connect amo and myStore data {"meta":{"href":"https://api.moysklad.ru/api/remap/1.2/entity/customentity/f3b26dbe-f323-11ed-0a80-079f0039c17d/1167751a-f324-11ed-0a80-02e0003ae084","metadataHref":"https://api.moysklad.ru/api/remap/1.2/context/companysettings/metadata/customEntities/f3b26dbe-f323-11ed-0a80-079f0039c17d","type":"customentity","mediaType":"application/json","uuidHref":"https://online.moysklad.ru/app/#custom_f3b26dbe-f323-11ed-0a80-079f0039c17d/edit?id=1167751a-f32
2025-12-01 06:10:54 connect amo and myStore data "Оплата через СБП"
2025-12-01 06:10:54 connect amo and myStore data "+79372430317"
2025-12-01 06:10:54 connect amo and myStore data {"postalCode":"412170","country":{"meta":{"href":"https://api.moysklad.ru/api/remap/1.2/entity/country/9df7c2c3-7782-4c5c-a8ed-1102af611608","metadataHref":"https://api.moysklad.ru/api/remap/1.2/entity/country/metadata","type":"country","mediaType":"application/json","uuidHref":"https://online.moysklad.ru/app/#country/edit?id=9df7c2c3-7782-4c5c-a8ed-1102af611608"},"id":"9df7c2c3-7782-4c5c-a8ed-1102af611608","updated":"2012-11-02 12:04:14.054","nam
2025-12-01 06:10:54 connect amo and myStore data "10192776893"
2025-12-01 06:10:54 connect amo and myStore data "0"
2025-12-01 06:10:54 connect amo and myStore data {"meta":{"href":"https://api.moysklad.ru/api/remap/1.2/entity/store/86afd9b6-f87d-11ed-0a80-0e2e002ec499","metadataHref":"https://api.moysklad.ru/api/remap/1.2/entity/store/metadata","type":"store","mediaType":"application/json","uuidHref":"https://online.moysklad.ru/app/#warehouse/edit?id=86afd9b6-f87d-11ed-0a80-0e2e002ec499"}}
2025-12-01 06:10:54 connect amo and myStore data {"meta":{"href":"https://api.moysklad.ru/api/remap/1.2/entity/project/5a0b3e18-e244-11ec-0a80-083900059d82","metadataHref":"https://api.moysklad.ru/api/remap/1.2/entity/project/metadata","type":"project","mediaType":"application/json","uuidHref":"https://online.moysklad.ru/app/#project/edit?id=5a0b3e18-e244-11ec-0a80-083900059d82"}}
2025-12-01 06:10:54 connect amo and myStore data "Александр Пинчук"
2025-12-01 06:10:54 data for order creation {"attributes":[{"meta":{"href":"https://api.moysklad.ru/api/remap/1.2/entity/customerorder/metadata/attributes/f35f3cd6-f8b8-11ed-0a80-026c003acc8d","type":"attributemetadata","mediaType":"application/json"},"value":"https://vivaherb.amocrm.ru/leads/detail/32082051"},{"meta":{"href":"https://api.moysklad.ru/api/remap/1.2/entity/customerorder/metadata/attributes/5d2b3641-f88c-11ed-0a80-030300324bbf","type":"attributemetadata","mediaType":"application/js
2025-12-01 06:10:54 positions for order creation [{"quantity":3,"price":134531.0117346939,"vat":5,"assortment":{"meta":{"href":"https://api.moysklad.ru/api/remap/1.2/entity/product/89586b2a-f6c9-11ec-0a80-027d0005d4c0","metadataHref":"https://api.moysklad.ru/api/remap/1.2/entity/product/metadata","type":"product","mediaType":"application/json","uuidHref":"https://online.moysklad.ru/app/#good/edit?id=895863bd-f6c9-11ec-0a80-027d0005d4be"}}},{"quantity":1,"price":111983.91479591838,"vat":5,"assort
2025-12-01 06:10:54 create new order {"meta":{"href":"https://api.moysklad.ru/api/remap/1.2/entity/customerorder/59610e4b-ce63-11f0-0a80-05570095a2a6","metadataHref":"https://api.moysklad.ru/api/remap/1.2/entity/customerorder/metadata","type":"customerorder","mediaType":"application/json","uuidHref":"https://online.moysklad.ru/app/#customerorder/edit?id=59610e4b-ce63-11f0-0a80-05570095a2a6"},"id":"59610e4b-ce63-11f0-0a80-05570095a2a6","accountId":"dc992fd7-e243-11ec-0a80-058e0000294e","owner":{"
2025-12-01 06:10:55 paymentInPrice 5495
2025-12-01 06:10:55 newPaymentIn {"meta":{"href":"https://api.moysklad.ru/api/remap/1.2/entity/paymentin/59ee2e48-ce63-11f0-0a80-00d20093378b","metadataHref":"https://api.moysklad.ru/api/remap/1.2/entity/paymentin/metadata","type":"paymentin","mediaType":"application/json","uuidHref":"https://online.moysklad.ru/app/#paymentin/edit?id=59ee2e48-ce63-11f0-0a80-00d20093378b"},"id":"59ee2e48-ce63-11f0-0a80-00d20093378b","accountId":"dc992fd7-e243-11ec-0a80-058e0000294e","owner":{"meta":{"href":"https
2025-12-01 06:10:55 OK ["OK"]
2025-12-01 06:30:16 store_script.php - 30509 crm - 27215649 cdekid - 1378035246 {"order_id":"30509","cdeck_id":"1378035246","crm":"27215649","order_status":"cod"}
2025-12-01 06:30:16 store_script.php - 30509 crm - 27215649 cdekid - 1378035246 trackNum_amoId - 417631 {"order_id":"30509","cdeck_id":"1378035246","crm":"27215649","order_status":"cod"}
2025-12-01 06:30:16 request.php - https://vivaherb.amocrm.ru/api/v4/leads/27215649 PATCH 400  {"errors":{"27215649":"Lead not found"},"title":"Bad Request","type":"https://httpstatus.es/400","status":400,"detail":"Invalid request body"}
2025-12-01 06:30:16 request.php - https://vivaherb.amocrm.ru/api/v4/leads/27215649 PATCH 400  {"errors":{"27215649":"Lead not found"},"title":"Bad Request","type":"https://httpstatus.es/400","status":400,"detail":"Invalid request body"}
2025-12-01 06:30:17 store_script.php - 30509 crm - 27215649 END []
2025-12-01 06:30:17 store_script.php - 30980 crm - 27451493 cdekid - 1384831846 {"order_id":"30980","cdeck_id":"1384831846","crm":"27451493","order_status":"yookassa_widget"}
2025-12-01 06:30:17 store_script.php - 30980 crm - 27451493 cdekid - 1384831846 trackNum_amoId - 417631 {"order_id":"30980","cdeck_id":"1384831846","crm":"27451493","order_status":"yookassa_widget"}
2025-12-01 06:30:17 request.php - https://vivaherb.amocrm.ru/api/v4/leads/27451493 PATCH 400  {"errors":{"27451493":"Lead not found"},"title":"Bad Request","type":"https://httpstatus.es/400","status":400,"detail":"Invalid request body"}
2025-12-01 06:30:17 store_script.php - 30980 crm - 27451493 END []
2025-12-01 06:30:18 store_script.php - 31159 crm - 27523369 cdekid - 1388417736 {"order_id":"31159","cdeck_id":"1388417736","crm":"27523369","order_status":"yookassa_widget"}
2025-12-01 06:30:18 store_script.php - 31159 crm - 27523369 cdekid - 1388417736 trackNum_amoId - 417631 {"order_id":"31159","cdeck_id":"1388417736","crm":"27523369","order_status":"yookassa_widget"}
2025-12-01 06:30:18 request.php - https://vivaherb.amocrm.ru/api/v4/leads/27523369 PATCH 400  {"errors":{"27523369":"Lead not found"},"title":"Bad Request","type":"https://httpstatus.es/400","status":400,"detail":"Invalid request body"}
2025-12-01 06:30:18 store_script.php - 31159 crm - 27523369 END []
2025-12-01 06:30:18 store_script.php - 31689 crm - 27678093 cdekid - 1394658580 {"order_id":"31689","cdeck_id":"1394658580","crm":"27678093","order_status":"cod"}
2025-12-01 06:30:18 store_script.php - 31689 crm - 27678093 cdekid - 1394658580 trackNum_amoId - 417631 {"order_id":"31689","cdeck_id":"1394658580","crm":"27678093","order_status":"cod"}
2025-12-01 06:30:19 request.php - https://vivaherb.amocrm.ru/api/v4/leads/27678093 PATCH 400  {"errors":{"27678093":"Lead not found"},"title":"Bad Request","type":"https://httpstatus.es/400","status":400,"detail":"Invalid request body"}
2025-12-01 06:30:19 request.php - https://vivaherb.amocrm.ru/api/v4/leads/27678093 PATCH 400  {"errors":{"27678093":"Lead not found"},"title":"Bad Request","type":"https://httpstatus.es/400","status":400,"detail":"Invalid request body"}
2025-12-01 06:30:19 store_script.php - 31689 crm - 27678093 END []
2025-12-01 06:30:19 store_script.php - 32666 crm - 28043619 cdekid - 1407999796 {"order_id":"32666","cdeck_id":"1407999796","crm":"28043619","order_status":"yookassa_widget"}
2025-12-01 06:30:19 store_script.php - 32666 crm - 28043619 cdekid - 1407999796 trackNum_amoId - 417631 {"order_id":"32666","cdeck_id":"1407999796","crm":"28043619","order_status":"yookassa_widget"}
2025-12-01 06:30:19 request.php - https://vivaherb.amocrm.ru/api/v4/leads/28043619 PATCH 400  {"errors":{"28043619":"Lead not found"},"title":"Bad Request","type":"https://httpstatus.es/400","status":400,"detail":"Invalid request body"}
2025-12-01 06:30:20 store_script.php - 32666 crm - 28043619 END []
2025-12-01 06:30:20 store_script.php - 35382 crm - 28949539 cdekid - 1440454117 {"order_id":"35382","cdeck_id":"1440454117","crm":"28949539","order_status":"yookassa_widget"}
2025-12-01 06:30:20 store_script.php - 35382 crm - 28949539 cdekid - 1440454117 trackNum_amoId - 417631 {"order_id":"35382","cdeck_id":"1440454117","crm":"28949539","order_status":"yookassa_widget"}
2025-12-01 06:30:20 request.php - https://vivaherb.amocrm.ru/api/v4/leads/28949539 PATCH 400  {"errors":{"28949539":"Lead not found"},"title":"Bad Request","type":"https://httpstatus.es/400","status":400,"detail":"Invalid request body"}
2025-12-01 06:30:20 store_script.php - 35382 crm - 28949539 END []
2025-12-01 06:30:21 store_script.php - 36740 crm - 29177633 cdekid - 1450621353 {"order_id":"36740","cdeck_id":"1450621353","crm":"29177633","order_status":"yookassa_widget"}
2025-12-01 06:30:21 store_script.php - 36740 crm - 29177633 cdekid - 1450621353 trackNum_amoId - 417631 {"order_id":"36740","cdeck_id":"1450621353","crm":"29177633","order_status":"yookassa_widget"}
2025-12-01 06:30:21 request.php - https://vivaherb.amocrm.ru/api/v4/leads/29177633 PATCH 400  {"errors":{"29177633":"Lead not found"},"title":"Bad Request","type":"https://httpstatus.es/400","status":400,"detail":"Invalid request body"}
2025-12-01 06:30:21 store_script.php - 36740 crm - 29177633 END []
2025-12-01 06:30:21 store_script.php - 43426 crm - 29759963 cdekid - 1492618495 {"order_id":"43426","cdeck_id":"1492618495","crm":"29759963","order_status":"cod"}
2025-12-01 06:30:21 store_script.php - 43426 crm - 29759963 cdekid - 1492618495 trackNum_amoId - 417631 {"order_id":"43426","cdeck_id":"1492618495","crm":"29759963","order_status":"cod"}
2025-12-01 06:30:21 request.php - https://vivaherb.amocrm.ru/api/v4/leads/29759963 PATCH 400  {"errors":{"29759963":"Lead not found"},"title":"Bad Request","type":"https://httpstatus.es/400","status":400,"detail":"Invalid request body"}
2025-12-01 06:30:22 request.php - https://vivaherb.amocrm.ru/api/v4/leads/29759963 PATCH 400  {"errors":{"29759963":"Lead not found"},"title":"Bad Request","type":"https://httpstatus.es/400","status":400,"detail":"Invalid request body"}
2025-12-01 06:30:22 store_script.php - 43426 crm - 29759963 END []
2025-12-01 06:30:22 store_script.php - 55743 crm - 30571295 cdekid - 10011353606 {"order_id":"55743","cdeck_id":"10011353606","crm":"30571295","order_status":"cod"}
2025-12-01 06:30:22 store_script.php - 55743 crm - 30571295 cdekid - 10011353606 trackNum_amoId - 417631 {"order_id":"55743","cdeck_id":"10011353606","crm":"30571295","order_status":"cod"}
2025-12-01 06:30:22 request.php - https://vivaherb.amocrm.ru/api/v4/leads/30571295 PATCH 400  {"errors":{"30571295":"Lead not found"},"title":"Bad Request","type":"https://httpstatus.es/400","status":400,"detail":"Invalid request body"}
2025-12-01 06:30:23 request.php - https://vivaherb.amocrm.ru/api/v4/leads/30571295 PATCH 400  {"errors":{"30571295":"Lead not found"},"title":"Bad Request","type":"https://httpstatus.es/400","status":400,"detail":"Invalid request body"}
2025-12-01 06:30:23 store_script.php - 55743 crm - 30571295 END []
2025-12-01 06:30:23 store_script.php - 56020 crm - 30580597 cdekid - 10012192492 {"order_id":"56020","cdeck_id":"10012192492","crm":"30580597","order_status":"intellectmoney"}
2025-12-01 06:30:23 store_script.php - 56020 crm - 30580597 cdekid - 10012192492 trackNum_amoId - 417631 {"order_id":"56020","cdeck_id":"10012192492","crm":"30580597","order_status":"intellectmoney"}
2025-12-01 06:30:23 request.php - https://vivaherb.amocrm.ru/api/v4/leads/30580597 PATCH 400  {"errors":{"30580597":"Lead not found"},"title":"Bad Request","type":"https://httpstatus.es/400","status":400,"detail":"Invalid request body"}
2025-12-01 06:30:23 store_script.php - 56020 crm - 30580597 END []
2025-12-01 06:30:24 store_script.php - 58805 crm - 30699429 cdekid - 10024732090 {"order_id":"58805","cdeck_id":"10024732090","crm":"30699429","order_status":"yookassa_widget"}
2025-12-01 06:30:24 store_script.php - 58805 crm - 30699429 cdekid - 10024732090 trackNum_amoId - 417631 {"order_id":"58805","cdeck_id":"10024732090","crm":"30699429","order_status":"yookassa_widget"}
2025-12-01 06:30:24 request.php - https://vivaherb.amocrm.ru/api/v4/leads/30699429 PATCH 400  {"errors":{"30699429":"Lead not found"},"title":"Bad Request","type":"https://httpstatus.es/400","status":400,"detail":"Invalid request body"}
2025-12-01 06:30:24 store_script.php - 58805 crm - 30699429 END []
2025-12-01 06:30:24 store_script.php - 58825 crm - 30700377 cdekid - 10024878326 {"order_id":"58825","cdeck_id":"10024878326","crm":"30700377","order_status":"yookassa_widget"}
2025-12-01 06:30:24 store_script.php - 58825 crm - 30700377 cdekid - 10024878326 trackNum_amoId - 417631 {"order_id":"58825","cdeck_id":"10024878326","crm":"30700377","order_status":"yookassa_widget"}
2025-12-01 06:30:25 request.php - https://vivaherb.amocrm.ru/api/v4/leads/30700377 PATCH 400  {"errors":{"30700377":"Lead not found"},"title":"Bad Request","type":"https://httpstatus.es/400","status":400,"detail":"Invalid request body"}
2025-12-01 06:30:25 store_script.php - 58825 crm - 30700377 END []
2025-12-01 06:30:25 store_script.php - 58891 crm - 30702185 cdekid - 10025084375 {"order_id":"58891","cdeck_id":"10025084375","crm":"30702185","order_status":"yookassa_widget"}
2025-12-01 06:30:25 store_script.php - 58891 crm - 30702185 cdekid - 10025084375 trackNum_amoId - 417631 {"order_id":"58891","cdeck_id":"10025084375","crm":"30702185","order_status":"yookassa_widget"}
2025-12-01 06:30:25 request.php - https://vivaherb.amocrm.ru/api/v4/leads/30702185 PATCH 400  {"errors":{"30702185":"Lead not found"},"title":"Bad Request","type":"https://httpstatus.es/400","status":400,"detail":"Invalid request body"}
2025-12-01 06:30:25 store_script.php - 58891 crm - 30702185 END []
2025-12-01 06:30:26 store_script.php - 59176 crm - 30706013 cdekid - 10025584176 {"order_id":"59176","cdeck_id":"10025584176","crm":"30706013","order_status":"yookassa_widget"}
2025-12-01 06:30:26 store_script.php - 59176 crm - 30706013 cdekid - 10025584176 trackNum_amoId - 417631 {"order_id":"59176","cdeck_id":"10025584176","crm":"30706013","order_status":"yookassa_widget"}
2025-12-01 06:30:26 request.php - https://vivaherb.amocrm.ru/api/v4/leads/30706013 PATCH 400  {"errors":{"30706013":"Lead not found"},"title":"Bad Request","type":"https://httpstatus.es/400","status":400,"detail":"Invalid request body"}
2025-12-01 06:30:26 store_script.php - 59176 crm - 30706013 END []
2025-12-01 06:30:26 store_script.php - 59181 crm - 30706069 cdekid - 10025587928 {"order_id":"59181","cdeck_id":"10025587928","crm":"30706069","order_status":"yookassa_widget"}
2025-12-01 06:30:26 store_script.php - 59181 crm - 30706069 cdekid - 10025587928 trackNum_amoId - 417631 {"order_id":"59181","cdeck_id":"10025587928","crm":"30706069","order_status":"yookassa_widget"}
2025-12-01 06:30:26 request.php - https://vivaherb.amocrm.ru/api/v4/leads/30706069 PATCH 400  {"errors":{"30706069":"Lead not found"},"title":"Bad Request","type":"https://httpstatus.es/400","status":400,"detail":"Invalid request body"}
2025-12-01 06:30:26 store_script.php - 59181 crm - 30706069 END []
2025-12-01 06:30:27 store_script.php - 59187 crm - 30706147 cdekid - 10025595773 {"order_id":"59187","cdeck_id":"10025595773","crm":"30706147","order_status":"yookassa_widget"}
2025-12-01 06:30:27 store_script.php - 59187 crm - 30706147 cdekid - 10025595773 trackNum_amoId - 417631 {"order_id":"59187","cdeck_id":"10025595773","crm":"30706147","order_status":"yookassa_widget"}
2025-12-01 06:30:27 request.php - https://vivaherb.amocrm.ru/api/v4/leads/30706147 PATCH 400  {"errors":{"30706147":"Lead not found"},"title":"Bad Request","type":"https://httpstatus.es/400","status":400,"detail":"Invalid request body"}
2025-12-01 06:30:27 store_script.php - 59187 crm - 30706147 END []
2025-12-01 06:30:27 store_script.php - 59188 crm - 30706175 cdekid - 10025597779 {"order_id":"59188","cdeck_id":"10025597779","crm":"30706175","order_status":"yookassa_widget"}
2025-12-01 06:30:27 store_script.php - 59188 crm - 30706175 cdekid - 10025597779 trackNum_amoId - 417631 {"order_id":"59188","cdeck_id":"10025597779","crm":"30706175","order_status":"yookassa_widget"}
2025-12-01 06:30:28 request.php - https://vivaherb.amocrm.ru/api/v4/leads/30706175 PATCH 400  {"errors":{"30706175":"Lead not found"},"title":"Bad Request","type":"https://httpstatus.es/400","status":400,"detail":"Invalid request body"}
2025-12-01 06:30:28 store_script.php - 59188 crm - 30706175 END []
2025-12-01 06:30:28 store_script.php - 61931 crm - 30957731 cdekid - 10044840842 {"order_id":"61931","cdeck_id":"10044840842","crm":"30957731","order_status":"yookassa_widget"}
2025-12-01 06:30:28 store_script.php - 61931 crm - 30957731 cdekid - 10044840842 trackNum_amoId - 417631 {"order_id":"61931","cdeck_id":"10044840842","crm":"30957731","order_status":"yookassa_widget"}
2025-12-01 06:30:29 request.php - https://vivaherb.amocrm.ru/api/v4/leads/30957731 PATCH 400  {"errors":{"30957731":"Lead not found"},"title":"Bad Request","type":"https://httpstatus.es/400","status":400,"detail":"Invalid request body"}
2025-12-01 06:30:29 store_script.php - 61931 crm - 30957731 END []
2025-12-01 06:30:30 store_script.php - 64064 crm - 31115305 cdekid - 10067371813 {"order_id":"64064","cdeck_id":"10067371813","crm":"31115305","order_status":"yookassa_widget"}
2025-12-01 06:30:30 store_script.php - 64064 crm - 31115305 cdekid - 10067371813 trackNum_amoId - 417631 {"order_id":"64064","cdeck_id":"10067371813","crm":"31115305","order_status":"yookassa_widget"}
2025-12-01 06:30:30 request.php - https://vivaherb.amocrm.ru/api/v4/leads/31115305 PATCH 400  {"errors":{"31115305":"Lead not found"},"title":"Bad Request","type":"https://httpstatus.es/400","status":400,"detail":"Invalid request body"}
2025-12-01 06:30:30 store_script.php - 64064 crm - 31115305 END []
2025-12-01 06:30:31 store_script.php - 64110 crm - 31117287 cdekid - 10067760566 {"order_id":"64110","cdeck_id":"10067760566","crm":"31117287","order_status":"yookassa_widget"}
2025-12-01 06:30:31 store_script.php - 64110 crm - 31117287 cdekid - 10067760566 trackNum_amoId - 417631 {"order_id":"64110","cdeck_id":"10067760566","crm":"31117287","order_status":"yookassa_widget"}
2025-12-01 06:30:31 request.php - https://vivaherb.amocrm.ru/api/v4/leads/31117287 PATCH 400  {"errors":{"31117287":"Lead not found"},"title":"Bad Request","type":"https://httpstatus.es/400","status":400,"detail":"Invalid request body"}
2025-12-01 06:30:31 store_script.php - 64110 crm - 31117287 END []
2025-12-01 06:30:31 store_script.php - 64904 crm - 31188065 cdekid - 10075009440 {"order_id":"64904","cdeck_id":"10075009440","crm":"31188065","order_status":"yookassa_widget"}
2025-12-01 06:30:31 store_script.php - 64904 crm - 31188065 cdekid - 10075009440 trackNum_amoId - 417631 {"order_id":"64904","cdeck_id":"10075009440","crm":"31188065","order_status":"yookassa_widget"}
2025-12-01 06:30:31 request.php - https://vivaherb.amocrm.ru/api/v4/leads/31188065 PATCH 400  {"errors":{"31188065":"Lead not found"},"title":"Bad Request","type":"https://httpstatus.es/400","status":400,"detail":"Invalid request body"}
2025-12-01 06:30:31 store_script.php - 64904 crm - 31188065 END []
2025-12-01 06:30:32 store_script.php - 66655 crm - 31331987 cdekid - 10093681196 {"order_id":"66655","cdeck_id":"10093681196","crm":"31331987","order_status":"yookassa_widget"}
2025-12-01 06:30:32 store_script.php - 66655 crm - 31331987 cdekid - 10093681196 trackNum_amoId - 417631 {"order_id":"66655","cdeck_id":"10093681196","crm":"31331987","order_status":"yookassa_widget"}
2025-12-01 06:30:32 request.php - https://vivaherb.amocrm.ru/api/v4/leads/31331987 PATCH 400  {"errors":{"31331987":"Lead not found"},"title":"Bad Request","type":"https://httpstatus.es/400","status":400,"detail":"Invalid request body"}
2025-12-01 06:30:32 store_script.php - 66655 crm - 31331987 END []
2025-12-01 06:30:33 store_script.php - 66657 crm - 31332069 cdekid - 10093687362 {"order_id":"66657","cdeck_id":"10093687362","crm":"31332069","order_status":"yookassa_widget"}
2025-12-01 06:30:33 store_script.php - 66657 crm - 31332069 cdekid - 10093687362 trackNum_amoId - 417631 {"order_id":"66657","cdeck_id":"10093687362","crm":"31332069","order_status":"yookassa_widget"}
2025-12-01 06:30:33 request.php - https://vivaherb.amocrm.ru/api/v4/leads/31332069 PATCH 400  {"errors":{"31332069":"Lead not found"},"title":"Bad Request","type":"https://httpstatus.es/400","status":400,"detail":"Invalid request body"}
2025-12-01 06:30:33 store_script.php - 66657 crm - 31332069 END []
2025-12-01 06:30:33 store_script.php - 66765 crm - 31341715 cdekid - 10095118494 {"order_id":"66765","cdeck_id":"10095118494","crm":"31341715","order_status":"cod"}
2025-12-01 06:30:33 store_script.php - 66765 crm - 31341715 cdekid - 10095118494 trackNum_amoId - 417631 {"order_id":"66765","cdeck_id":"10095118494","crm":"31341715","order_status":"cod"}
2025-12-01 06:30:33 request.php - https://vivaherb.amocrm.ru/api/v4/leads/31341715 PATCH 400  {"errors":{"31341715":"Lead not found"},"title":"Bad Request","type":"https://httpstatus.es/400","status":400,"detail":"Invalid request body"}
2025-12-01 06:30:34 request.php - https://vivaherb.amocrm.ru/api/v4/leads/31341715 PATCH 400  {"errors":{"31341715":"Lead not found"},"title":"Bad Request","type":"https://httpstatus.es/400","status":400,"detail":"Invalid request body"}
2025-12-01 06:30:34 store_script.php - 66765 crm - 31341715 END []
2025-12-01 06:30:34 store_script.php - 67842 crm - 31420031 cdekid - 10105128997 {"order_id":"67842","cdeck_id":"10105128997","crm":"31420031","order_status":"yookassa_widget"}
2025-12-01 06:30:34 store_script.php - 67842 crm - 31420031 cdekid - 10105128997 trackNum_amoId - 417631 {"order_id":"67842","cdeck_id":"10105128997","crm":"31420031","order_status":"yookassa_widget"}
2025-12-01 06:30:34 request.php - https://vivaherb.amocrm.ru/api/v4/leads/31420031 PATCH 400  {"errors":{"31420031":"Lead not found"},"title":"Bad Request","type":"https://httpstatus.es/400","status":400,"detail":"Invalid request body"}
2025-12-01 06:30:35 store_script.php - 67842 crm - 31420031 END []
2025-12-01 06:30:44 store_script.php - 70672 crm - 31684629 cdekid - 10137210974 {"order_id":"70672","cdeck_id":"10137210974","crm":"31684629","order_status":"yookassa_widget"}
2025-12-01 06:30:44 store_script.php - 70672 crm - 31684629 cdekid - 10137210974 trackNum_amoId - 417631 {"order_id":"70672","cdeck_id":"10137210974","crm":"31684629","order_status":"yookassa_widget"}
2025-12-01 06:30:44 request.php - https://vivaherb.amocrm.ru/api/v4/leads/31684629 PATCH 400  {"errors":{"31684629":"Lead not found"},"title":"Bad Request","type":"https://httpstatus.es/400","status":400,"detail":"Invalid request body"}
2025-12-01 06:30:44 store_script.php - 70672 crm - 31684629 END []
2025-12-01 06:30:49 store_script.php - 73935 crm - 31945623 cdekid - 10170059138 {"order_id":"73935","cdeck_id":"10170059138","crm":"31945623","order_status":"intellectmoney"}
2025-12-01 06:30:49 store_script.php - 73935 crm - 31945623 cdekid - 10170059138 trackNum_amoId - 417631 {"order_id":"73935","cdeck_id":"10170059138","crm":"31945623","order_status":"intellectmoney"}
2025-12-01 06:30:49 request.php - https://vivaherb.amocrm.ru/api/v4/leads/31945623 PATCH 400  {"errors":{"31945623":"Lead not found"},"title":"Bad Request","type":"https://httpstatus.es/400","status":400,"detail":"Invalid request body"}
2025-12-01 06:30:49 store_script.php - 73935 crm - 31945623 END []
2025-12-01 06:30:57 store_script.php - 76898 crm - 32081809 cdekid - 10192709836 {"order_id":"76898","cdeck_id":"10192709836","crm":"32081809","order_status":"intellectmoney"}
2025-12-01 06:30:57 store_script.php - 76898 crm - 32081809 cdekid - 10192709836 trackNum_amoId - 417631 {"order_id":"76898","cdeck_id":"10192709836","crm":"32081809","order_status":"intellectmoney"}
2025-12-01 06:30:58 store_script.php - 76898 crm - 32081809 get_oreder {"meta":{"href":"https://api.moysklad.ru/api/remap/1.2/entity/customerorder/676e0034-ce15-11f0-0a80-1403008a159a","metadataHref":"https://api.moysklad.ru/api/remap/1.2/entity/customerorder/metadata","type":"customerorder","mediaType":"application/json","uuidHref":"https://online.moysklad.ru/app/#customerorder/edit?id=676e0034-ce15-11f0-0a80-1403008a159a"},"id":"676e0034-ce15-11f0-0a80-1403008a159a","accountId":"dc992fd7-e243-
2025-12-01 06:30:58 store_script.php - 76898 crm - 32081809 END []
2025-12-01 06:30:58 store_script.php - 76902 crm - 32081909 cdekid - 10192726003 {"order_id":"76902","cdeck_id":"10192726003","crm":"32081909","order_status":"intellectmoney"}
2025-12-01 06:30:58 store_script.php - 76902 crm - 32081909 cdekid - 10192726003 trackNum_amoId - 417631 {"order_id":"76902","cdeck_id":"10192726003","crm":"32081909","order_status":"intellectmoney"}
2025-12-01 06:30:59 store_script.php - 76902 crm - 32081909 get_oreder {"meta":{"href":"https://api.moysklad.ru/api/remap/1.2/entity/customerorder/647843a9-ce21-11f0-0a80-1c54008c7315","metadataHref":"https://api.moysklad.ru/api/remap/1.2/entity/customerorder/metadata","type":"customerorder","mediaType":"application/json","uuidHref":"https://online.moysklad.ru/app/#customerorder/edit?id=647843a9-ce21-11f0-0a80-1c54008c7315"},"id":"647843a9-ce21-11f0-0a80-1c54008c7315","accountId":"dc992fd7-e243-
2025-12-01 06:31:00 store_script.php - 76902 crm - 32081909 END []
2025-12-01 06:31:00 store_script.php - 76904 crm - 32081941 cdekid - 10192729990 {"order_id":"76904","cdeck_id":"10192729990","crm":"32081941","order_status":"intellectmoney"}
2025-12-01 06:31:00 store_script.php - 76904 crm - 32081941 cdekid - 10192729990 trackNum_amoId - 417631 {"order_id":"76904","cdeck_id":"10192729990","crm":"32081941","order_status":"intellectmoney"}
2025-12-01 06:31:00 store_script.php - 76904 crm - 32081941 get_oreder {"meta":{"href":"https://api.moysklad.ru/api/remap/1.2/entity/customerorder/be0c78a2-ce24-11f0-0a80-1635008bede2","metadataHref":"https://api.moysklad.ru/api/remap/1.2/entity/customerorder/metadata","type":"customerorder","mediaType":"application/json","uuidHref":"https://online.moysklad.ru/app/#customerorder/edit?id=be0c78a2-ce24-11f0-0a80-1635008bede2"},"id":"be0c78a2-ce24-11f0-0a80-1635008bede2","accountId":"dc992fd7-e243-
2025-12-01 06:31:01 store_script.php - 76904 crm - 32081941 END []
2025-12-01 06:31:01 store_script.php - 76906 crm - 32081983 cdekid - 10192742325 {"order_id":"76906","cdeck_id":"10192742325","crm":"32081983","order_status":"intellectmoney"}
2025-12-01 06:31:01 store_script.php - 76906 crm - 32081983 cdekid - 10192742325 trackNum_amoId - 417631 {"order_id":"76906","cdeck_id":"10192742325","crm":"32081983","order_status":"intellectmoney"}
2025-12-01 06:31:02 store_script.php - 76906 crm - 32081983 get_oreder {"meta":{"href":"https://api.moysklad.ru/api/remap/1.2/entity/customerorder/3a81f8e6-ce30-11f0-0a80-015500907793","metadataHref":"https://api.moysklad.ru/api/remap/1.2/entity/customerorder/metadata","type":"customerorder","mediaType":"application/json","uuidHref":"https://online.moysklad.ru/app/#customerorder/edit?id=3a81f8e6-ce30-11f0-0a80-015500907793"},"id":"3a81f8e6-ce30-11f0-0a80-015500907793","accountId":"dc992fd7-e243-
2025-12-01 06:31:03 store_script.php - 76906 crm - 32081983 END []
2025-12-01 06:31:03 store_script.php - 76914 crm - 32082051 cdekid - 10192776893 {"order_id":"76914","cdeck_id":"10192776893","crm":"32082051","order_status":"intellectmoney"}
2025-12-01 06:31:03 store_script.php - 76914 crm - 32082051 cdekid - 10192776893 trackNum_amoId - 417631 {"order_id":"76914","cdeck_id":"10192776893","crm":"32082051","order_status":"intellectmoney"}
2025-12-01 06:31:04 store_script.php - 76914 crm - 32082051 get_oreder {"meta":{"href":"https://api.moysklad.ru/api/remap/1.2/entity/customerorder/59610e4b-ce63-11f0-0a80-05570095a2a6","metadataHref":"https://api.moysklad.ru/api/remap/1.2/entity/customerorder/metadata","type":"customerorder","mediaType":"application/json","uuidHref":"https://online.moysklad.ru/app/#customerorder/edit?id=59610e4b-ce63-11f0-0a80-05570095a2a6"},"id":"59610e4b-ce63-11f0-0a80-05570095a2a6","accountId":"dc992fd7-e243-
2025-12-01 06:31:04 store_script.php - 76914 crm - 32082051 END []
2025-12-01 07:30:18 store_script.php - 30509 crm - 27215649 cdekid - 1378035246 {"order_id":"30509","cdeck_id":"1378035246","crm":"27215649","order_status":"cod"}
2025-12-01 07:30:18 store_script.php - 30509 crm - 27215649 cdekid - 1378035246 trackNum_amoId - 417631 {"order_id":"30509","cdeck_id":"1378035246","crm":"27215649","order_status":"cod"}
2025-12-01 07:30:18 request.php - https://vivaherb.amocrm.ru/api/v4/leads/27215649 PATCH 400  {"errors":{"27215649":"Lead not found"},"title":"Bad Request","type":"https://httpstatus.es/400","status":400,"detail":"Invalid request body"}
2025-12-01 07:30:18 request.php - https://vivaherb.amocrm.ru/api/v4/leads/27215649 PATCH 400  {"errors":{"27215649":"Lead not found"},"title":"Bad Request","type":"https://httpstatus.es/400","status":400,"detail":"Invalid request body"}
2025-12-01 07:30:19 store_script.php - 30509 crm - 27215649 END []
2025-12-01 07:30:19 store_script.php - 30980 crm - 27451493 cdekid - 1384831846 {"order_id":"30980","cdeck_id":"1384831846","crm":"27451493","order_status":"yookassa_widget"}
2025-12-01 07:30:19 store_script.php - 30980 crm - 27451493 cdekid - 1384831846 trackNum_amoId - 417631 {"order_id":"30980","cdeck_id":"1384831846","crm":"27451493","order_status":"yookassa_widget"}
2025-12-01 07:30:19 request.php - https://vivaherb.amocrm.ru/api/v4/leads/27451493 PATCH 400  {"errors":{"27451493":"Lead not found"},"title":"Bad Request","type":"https://httpstatus.es/400","status":400,"detail":"Invalid request body"}
2025-12-01 07:30:19 store_script.php - 30980 crm - 27451493 END []
2025-12-01 07:30:20 store_script.php - 31159 crm - 27523369 cdekid - 1388417736 {"order_id":"31159","cdeck_id":"1388417736","crm":"27523369","order_status":"yookassa_widget"}
2025-12-01 07:30:20 store_script.php - 31159 crm - 27523369 cdekid - 1388417736 trackNum_amoId - 417631 {"order_id":"31159","cdeck_id":"1388417736","crm":"27523369","order_status":"yookassa_widget"}
2025-12-01 07:30:20 request.php - https://vivaherb.amocrm.ru/api/v4/leads/27523369 PATCH 400  {"errors":{"27523369":"Lead not found"},"title":"Bad Request","type":"https://httpstatus.es/400","status":400,"detail":"Invalid request body"}
2025-12-01 07:30:20 store_script.php - 31159 crm - 27523369 END []
2025-12-01 07:30:20 store_script.php - 31689 crm - 27678093 cdekid - 1394658580 {"order_id":"31689","cdeck_id":"1394658580","crm":"27678093","order_status":"cod"}
2025-12-01 07:30:20 store_script.php - 31689 crm - 27678093 cdekid - 1394658580 trackNum_amoId - 417631 {"order_id":"31689","cdeck_id":"1394658580","crm":"27678093","order_status":"cod"}
2025-12-01 07:30:21 request.php - https://vivaherb.amocrm.ru/api/v4/leads/27678093 PATCH 400  {"errors":{"27678093":"Lead not found"},"title":"Bad Request","type":"https://httpstatus.es/400","status":400,"detail":"Invalid request body"}
2025-12-01 07:30:21 request.php - https://vivaherb.amocrm.ru/api/v4/leads/27678093 PATCH 400  {"errors":{"27678093":"Lead not found"},"title":"Bad Request","type":"https://httpstatus.es/400","status":400,"detail":"Invalid request body"}
2025-12-01 07:30:21 store_script.php - 31689 crm - 27678093 END []
2025-12-01 07:30:22 store_script.php - 32666 crm - 28043619 cdekid - 1407999796 {"order_id":"32666","cdeck_id":"1407999796","crm":"28043619","order_status":"yookassa_widget"}
2025-12-01 07:30:22 store_script.php - 32666 crm - 28043619 cdekid - 1407999796 trackNum_amoId - 417631 {"order_id":"32666","cdeck_id":"1407999796","crm":"28043619","order_status":"yookassa_widget"}
2025-12-01 07:30:22 request.php - https://vivaherb.amocrm.ru/api/v4/leads/28043619 PATCH 400  {"errors":{"28043619":"Lead not found"},"title":"Bad Request","type":"https://httpstatus.es/400","status":400,"detail":"Invalid request body"}
2025-12-01 07:30:22 store_script.php - 32666 crm - 28043619 END []
2025-12-01 07:30:22 store_script.php - 35382 crm - 28949539 cdekid - 1440454117 {"order_id":"35382","cdeck_id":"1440454117","crm":"28949539","order_status":"yookassa_widget"}
2025-12-01 07:30:22 store_script.php - 35382 crm - 28949539 cdekid - 1440454117 trackNum_amoId - 417631 {"order_id":"35382","cdeck_id":"1440454117","crm":"28949539","order_status":"yookassa_widget"}
2025-12-01 07:30:22 request.php - https://vivaherb.amocrm.ru/api/v4/leads/28949539 PATCH 400  {"errors":{"28949539":"Lead not found"},"title":"Bad Request","type":"https://httpstatus.es/400","status":400,"detail":"Invalid request body"}
2025-12-01 07:30:23 store_script.php - 35382 crm - 28949539 END []
2025-12-01 07:30:23 store_script.php - 36740 crm - 29177633 cdekid - 1450621353 {"order_id":"36740","cdeck_id":"1450621353","crm":"29177633","order_status":"yookassa_widget"}
2025-12-01 07:30:23 store_script.php - 36740 crm - 29177633 cdekid - 1450621353 trackNum_amoId - 417631 {"order_id":"36740","cdeck_id":"1450621353","crm":"29177633","order_status":"yookassa_widget"}
2025-12-01 07:30:23 request.php - https://vivaherb.amocrm.ru/api/v4/leads/29177633 PATCH 400  {"errors":{"29177633":"Lead not found"},"title":"Bad Request","type":"https://httpstatus.es/400","status":400,"detail":"Invalid request body"}
2025-12-01 07:30:23 store_script.php - 36740 crm - 29177633 END []
2025-12-01 07:30:24 store_script.php - 43426 crm - 29759963 cdekid - 1492618495 {"order_id":"43426","cdeck_id":"1492618495","crm":"29759963","order_status":"cod"}
2025-12-01 07:30:24 store_script.php - 43426 crm - 29759963 cdekid - 1492618495 trackNum_amoId - 417631 {"order_id":"43426","cdeck_id":"1492618495","crm":"29759963","order_status":"cod"}
2025-12-01 07:30:24 request.php - https://vivaherb.amocrm.ru/api/v4/leads/29759963 PATCH 400  {"errors":{"29759963":"Lead not found"},"title":"Bad Request","type":"https://httpstatus.es/400","status":400,"detail":"Invalid request body"}
2025-12-01 07:30:24 request.php - https://vivaherb.amocrm.ru/api/v4/leads/29759963 PATCH 400  {"errors":{"29759963":"Lead not found"},"title":"Bad Request","type":"https://httpstatus.es/400","status":400,"detail":"Invalid request body"}
2025-12-01 07:30:24 store_script.php - 43426 crm - 29759963 END []
2025-12-01 07:30:24 store_script.php - 55743 crm - 30571295 cdekid - 10011353606 {"order_id":"55743","cdeck_id":"10011353606","crm":"30571295","order_status":"cod"}
2025-12-01 07:30:24 store_script.php - 55743 crm - 30571295 cdekid - 10011353606 trackNum_amoId - 417631 {"order_id":"55743","cdeck_id":"10011353606","crm":"30571295","order_status":"cod"}
2025-12-01 07:30:25 request.php - https://vivaherb.amocrm.ru/api/v4/leads/30571295 PATCH 400  {"errors":{"30571295":"Lead not found"},"title":"Bad Request","type":"https://httpstatus.es/400","status":400,"detail":"Invalid request body"}
2025-12-01 07:30:25 request.php - https://vivaherb.amocrm.ru/api/v4/leads/30571295 PATCH 400  {"errors":{"30571295":"Lead not found"},"title":"Bad Request","type":"https://httpstatus.es/400","status":400,"detail":"Invalid request body"}
2025-12-01 07:30:25 store_script.php - 55743 crm - 30571295 END []
2025-12-01 07:30:25 store_script.php - 56020 crm - 30580597 cdekid - 10012192492 {"order_id":"56020","cdeck_id":"10012192492","crm":"30580597","order_status":"intellectmoney"}
2025-12-01 07:30:25 store_script.php - 56020 crm - 30580597 cdekid - 10012192492 trackNum_amoId - 417631 {"order_id":"56020","cdeck_id":"10012192492","crm":"30580597","order_status":"intellectmoney"}
2025-12-01 07:30:26 request.php - https://vivaherb.amocrm.ru/api/v4/leads/30580597 PATCH 400  {"errors":{"30580597":"Lead not found"},"title":"Bad Request","type":"https://httpstatus.es/400","status":400,"detail":"Invalid request body"}
2025-12-01 07:30:26 store_script.php - 56020 crm - 30580597 END []
2025-12-01 07:30:26 store_script.php - 58805 crm - 30699429 cdekid - 10024732090 {"order_id":"58805","cdeck_id":"10024732090","crm":"30699429","order_status":"yookassa_widget"}
2025-12-01 07:30:26 store_script.php - 58805 crm - 30699429 cdekid - 10024732090 trackNum_amoId - 417631 {"order_id":"58805","cdeck_id":"10024732090","crm":"30699429","order_status":"yookassa_widget"}
2025-12-01 07:30:26 request.php - https://vivaherb.amocrm.ru/api/v4/leads/30699429 PATCH 400  {"errors":{"30699429":"Lead not found"},"title":"Bad Request","type":"https://httpstatus.es/400","status":400,"detail":"Invalid request body"}
2025-12-01 07:30:27 store_script.php - 58805 crm - 30699429 END []
2025-12-01 07:30:27 store_script.php - 58825 crm - 30700377 cdekid - 10024878326 {"order_id":"58825","cdeck_id":"10024878326","crm":"30700377","order_status":"yookassa_widget"}
2025-12-01 07:30:27 store_script.php - 58825 crm - 30700377 cdekid - 10024878326 trackNum_amoId - 417631 {"order_id":"58825","cdeck_id":"10024878326","crm":"30700377","order_status":"yookassa_widget"}
2025-12-01 07:30:27 request.php - https://vivaherb.amocrm.ru/api/v4/leads/30700377 PATCH 400  {"errors":{"30700377":"Lead not found"},"title":"Bad Request","type":"https://httpstatus.es/400","status":400,"detail":"Invalid request body"}
2025-12-01 07:30:27 store_script.php - 58825 crm - 30700377 END []
2025-12-01 07:30:27 store_script.php - 58891 crm - 30702185 cdekid - 10025084375 {"order_id":"58891","cdeck_id":"10025084375","crm":"30702185","order_status":"yookassa_widget"}
2025-12-01 07:30:27 store_script.php - 58891 crm - 30702185 cdekid - 10025084375 trackNum_amoId - 417631 {"order_id":"58891","cdeck_id":"10025084375","crm":"30702185","order_status":"yookassa_widget"}
2025-12-01 07:30:28 request.php - https://vivaherb.amocrm.ru/api/v4/leads/30702185 PATCH 400  {"errors":{"30702185":"Lead not found"},"title":"Bad Request","type":"https://httpstatus.es/400","status":400,"detail":"Invalid request body"}
2025-12-01 07:30:28 store_script.php - 58891 crm - 30702185 END []
2025-12-01 07:30:28 store_script.php - 59176 crm - 30706013 cdekid - 10025584176 {"order_id":"59176","cdeck_id":"10025584176","crm":"30706013","order_status":"yookassa_widget"}
2025-12-01 07:30:28 store_script.php - 59176 crm - 30706013 cdekid - 10025584176 trackNum_amoId - 417631 {"order_id":"59176","cdeck_id":"10025584176","crm":"30706013","order_status":"yookassa_widget"}
2025-12-01 07:30:28 request.php - https://vivaherb.amocrm.ru/api/v4/leads/30706013 PATCH 400  {"errors":{"30706013":"Lead not found"},"title":"Bad Request","type":"https://httpstatus.es/400","status":400,"detail":"Invalid request body"}
2025-12-01 07:30:29 store_script.php - 59176 crm - 30706013 END []
2025-12-01 07:30:29 store_script.php - 59181 crm - 30706069 cdekid - 10025587928 {"order_id":"59181","cdeck_id":"10025587928","crm":"30706069","order_status":"yookassa_widget"}
2025-12-01 07:30:29 store_script.php - 59181 crm - 30706069 cdekid - 10025587928 trackNum_amoId - 417631 {"order_id":"59181","cdeck_id":"10025587928","crm":"30706069","order_status":"yookassa_widget"}
2025-12-01 07:30:29 request.php - https://vivaherb.amocrm.ru/api/v4/leads/30706069 PATCH 400  {"errors":{"30706069":"Lead not found"},"title":"Bad Request","type":"https://httpstatus.es/400","status":400,"detail":"Invalid request body"}
2025-12-01 07:30:29 store_script.php - 59181 crm - 30706069 END []
2025-12-01 07:30:29 store_script.php - 59187 crm - 30706147 cdekid - 10025595773 {"order_id":"59187","cdeck_id":"10025595773","crm":"30706147","order_status":"yookassa_widget"}
2025-12-01 07:30:29 store_script.php - 59187 crm - 30706147 cdekid - 10025595773 trackNum_amoId - 417631 {"order_id":"59187","cdeck_id":"10025595773","crm":"30706147","order_status":"yookassa_widget"}
2025-12-01 07:30:29 request.php - https://vivaherb.amocrm.ru/api/v4/leads/30706147 PATCH 400  {"errors":{"30706147":"Lead not found"},"title":"Bad Request","type":"https://httpstatus.es/400","status":400,"detail":"Invalid request body"}
2025-12-01 07:30:30 store_script.php - 59187 crm - 30706147 END []
2025-12-01 07:30:30 store_script.php - 59188 crm - 30706175 cdekid - 10025597779 {"order_id":"59188","cdeck_id":"10025597779","crm":"30706175","order_status":"yookassa_widget"}
2025-12-01 07:30:30 store_script.php - 59188 crm - 30706175 cdekid - 10025597779 trackNum_amoId - 417631 {"order_id":"59188","cdeck_id":"10025597779","crm":"30706175","order_status":"yookassa_widget"}
2025-12-01 07:30:30 request.php - https://vivaherb.amocrm.ru/api/v4/leads/30706175 PATCH 400  {"errors":{"30706175":"Lead not found"},"title":"Bad Request","type":"https://httpstatus.es/400","status":400,"detail":"Invalid request body"}
2025-12-01 07:30:30 store_script.php - 59188 crm - 30706175 END []
2025-12-01 07:30:31 store_script.php - 61931 crm - 30957731 cdekid - 10044840842 {"order_id":"61931","cdeck_id":"10044840842","crm":"30957731","order_status":"yookassa_widget"}
2025-12-01 07:30:31 store_script.php - 61931 crm - 30957731 cdekid - 10044840842 trackNum_amoId - 417631 {"order_id":"61931","cdeck_id":"10044840842","crm":"30957731","order_status":"yookassa_widget"}
2025-12-01 07:30:31 request.php - https://vivaherb.amocrm.ru/api/v4/leads/30957731 PATCH 400  {"errors":{"30957731":"Lead not found"},"title":"Bad Request","type":"https://httpstatus.es/400","status":400,"detail":"Invalid request body"}
2025-12-01 07:30:31 store_script.php - 61931 crm - 30957731 END []
2025-12-01 07:30:32 store_script.php - 64064 crm - 31115305 cdekid - 10067371813 {"order_id":"64064","cdeck_id":"10067371813","crm":"31115305","order_status":"yookassa_widget"}
2025-12-01 07:30:32 store_script.php - 64064 crm - 31115305 cdekid - 10067371813 trackNum_amoId - 417631 {"order_id":"64064","cdeck_id":"10067371813","crm":"31115305","order_status":"yookassa_widget"}
2025-12-01 07:30:32 request.php - https://vivaherb.amocrm.ru/api/v4/leads/31115305 PATCH 400  {"errors":{"31115305":"Lead not found"},"title":"Bad Request","type":"https://httpstatus.es/400","status":400,"detail":"Invalid request body"}
2025-12-01 07:30:33 store_script.php - 64064 crm - 31115305 END []
2025-12-01 07:30:33 store_script.php - 64110 crm - 31117287 cdekid - 10067760566 {"order_id":"64110","cdeck_id":"10067760566","crm":"31117287","order_status":"yookassa_widget"}
2025-12-01 07:30:33 store_script.php - 64110 crm - 31117287 cdekid - 10067760566 trackNum_amoId - 417631 {"order_id":"64110","cdeck_id":"10067760566","crm":"31117287","order_status":"yookassa_widget"}
2025-12-01 07:30:33 request.php - https://vivaherb.amocrm.ru/api/v4/leads/31117287 PATCH 400  {"errors":{"31117287":"Lead not found"},"title":"Bad Request","type":"https://httpstatus.es/400","status":400,"detail":"Invalid request body"}
2025-12-01 07:30:33 store_script.php - 64110 crm - 31117287 END []
2025-12-01 07:30:33 store_script.php - 64904 crm - 31188065 cdekid - 10075009440 {"order_id":"64904","cdeck_id":"10075009440","crm":"31188065","order_status":"yookassa_widget"}
2025-12-01 07:30:33 store_script.php - 64904 crm - 31188065 cdekid - 10075009440 trackNum_amoId - 417631 {"order_id":"64904","cdeck_id":"10075009440","crm":"31188065","order_status":"yookassa_widget"}
2025-12-01 07:30:34 request.php - https://vivaherb.amocrm.ru/api/v4/leads/31188065 PATCH 400  {"errors":{"31188065":"Lead not found"},"title":"Bad Request","type":"https://httpstatus.es/400","status":400,"detail":"Invalid request body"}
2025-12-01 07:30:34 store_script.php - 64904 crm - 31188065 END []
2025-12-01 07:30:34 store_script.php - 66655 crm - 31331987 cdekid - 10093681196 {"order_id":"66655","cdeck_id":"10093681196","crm":"31331987","order_status":"yookassa_widget"}
2025-12-01 07:30:34 store_script.php - 66655 crm - 31331987 cdekid - 10093681196 trackNum_amoId - 417631 {"order_id":"66655","cdeck_id":"10093681196","crm":"31331987","order_status":"yookassa_widget"}
2025-12-01 07:30:35 request.php - https://vivaherb.amocrm.ru/api/v4/leads/31331987 PATCH 400  {"errors":{"31331987":"Lead not found"},"title":"Bad Request","type":"https://httpstatus.es/400","status":400,"detail":"Invalid request body"}
2025-12-01 07:30:35 store_script.php - 66655 crm - 31331987 END []
2025-12-01 07:30:35 store_script.php - 66657 crm - 31332069 cdekid - 10093687362 {"order_id":"66657","cdeck_id":"10093687362","crm":"31332069","order_status":"yookassa_widget"}
2025-12-01 07:30:35 store_script.php - 66657 crm - 31332069 cdekid - 10093687362 trackNum_amoId - 417631 {"order_id":"66657","cdeck_id":"10093687362","crm":"31332069","order_status":"yookassa_widget"}
2025-12-01 07:30:35 request.php - https://vivaherb.amocrm.ru/api/v4/leads/31332069 PATCH 400  {"errors":{"31332069":"Lead not found"},"title":"Bad Request","type":"https://httpstatus.es/400","status":400,"detail":"Invalid request body"}
2025-12-01 07:30:36 store_script.php - 66657 crm - 31332069 END []
2025-12-01 07:30:36 store_script.php - 66765 crm - 31341715 cdekid - 10095118494 {"order_id":"66765","cdeck_id":"10095118494","crm":"31341715","order_status":"cod"}
2025-12-01 07:30:36 store_script.php - 66765 crm - 31341715 cdekid - 10095118494 trackNum_amoId - 417631 {"order_id":"66765","cdeck_id":"10095118494","crm":"31341715","order_status":"cod"}
2025-12-01 07:30:36 request.php - https://vivaherb.amocrm.ru/api/v4/leads/31341715 PATCH 400  {"errors":{"31341715":"Lead not found"},"title":"Bad Request","type":"https://httpstatus.es/400","status":400,"detail":"Invalid request body"}
2025-12-01 07:30:36 request.php - https://vivaherb.amocrm.ru/api/v4/leads/31341715 PATCH 400  {"errors":{"31341715":"Lead not found"},"title":"Bad Request","type":"https://httpstatus.es/400","status":400,"detail":"Invalid request body"}
2025-12-01 07:30:37 store_script.php - 66765 crm - 31341715 END []
2025-12-01 07:30:37 store_script.php - 67842 crm - 31420031 cdekid - 10105128997 {"order_id":"67842","cdeck_id":"10105128997","crm":"31420031","order_status":"yookassa_widget"}
2025-12-01 07:30:37 store_script.php - 67842 crm - 31420031 cdekid - 10105128997 trackNum_amoId - 417631 {"order_id":"67842","cdeck_id":"10105128997","crm":"31420031","order_status":"yookassa_widget"}
2025-12-01 07:30:37 request.php - https://vivaherb.amocrm.ru/api/v4/leads/31420031 PATCH 400  {"errors":{"31420031":"Lead not found"},"title":"Bad Request","type":"https://httpstatus.es/400","status":400,"detail":"Invalid request body"}
2025-12-01 07:30:37 store_script.php - 67842 crm - 31420031 END []
2025-12-01 07:30:46 store_script.php - 70672 crm - 31684629 cdekid - 10137210974 {"order_id":"70672","cdeck_id":"10137210974","crm":"31684629","order_status":"yookassa_widget"}
2025-12-01 07:30:46 store_script.php - 70672 crm - 31684629 cdekid - 10137210974 trackNum_amoId - 417631 {"order_id":"70672","cdeck_id":"10137210974","crm":"31684629","order_status":"yookassa_widget"}
2025-12-01 07:30:46 request.php - https://vivaherb.amocrm.ru/api/v4/leads/31684629 PATCH 400  {"errors":{"31684629":"Lead not found"},"title":"Bad Request","type":"https://httpstatus.es/400","status":400,"detail":"Invalid request body"}
2025-12-01 07:30:47 store_script.php - 70672 crm - 31684629 END []
2025-12-01 07:30:52 store_script.php - 73935 crm - 31945623 cdekid - 10170059138 {"order_id":"73935","cdeck_id":"10170059138","crm":"31945623","order_status":"intellectmoney"}
2025-12-01 07:30:52 store_script.php - 73935 crm - 31945623 cdekid - 10170059138 trackNum_amoId - 417631 {"order_id":"73935","cdeck_id":"10170059138","crm":"31945623","order_status":"intellectmoney"}
2025-12-01 07:30:52 request.php - https://vivaherb.amocrm.ru/api/v4/leads/31945623 PATCH 400  {"errors":{"31945623":"Lead not found"},"title":"Bad Request","type":"https://httpstatus.es/400","status":400,"detail":"Invalid request body"}
2025-12-01 07:30:52 store_script.php - 73935 crm - 31945623 END []
2025-12-01 07:31:00 store_script.php - 76898 crm - 32081809 cdekid - 10192709836 {"order_id":"76898","cdeck_id":"10192709836","crm":"32081809","order_status":"intellectmoney"}
2025-12-01 07:31:00 store_script.php - 76898 crm - 32081809 cdekid - 10192709836 trackNum_amoId - 417631 {"order_id":"76898","cdeck_id":"10192709836","crm":"32081809","order_status":"intellectmoney"}
2025-12-01 07:31:01 store_script.php - 76898 crm - 32081809 get_oreder {"meta":{"href":"https://api.moysklad.ru/api/remap/1.2/entity/customerorder/676e0034-ce15-11f0-0a80-1403008a159a","metadataHref":"https://api.moysklad.ru/api/remap/1.2/entity/customerorder/metadata","type":"customerorder","mediaType":"application/json","uuidHref":"https://online.moysklad.ru/app/#customerorder/edit?id=676e0034-ce15-11f0-0a80-1403008a159a"},"id":"676e0034-ce15-11f0-0a80-1403008a159a","accountId":"dc992fd7-e243-
2025-12-01 07:31:01 store_script.php - 76898 crm - 32081809 END []
2025-12-01 07:31:02 store_script.php - 76902 crm - 32081909 cdekid - 10192726003 {"order_id":"76902","cdeck_id":"10192726003","crm":"32081909","order_status":"intellectmoney"}
2025-12-01 07:31:02 store_script.php - 76902 crm - 32081909 cdekid - 10192726003 trackNum_amoId - 417631 {"order_id":"76902","cdeck_id":"10192726003","crm":"32081909","order_status":"intellectmoney"}
2025-12-01 07:31:02 store_script.php - 76902 crm - 32081909 get_oreder {"meta":{"href":"https://api.moysklad.ru/api/remap/1.2/entity/customerorder/647843a9-ce21-11f0-0a80-1c54008c7315","metadataHref":"https://api.moysklad.ru/api/remap/1.2/entity/customerorder/metadata","type":"customerorder","mediaType":"application/json","uuidHref":"https://online.moysklad.ru/app/#customerorder/edit?id=647843a9-ce21-11f0-0a80-1c54008c7315"},"id":"647843a9-ce21-11f0-0a80-1c54008c7315","accountId":"dc992fd7-e243-
2025-12-01 07:31:03 store_script.php - 76902 crm - 32081909 END []
2025-12-01 07:31:03 store_script.php - 76904 crm - 32081941 cdekid - 10192729990 {"order_id":"76904","cdeck_id":"10192729990","crm":"32081941","order_status":"intellectmoney"}
2025-12-01 07:31:03 store_script.php - 76904 crm - 32081941 cdekid - 10192729990 trackNum_amoId - 417631 {"order_id":"76904","cdeck_id":"10192729990","crm":"32081941","order_status":"intellectmoney"}
2025-12-01 07:31:04 store_script.php - 76904 crm - 32081941 get_oreder {"meta":{"href":"https://api.moysklad.ru/api/remap/1.2/entity/customerorder/be0c78a2-ce24-11f0-0a80-1635008bede2","metadataHref":"https://api.moysklad.ru/api/remap/1.2/entity/customerorder/metadata","type":"customerorder","mediaType":"application/json","uuidHref":"https://online.moysklad.ru/app/#customerorder/edit?id=be0c78a2-ce24-11f0-0a80-1635008bede2"},"id":"be0c78a2-ce24-11f0-0a80-1635008bede2","accountId":"dc992fd7-e243-
2025-12-01 07:31:04 store_script.php - 76904 crm - 32081941 END []
2025-12-01 07:31:04 store_script.php - 76906 crm - 32081983 cdekid - 10192742325 {"order_id":"76906","cdeck_id":"10192742325","crm":"32081983","order_status":"intellectmoney"}
2025-12-01 07:31:04 store_script.php - 76906 crm - 32081983 cdekid - 10192742325 trackNum_amoId - 417631 {"order_id":"76906","cdeck_id":"10192742325","crm":"32081983","order_status":"intellectmoney"}
2025-12-01 07:31:05 store_script.php - 76906 crm - 32081983 get_oreder {"meta":{"href":"https://api.moysklad.ru/api/remap/1.2/entity/customerorder/3a81f8e6-ce30-11f0-0a80-015500907793","metadataHref":"https://api.moysklad.ru/api/remap/1.2/entity/customerorder/metadata","type":"customerorder","mediaType":"application/json","uuidHref":"https://online.moysklad.ru/app/#customerorder/edit?id=3a81f8e6-ce30-11f0-0a80-015500907793"},"id":"3a81f8e6-ce30-11f0-0a80-015500907793","accountId":"dc992fd7-e243-
2025-12-01 07:31:06 store_script.php - 76906 crm - 32081983 END []
2025-12-01 07:31:06 store_script.php - 76914 crm - 32082051 cdekid - 10192776893 {"order_id":"76914","cdeck_id":"10192776893","crm":"32082051","order_status":"intellectmoney"}
2025-12-01 07:31:06 store_script.php - 76914 crm - 32082051 cdekid - 10192776893 trackNum_amoId - 417631 {"order_id":"76914","cdeck_id":"10192776893","crm":"32082051","order_status":"intellectmoney"}
2025-12-01 07:31:06 store_script.php - 76914 crm - 32082051 get_oreder {"meta":{"href":"https://api.moysklad.ru/api/remap/1.2/entity/customerorder/59610e4b-ce63-11f0-0a80-05570095a2a6","metadataHref":"https://api.moysklad.ru/api/remap/1.2/entity/customerorder/metadata","type":"customerorder","mediaType":"application/json","uuidHref":"https://online.moysklad.ru/app/#customerorder/edit?id=59610e4b-ce63-11f0-0a80-05570095a2a6"},"id":"59610e4b-ce63-11f0-0a80-05570095a2a6","accountId":"dc992fd7-e243-
2025-12-01 07:31:07 store_script.php - 76914 crm - 32082051 END []
2025-12-01 08:30:18 store_script.php - 30509 crm - 27215649 cdekid - 1378035246 {"order_id":"30509","cdeck_id":"1378035246","crm":"27215649","order_status":"cod"}
2025-12-01 08:30:18 store_script.php - 30509 crm - 27215649 cdekid - 1378035246 trackNum_amoId - 417631 {"order_id":"30509","cdeck_id":"1378035246","crm":"27215649","order_status":"cod"}
2025-12-01 08:30:18 request.php - https://vivaherb.amocrm.ru/api/v4/leads/27215649 PATCH 400  {"errors":{"27215649":"Lead not found"},"title":"Bad Request","type":"https://httpstatus.es/400","status":400,"detail":"Invalid request body"}
2025-12-01 08:30:19 request.php - https://vivaherb.amocrm.ru/api/v4/leads/27215649 PATCH 400  {"errors":{"27215649":"Lead not found"},"title":"Bad Request","type":"https://httpstatus.es/400","status":400,"detail":"Invalid request body"}
2025-12-01 08:30:19 store_script.php - 30509 crm - 27215649 END []
2025-12-01 08:30:19 store_script.php - 30980 crm - 27451493 cdekid - 1384831846 {"order_id":"30980","cdeck_id":"1384831846","crm":"27451493","order_status":"yookassa_widget"}
2025-12-01 08:30:19 store_script.php - 30980 crm - 27451493 cdekid - 1384831846 trackNum_amoId - 417631 {"order_id":"30980","cdeck_id":"1384831846","crm":"27451493","order_status":"yookassa_widget"}
2025-12-01 08:30:20 request.php - https://vivaherb.amocrm.ru/api/v4/leads/27451493 PATCH 400  {"errors":{"27451493":"Lead not found"},"title":"Bad Request","type":"https://httpstatus.es/400","status":400,"detail":"Invalid request body"}
2025-12-01 08:30:20 store_script.php - 30980 crm - 27451493 END []
2025-12-01 08:30:20 store_script.php - 31159 crm - 27523369 cdekid - 1388417736 {"order_id":"31159","cdeck_id":"1388417736","crm":"27523369","order_status":"yookassa_widget"}
2025-12-01 08:30:20 store_script.php - 31159 crm - 27523369 cdekid - 1388417736 trackNum_amoId - 417631 {"order_id":"31159","cdeck_id":"1388417736","crm":"27523369","order_status":"yookassa_widget"}
2025-12-01 08:30:21 request.php - https://vivaherb.amocrm.ru/api/v4/leads/27523369 PATCH 400  {"errors":{"27523369":"Lead not found"},"title":"Bad Request","type":"https://httpstatus.es/400","status":400,"detail":"Invalid request body"}
2025-12-01 08:30:21 store_script.php - 31159 crm - 27523369 END []
2025-12-01 08:30:21 store_script.php - 31689 crm - 27678093 cdekid - 1394658580 {"order_id":"31689","cdeck_id":"1394658580","crm":"27678093","order_status":"cod"}
2025-12-01 08:30:21 store_script.php - 31689 crm - 27678093 cdekid - 1394658580 trackNum_amoId - 417631 {"order_id":"31689","cdeck_id":"1394658580","crm":"27678093","order_status":"cod"}
2025-12-01 08:30:22 request.php - https://vivaherb.amocrm.ru/api/v4/leads/27678093 PATCH 400  {"errors":{"27678093":"Lead not found"},"title":"Bad Request","type":"https://httpstatus.es/400","status":400,"detail":"Invalid request body"}
2025-12-01 08:30:22 request.php - https://vivaherb.amocrm.ru/api/v4/leads/27678093 PATCH 400  {"errors":{"27678093":"Lead not found"},"title":"Bad Request","type":"https://httpstatus.es/400","status":400,"detail":"Invalid request body"}
2025-12-01 08:30:22 store_script.php - 31689 crm - 27678093 END []
2025-12-01 08:30:23 store_script.php - 32666 crm - 28043619 cdekid - 1407999796 {"order_id":"32666","cdeck_id":"1407999796","crm":"28043619","order_status":"yookassa_widget"}
2025-12-01 08:30:23 store_script.php - 32666 crm - 28043619 cdekid - 1407999796 trackNum_amoId - 417631 {"order_id":"32666","cdeck_id":"1407999796","crm":"28043619","order_status":"yookassa_widget"}
2025-12-01 08:30:23 request.php - https://vivaherb.amocrm.ru/api/v4/leads/28043619 PATCH 400  {"errors":{"28043619":"Lead not found"},"title":"Bad Request","type":"https://httpstatus.es/400","status":400,"detail":"Invalid request body"}
2025-12-01 08:30:23 store_script.php - 32666 crm - 28043619 END []
2025-12-01 08:30:23 store_script.php - 35382 crm - 28949539 cdekid - 1440454117 {"order_id":"35382","cdeck_id":"1440454117","crm":"28949539","order_status":"yookassa_widget"}
2025-12-01 08:30:23 store_script.php - 35382 crm - 28949539 cdekid - 1440454117 trackNum_amoId - 417631 {"order_id":"35382","cdeck_id":"1440454117","crm":"28949539","order_status":"yookassa_widget"}
2025-12-01 08:30:23 request.php - https://vivaherb.amocrm.ru/api/v4/leads/28949539 PATCH 400  {"errors":{"28949539":"Lead not found"},"title":"Bad Request","type":"https://httpstatus.es/400","status":400,"detail":"Invalid request body"}
2025-12-01 08:30:24 store_script.php - 35382 crm - 28949539 END []
2025-12-01 08:30:24 store_script.php - 36740 crm - 29177633 cdekid - 1450621353 {"order_id":"36740","cdeck_id":"1450621353","crm":"29177633","order_status":"yookassa_widget"}
2025-12-01 08:30:24 store_script.php - 36740 crm - 29177633 cdekid - 1450621353 trackNum_amoId - 417631 {"order_id":"36740","cdeck_id":"1450621353","crm":"29177633","order_status":"yookassa_widget"}
2025-12-01 08:30:24 request.php - https://vivaherb.amocrm.ru/api/v4/leads/29177633 PATCH 400  {"errors":{"29177633":"Lead not found"},"title":"Bad Request","type":"https://httpstatus.es/400","status":400,"detail":"Invalid request body"}
2025-12-01 08:30:24 store_script.php - 36740 crm - 29177633 END []
2025-12-01 08:30:25 store_script.php - 43426 crm - 29759963 cdekid - 1492618495 {"order_id":"43426","cdeck_id":"1492618495","crm":"29759963","order_status":"cod"}
2025-12-01 08:30:25 store_script.php - 43426 crm - 29759963 cdekid - 1492618495 trackNum_amoId - 417631 {"order_id":"43426","cdeck_id":"1492618495","crm":"29759963","order_status":"cod"}
2025-12-01 08:30:25 request.php - https://vivaherb.amocrm.ru/api/v4/leads/29759963 PATCH 400  {"errors":{"29759963":"Lead not found"},"title":"Bad Request","type":"https://httpstatus.es/400","status":400,"detail":"Invalid request body"}
2025-12-01 08:30:25 request.php - https://vivaherb.amocrm.ru/api/v4/leads/29759963 PATCH 400  {"errors":{"29759963":"Lead not found"},"title":"Bad Request","type":"https://httpstatus.es/400","status":400,"detail":"Invalid request body"}
2025-12-01 08:30:25 store_script.php - 43426 crm - 29759963 END []
2025-12-01 08:30:25 store_script.php - 55743 crm - 30571295 cdekid - 10011353606 {"order_id":"55743","cdeck_id":"10011353606","crm":"30571295","order_status":"cod"}
2025-12-01 08:30:25 store_script.php - 55743 crm - 30571295 cdekid - 10011353606 trackNum_amoId - 417631 {"order_id":"55743","cdeck_id":"10011353606","crm":"30571295","order_status":"cod"}
2025-12-01 08:30:26 request.php - https://vivaherb.amocrm.ru/api/v4/leads/30571295 PATCH 400  {"errors":{"30571295":"Lead not found"},"title":"Bad Request","type":"https://httpstatus.es/400","status":400,"detail":"Invalid request body"}
2025-12-01 08:30:26 request.php - https://vivaherb.amocrm.ru/api/v4/leads/30571295 PATCH 400  {"errors":{"30571295":"Lead not found"},"title":"Bad Request","type":"https://httpstatus.es/400","status":400,"detail":"Invalid request body"}
2025-12-01 08:30:26 store_script.php - 55743 crm - 30571295 END []
2025-12-01 08:30:26 store_script.php - 56020 crm - 30580597 cdekid - 10012192492 {"order_id":"56020","cdeck_id":"10012192492","crm":"30580597","order_status":"intellectmoney"}
2025-12-01 08:30:26 store_script.php - 56020 crm - 30580597 cdekid - 10012192492 trackNum_amoId - 417631 {"order_id":"56020","cdeck_id":"10012192492","crm":"30580597","order_status":"intellectmoney"}
2025-12-01 08:30:27 request.php - https://vivaherb.amocrm.ru/api/v4/leads/30580597 PATCH 400  {"errors":{"30580597":"Lead not found"},"title":"Bad Request","type":"https://httpstatus.es/400","status":400,"detail":"Invalid request body"}
2025-12-01 08:30:27 store_script.php - 56020 crm - 30580597 END []
2025-12-01 08:30:27 store_script.php - 58805 crm - 30699429 cdekid - 10024732090 {"order_id":"58805","cdeck_id":"10024732090","crm":"30699429","order_status":"yookassa_widget"}
2025-12-01 08:30:27 store_script.php - 58805 crm - 30699429 cdekid - 10024732090 trackNum_amoId - 417631 {"order_id":"58805","cdeck_id":"10024732090","crm":"30699429","order_status":"yookassa_widget"}
2025-12-01 08:30:27 request.php - https://vivaherb.amocrm.ru/api/v4/leads/30699429 PATCH 400  {"errors":{"30699429":"Lead not found"},"title":"Bad Request","type":"https://httpstatus.es/400","status":400,"detail":"Invalid request body"}
2025-12-01 08:30:28 store_script.php - 58805 crm - 30699429 END []
2025-12-01 08:30:28 store_script.php - 58825 crm - 30700377 cdekid - 10024878326 {"order_id":"58825","cdeck_id":"10024878326","crm":"30700377","order_status":"yookassa_widget"}
2025-12-01 08:30:28 store_script.php - 58825 crm - 30700377 cdekid - 10024878326 trackNum_amoId - 417631 {"order_id":"58825","cdeck_id":"10024878326","crm":"30700377","order_status":"yookassa_widget"}
2025-12-01 08:30:28 request.php - https://vivaherb.amocrm.ru/api/v4/leads/30700377 PATCH 400  {"errors":{"30700377":"Lead not found"},"title":"Bad Request","type":"https://httpstatus.es/400","status":400,"detail":"Invalid request body"}
2025-12-01 08:30:28 store_script.php - 58825 crm - 30700377 END []
2025-12-01 08:30:28 store_script.php - 58891 crm - 30702185 cdekid - 10025084375 {"order_id":"58891","cdeck_id":"10025084375","crm":"30702185","order_status":"yookassa_widget"}
2025-12-01 08:30:28 store_script.php - 58891 crm - 30702185 cdekid - 10025084375 trackNum_amoId - 417631 {"order_id":"58891","cdeck_id":"10025084375","crm":"30702185","order_status":"yookassa_widget"}
2025-12-01 08:30:29 request.php - https://vivaherb.amocrm.ru/api/v4/leads/30702185 PATCH 400  {"errors":{"30702185":"Lead not found"},"title":"Bad Request","type":"https://httpstatus.es/400","status":400,"detail":"Invalid request body"}
2025-12-01 08:30:29 store_script.php - 58891 crm - 30702185 END []
2025-12-01 08:30:29 store_script.php - 59176 crm - 30706013 cdekid - 10025584176 {"order_id":"59176","cdeck_id":"10025584176","crm":"30706013","order_status":"yookassa_widget"}
2025-12-01 08:30:29 store_script.php - 59176 crm - 30706013 cdekid - 10025584176 trackNum_amoId - 417631 {"order_id":"59176","cdeck_id":"10025584176","crm":"30706013","order_status":"yookassa_widget"}
2025-12-01 08:30:29 request.php - https://vivaherb.amocrm.ru/api/v4/leads/30706013 PATCH 400  {"errors":{"30706013":"Lead not found"},"title":"Bad Request","type":"https://httpstatus.es/400","status":400,"detail":"Invalid request body"}
2025-12-01 08:30:29 store_script.php - 59176 crm - 30706013 END []
2025-12-01 08:30:30 store_script.php - 59181 crm - 30706069 cdekid - 10025587928 {"order_id":"59181","cdeck_id":"10025587928","crm":"30706069","order_status":"yookassa_widget"}
2025-12-01 08:30:30 store_script.php - 59181 crm - 30706069 cdekid - 10025587928 trackNum_amoId - 417631 {"order_id":"59181","cdeck_id":"10025587928","crm":"30706069","order_status":"yookassa_widget"}
2025-12-01 08:30:30 request.php - https://vivaherb.amocrm.ru/api/v4/leads/30706069 PATCH 400  {"errors":{"30706069":"Lead not found"},"title":"Bad Request","type":"https://httpstatus.es/400","status":400,"detail":"Invalid request body"}
2025-12-01 08:30:30 store_script.php - 59181 crm - 30706069 END []
2025-12-01 08:30:30 store_script.php - 59187 crm - 30706147 cdekid - 10025595773 {"order_id":"59187","cdeck_id":"10025595773","crm":"30706147","order_status":"yookassa_widget"}
2025-12-01 08:30:30 store_script.php - 59187 crm - 30706147 cdekid - 10025595773 trackNum_amoId - 417631 {"order_id":"59187","cdeck_id":"10025595773","crm":"30706147","order_status":"yookassa_widget"}
2025-12-01 08:30:30 request.php - https://vivaherb.amocrm.ru/api/v4/leads/30706147 PATCH 400  {"errors":{"30706147":"Lead not found"},"title":"Bad Request","type":"https://httpstatus.es/400","status":400,"detail":"Invalid request body"}
2025-12-01 08:30:31 store_script.php - 59187 crm - 30706147 END []
2025-12-01 08:30:31 store_script.php - 59188 crm - 30706175 cdekid - 10025597779 {"order_id":"59188","cdeck_id":"10025597779","crm":"30706175","order_status":"yookassa_widget"}
2025-12-01 08:30:31 store_script.php - 59188 crm - 30706175 cdekid - 10025597779 trackNum_amoId - 417631 {"order_id":"59188","cdeck_id":"10025597779","crm":"30706175","order_status":"yookassa_widget"}
2025-12-01 08:30:31 request.php - https://vivaherb.amocrm.ru/api/v4/leads/30706175 PATCH 400  {"errors":{"30706175":"Lead not found"},"title":"Bad Request","type":"https://httpstatus.es/400","status":400,"detail":"Invalid request body"}
2025-12-01 08:30:32 store_script.php - 59188 crm - 30706175 END []
2025-12-01 08:30:32 store_script.php - 61931 crm - 30957731 cdekid - 10044840842 {"order_id":"61931","cdeck_id":"10044840842","crm":"30957731","order_status":"yookassa_widget"}
2025-12-01 08:30:32 store_script.php - 61931 crm - 30957731 cdekid - 10044840842 trackNum_amoId - 417631 {"order_id":"61931","cdeck_id":"10044840842","crm":"30957731","order_status":"yookassa_widget"}
2025-12-01 08:30:32 request.php - https://vivaherb.amocrm.ru/api/v4/leads/30957731 PATCH 400  {"errors":{"30957731":"Lead not found"},"title":"Bad Request","type":"https://httpstatus.es/400","status":400,"detail":"Invalid request body"}
2025-12-01 08:30:33 store_script.php - 61931 crm - 30957731 END []
2025-12-01 08:30:34 store_script.php - 64064 crm - 31115305 cdekid - 10067371813 {"order_id":"64064","cdeck_id":"10067371813","crm":"31115305","order_status":"yookassa_widget"}
2025-12-01 08:30:34 store_script.php - 64064 crm - 31115305 cdekid - 10067371813 trackNum_amoId - 417631 {"order_id":"64064","cdeck_id":"10067371813","crm":"31115305","order_status":"yookassa_widget"}
2025-12-01 08:30:34 request.php - https://vivaherb.amocrm.ru/api/v4/leads/31115305 PATCH 400  {"errors":{"31115305":"Lead not found"},"title":"Bad Request","type":"https://httpstatus.es/400","status":400,"detail":"Invalid request body"}
2025-12-01 08:30:34 store_script.php - 64064 crm - 31115305 END []
2025-12-01 08:30:35 store_script.php - 64110 crm - 31117287 cdekid - 10067760566 {"order_id":"64110","cdeck_id":"10067760566","crm":"31117287","order_status":"yookassa_widget"}
2025-12-01 08:30:35 store_script.php - 64110 crm - 31117287 cdekid - 10067760566 trackNum_amoId - 417631 {"order_id":"64110","cdeck_id":"10067760566","crm":"31117287","order_status":"yookassa_widget"}
2025-12-01 08:30:35 request.php - https://vivaherb.amocrm.ru/api/v4/leads/31117287 PATCH 400  {"errors":{"31117287":"Lead not found"},"title":"Bad Request","type":"https://httpstatus.es/400","status":400,"detail":"Invalid request body"}
2025-12-01 08:30:35 store_script.php - 64110 crm - 31117287 END []
2025-12-01 08:30:35 store_script.php - 64904 crm - 31188065 cdekid - 10075009440 {"order_id":"64904","cdeck_id":"10075009440","crm":"31188065","order_status":"yookassa_widget"}
2025-12-01 08:30:35 store_script.php - 64904 crm - 31188065 cdekid - 10075009440 trackNum_amoId - 417631 {"order_id":"64904","cdeck_id":"10075009440","crm":"31188065","order_status":"yookassa_widget"}
2025-12-01 08:30:35 request.php - https://vivaherb.amocrm.ru/api/v4/leads/31188065 PATCH 400  {"errors":{"31188065":"Lead not found"},"title":"Bad Request","type":"https://httpstatus.es/400","status":400,"detail":"Invalid request body"}
2025-12-01 08:30:36 store_script.php - 64904 crm - 31188065 END []
2025-12-01 08:30:36 store_script.php - 66655 crm - 31331987 cdekid - 10093681196 {"order_id":"66655","cdeck_id":"10093681196","crm":"31331987","order_status":"yookassa_widget"}
2025-12-01 08:30:36 store_script.php - 66655 crm - 31331987 cdekid - 10093681196 trackNum_amoId - 417631 {"order_id":"66655","cdeck_id":"10093681196","crm":"31331987","order_status":"yookassa_widget"}
2025-12-01 08:30:36 request.php - https://vivaherb.amocrm.ru/api/v4/leads/31331987 PATCH 400  {"errors":{"31331987":"Lead not found"},"title":"Bad Request","type":"https://httpstatus.es/400","status":400,"detail":"Invalid request body"}
2025-12-01 08:30:37 store_script.php - 66655 crm - 31331987 END []
2025-12-01 08:30:37 store_script.php - 66657 crm - 31332069 cdekid - 10093687362 {"order_id":"66657","cdeck_id":"10093687362","crm":"31332069","order_status":"yookassa_widget"}
2025-12-01 08:30:37 store_script.php - 66657 crm - 31332069 cdekid - 10093687362 trackNum_amoId - 417631 {"order_id":"66657","cdeck_id":"10093687362","crm":"31332069","order_status":"yookassa_widget"}
2025-12-01 08:30:37 request.php - https://vivaherb.amocrm.ru/api/v4/leads/31332069 PATCH 400  {"errors":{"31332069":"Lead not found"},"title":"Bad Request","type":"https://httpstatus.es/400","status":400,"detail":"Invalid request body"}
2025-12-01 08:30:37 store_script.php - 66657 crm - 31332069 END []
2025-12-01 08:30:37 store_script.php - 66765 crm - 31341715 cdekid - 10095118494 {"order_id":"66765","cdeck_id":"10095118494","crm":"31341715","order_status":"cod"}
2025-12-01 08:30:37 store_script.php - 66765 crm - 31341715 cdekid - 10095118494 trackNum_amoId - 417631 {"order_id":"66765","cdeck_id":"10095118494","crm":"31341715","order_status":"cod"}
2025-12-01 08:30:38 request.php - https://vivaherb.amocrm.ru/api/v4/leads/31341715 PATCH 400  {"errors":{"31341715":"Lead not found"},"title":"Bad Request","type":"https://httpstatus.es/400","status":400,"detail":"Invalid request body"}
2025-12-01 08:30:38 request.php - https://vivaherb.amocrm.ru/api/v4/leads/31341715 PATCH 400  {"errors":{"31341715":"Lead not found"},"title":"Bad Request","type":"https://httpstatus.es/400","status":400,"detail":"Invalid request body"}
2025-12-01 08:30:38 store_script.php - 66765 crm - 31341715 END []
2025-12-01 08:30:38 store_script.php - 67842 crm - 31420031 cdekid - 10105128997 {"order_id":"67842","cdeck_id":"10105128997","crm":"31420031","order_status":"yookassa_widget"}
2025-12-01 08:30:38 store_script.php - 67842 crm - 31420031 cdekid - 10105128997 trackNum_amoId - 417631 {"order_id":"67842","cdeck_id":"10105128997","crm":"31420031","order_status":"yookassa_widget"}
2025-12-01 08:30:39 request.php - https://vivaherb.amocrm.ru/api/v4/leads/31420031 PATCH 400  {"errors":{"31420031":"Lead not found"},"title":"Bad Request","type":"https://httpstatus.es/400","status":400,"detail":"Invalid request body"}
2025-12-01 08:30:39 store_script.php - 67842 crm - 31420031 END []
2025-12-01 08:30:48 store_script.php - 70672 crm - 31684629 cdekid - 10137210974 {"order_id":"70672","cdeck_id":"10137210974","crm":"31684629","order_status":"yookassa_widget"}
2025-12-01 08:30:48 store_script.php - 70672 crm - 31684629 cdekid - 10137210974 trackNum_amoId - 417631 {"order_id":"70672","cdeck_id":"10137210974","crm":"31684629","order_status":"yookassa_widget"}
2025-12-01 08:30:48 request.php - https://vivaherb.amocrm.ru/api/v4/leads/31684629 PATCH 400  {"errors":{"31684629":"Lead not found"},"title":"Bad Request","type":"https://httpstatus.es/400","status":400,"detail":"Invalid request body"}
2025-12-01 08:30:48 store_script.php - 70672 crm - 31684629 END []
2025-12-01 08:30:54 store_script.php - 73935 crm - 31945623 cdekid - 10170059138 {"order_id":"73935","cdeck_id":"10170059138","crm":"31945623","order_status":"intellectmoney"}
2025-12-01 08:30:54 store_script.php - 73935 crm - 31945623 cdekid - 10170059138 trackNum_amoId - 417631 {"order_id":"73935","cdeck_id":"10170059138","crm":"31945623","order_status":"intellectmoney"}
2025-12-01 08:30:56 request.php - https://vivaherb.amocrm.ru/api/v4/leads/31945623 PATCH 400  {"errors":{"31945623":"Lead not found"},"title":"Bad Request","type":"https://httpstatus.es/400","status":400,"detail":"Invalid request body"}
2025-12-01 08:30:56 store_script.php - 73935 crm - 31945623 END []
2025-12-01 08:31:05 store_script.php - 76898 crm - 32081809 cdekid - 10192709836 {"order_id":"76898","cdeck_id":"10192709836","crm":"32081809","order_status":"intellectmoney"}
2025-12-01 08:31:05 store_script.php - 76898 crm - 32081809 cdekid - 10192709836 trackNum_amoId - 417631 {"order_id":"76898","cdeck_id":"10192709836","crm":"32081809","order_status":"intellectmoney"}
2025-12-01 08:31:06 store_script.php - 76898 crm - 32081809 get_oreder {"meta":{"href":"https://api.moysklad.ru/api/remap/1.2/entity/customerorder/676e0034-ce15-11f0-0a80-1403008a159a","metadataHref":"https://api.moysklad.ru/api/remap/1.2/entity/customerorder/metadata","type":"customerorder","mediaType":"application/json","uuidHref":"https://online.moysklad.ru/app/#customerorder/edit?id=676e0034-ce15-11f0-0a80-1403008a159a"},"id":"676e0034-ce15-11f0-0a80-1403008a159a","accountId":"dc992fd7-e243-
2025-12-01 08:31:06 store_script.php - 76898 crm - 32081809 END []
2025-12-01 08:31:07 store_script.php - 76902 crm - 32081909 cdekid - 10192726003 {"order_id":"76902","cdeck_id":"10192726003","crm":"32081909","order_status":"intellectmoney"}
2025-12-01 08:31:07 store_script.php - 76902 crm - 32081909 cdekid - 10192726003 trackNum_amoId - 417631 {"order_id":"76902","cdeck_id":"10192726003","crm":"32081909","order_status":"intellectmoney"}
2025-12-01 08:31:08 store_script.php - 76902 crm - 32081909 get_oreder {"meta":{"href":"https://api.moysklad.ru/api/remap/1.2/entity/customerorder/647843a9-ce21-11f0-0a80-1c54008c7315","metadataHref":"https://api.moysklad.ru/api/remap/1.2/entity/customerorder/metadata","type":"customerorder","mediaType":"application/json","uuidHref":"https://online.moysklad.ru/app/#customerorder/edit?id=647843a9-ce21-11f0-0a80-1c54008c7315"},"id":"647843a9-ce21-11f0-0a80-1c54008c7315","accountId":"dc992fd7-e243-
2025-12-01 08:31:08 store_script.php - 76902 crm - 32081909 END []
2025-12-01 08:31:09 store_script.php - 76904 crm - 32081941 cdekid - 10192729990 {"order_id":"76904","cdeck_id":"10192729990","crm":"32081941","order_status":"intellectmoney"}
2025-12-01 08:31:09 store_script.php - 76904 crm - 32081941 cdekid - 10192729990 trackNum_amoId - 417631 {"order_id":"76904","cdeck_id":"10192729990","crm":"32081941","order_status":"intellectmoney"}
2025-12-01 08:31:09 store_script.php - 76904 crm - 32081941 get_oreder {"meta":{"href":"https://api.moysklad.ru/api/remap/1.2/entity/customerorder/be0c78a2-ce24-11f0-0a80-1635008bede2","metadataHref":"https://api.moysklad.ru/api/remap/1.2/entity/customerorder/metadata","type":"customerorder","mediaType":"application/json","uuidHref":"https://online.moysklad.ru/app/#customerorder/edit?id=be0c78a2-ce24-11f0-0a80-1635008bede2"},"id":"be0c78a2-ce24-11f0-0a80-1635008bede2","accountId":"dc992fd7-e243-
2025-12-01 08:31:10 store_script.php - 76904 crm - 32081941 END []
2025-12-01 08:31:10 store_script.php - 76906 crm - 32081983 cdekid - 10192742325 {"order_id":"76906","cdeck_id":"10192742325","crm":"32081983","order_status":"intellectmoney"}
2025-12-01 08:31:10 store_script.php - 76906 crm - 32081983 cdekid - 10192742325 trackNum_amoId - 417631 {"order_id":"76906","cdeck_id":"10192742325","crm":"32081983","order_status":"intellectmoney"}
2025-12-01 08:31:11 store_script.php - 76906 crm - 32081983 get_oreder {"meta":{"href":"https://api.moysklad.ru/api/remap/1.2/entity/customerorder/3a81f8e6-ce30-11f0-0a80-015500907793","metadataHref":"https://api.moysklad.ru/api/remap/1.2/entity/customerorder/metadata","type":"customerorder","mediaType":"application/json","uuidHref":"https://online.moysklad.ru/app/#customerorder/edit?id=3a81f8e6-ce30-11f0-0a80-015500907793"},"id":"3a81f8e6-ce30-11f0-0a80-015500907793","accountId":"dc992fd7-e243-
2025-12-01 08:31:11 store_script.php - 76906 crm - 32081983 END []
2025-12-01 08:31:11 store_script.php - 76914 crm - 32082051 cdekid - 10192776893 {"order_id":"76914","cdeck_id":"10192776893","crm":"32082051","order_status":"intellectmoney"}
2025-12-01 08:31:11 store_script.php - 76914 crm - 32082051 cdekid - 10192776893 trackNum_amoId - 417631 {"order_id":"76914","cdeck_id":"10192776893","crm":"32082051","order_status":"intellectmoney"}
2025-12-01 08:31:12 store_script.php - 76914 crm - 32082051 get_oreder {"meta":{"href":"https://api.moysklad.ru/api/remap/1.2/entity/customerorder/59610e4b-ce63-11f0-0a80-05570095a2a6","metadataHref":"https://api.moysklad.ru/api/remap/1.2/entity/customerorder/metadata","type":"customerorder","mediaType":"application/json","uuidHref":"https://online.moysklad.ru/app/#customerorder/edit?id=59610e4b-ce63-11f0-0a80-05570095a2a6"},"id":"59610e4b-ce63-11f0-0a80-05570095a2a6","accountId":"dc992fd7-e243-
2025-12-01 08:31:12 store_script.php - 76914 crm - 32082051 END []
2025-12-01 09:30:09 store_script.php - 30509 crm - 27215649 cdekid - 1378035246 {"order_id":"30509","cdeck_id":"1378035246","crm":"27215649","order_status":"cod"}
2025-12-01 09:30:09 store_script.php - 30509 crm - 27215649 cdekid - 1378035246 trackNum_amoId - 417631 {"order_id":"30509","cdeck_id":"1378035246","crm":"27215649","order_status":"cod"}
2025-12-01 09:30:10 request.php - https://vivaherb.amocrm.ru/api/v4/leads/27215649 PATCH 400  {"errors":{"27215649":"Lead not found"},"title":"Bad Request","type":"https://httpstatus.es/400","status":400,"detail":"Invalid request body"}
2025-12-01 09:30:10 request.php - https://vivaherb.amocrm.ru/api/v4/leads/27215649 PATCH 400  {"errors":{"27215649":"Lead not found"},"title":"Bad Request","type":"https://httpstatus.es/400","status":400,"detail":"Invalid request body"}
2025-12-01 09:30:11 store_script.php - 30509 crm - 27215649 END []
2025-12-01 09:30:11 store_script.php - 30980 crm - 27451493 cdekid - 1384831846 {"order_id":"30980","cdeck_id":"1384831846","crm":"27451493","order_status":"yookassa_widget"}
2025-12-01 09:30:11 store_script.php - 30980 crm - 27451493 cdekid - 1384831846 trackNum_amoId - 417631 {"order_id":"30980","cdeck_id":"1384831846","crm":"27451493","order_status":"yookassa_widget"}
2025-12-01 09:30:12 request.php - https://vivaherb.amocrm.ru/api/v4/leads/27451493 PATCH 400  {"errors":{"27451493":"Lead not found"},"title":"Bad Request","type":"https://httpstatus.es/400","status":400,"detail":"Invalid request body"}
2025-12-01 09:30:13 store_script.php - 30980 crm - 27451493 END []
2025-12-01 09:30:13 store_script.php - 31159 crm - 27523369 cdekid - 1388417736 {"order_id":"31159","cdeck_id":"1388417736","crm":"27523369","order_status":"yookassa_widget"}
2025-12-01 09:30:13 store_script.php - 31159 crm - 27523369 cdekid - 1388417736 trackNum_amoId - 417631 {"order_id":"31159","cdeck_id":"1388417736","crm":"27523369","order_status":"yookassa_widget"}
2025-12-01 09:30:13 request.php - https://vivaherb.amocrm.ru/api/v4/leads/27523369 PATCH 400  {"errors":{"27523369":"Lead not found"},"title":"Bad Request","type":"https://httpstatus.es/400","status":400,"detail":"Invalid request body"}
2025-12-01 09:30:14 store_script.php - 31159 crm - 27523369 END []
2025-12-01 09:30:14 store_script.php - 31689 crm - 27678093 cdekid - 1394658580 {"order_id":"31689","cdeck_id":"1394658580","crm":"27678093","order_status":"cod"}
2025-12-01 09:30:14 store_script.php - 31689 crm - 27678093 cdekid - 1394658580 trackNum_amoId - 417631 {"order_id":"31689","cdeck_id":"1394658580","crm":"27678093","order_status":"cod"}
2025-12-01 09:30:15 request.php - https://vivaherb.amocrm.ru/api/v4/leads/27678093 PATCH 400  {"errors":{"27678093":"Lead not found"},"title":"Bad Request","type":"https://httpstatus.es/400","status":400,"detail":"Invalid request body"}
2025-12-01 09:30:15 request.php - https://vivaherb.amocrm.ru/api/v4/leads/27678093 PATCH 400  {"errors":{"27678093":"Lead not found"},"title":"Bad Request","type":"https://httpstatus.es/400","status":400,"detail":"Invalid request body"}
2025-12-01 09:30:16 store_script.php - 31689 crm - 27678093 END []
2025-12-01 09:30:16 store_script.php - 32666 crm - 28043619 cdekid - 1407999796 {"order_id":"32666","cdeck_id":"1407999796","crm":"28043619","order_status":"yookassa_widget"}
2025-12-01 09:30:16 store_script.php - 32666 crm - 28043619 cdekid - 1407999796 trackNum_amoId - 417631 {"order_id":"32666","cdeck_id":"1407999796","crm":"28043619","order_status":"yookassa_widget"}
2025-12-01 09:30:16 request.php - https://vivaherb.amocrm.ru/api/v4/leads/28043619 PATCH 400  {"errors":{"28043619":"Lead not found"},"title":"Bad Request","type":"https://httpstatus.es/400","status":400,"detail":"Invalid request body"}
2025-12-01 09:30:17 store_script.php - 32666 crm - 28043619 END []
2025-12-01 09:30:17 store_script.php - 35382 crm - 28949539 cdekid - 1440454117 {"order_id":"35382","cdeck_id":"1440454117","crm":"28949539","order_status":"yookassa_widget"}
2025-12-01 09:30:17 store_script.php - 35382 crm - 28949539 cdekid - 1440454117 trackNum_amoId - 417631 {"order_id":"35382","cdeck_id":"1440454117","crm":"28949539","order_status":"yookassa_widget"}
2025-12-01 09:30:18 request.php - https://vivaherb.amocrm.ru/api/v4/leads/28949539 PATCH 400  {"errors":{"28949539":"Lead not found"},"title":"Bad Request","type":"https://httpstatus.es/400","status":400,"detail":"Invalid request body"}
2025-12-01 09:30:18 store_script.php - 35382 crm - 28949539 END []
2025-12-01 09:30:18 store_script.php - 36740 crm - 29177633 cdekid - 1450621353 {"order_id":"36740","cdeck_id":"1450621353","crm":"29177633","order_status":"yookassa_widget"}
2025-12-01 09:30:18 store_script.php - 36740 crm - 29177633 cdekid - 1450621353 trackNum_amoId - 417631 {"order_id":"36740","cdeck_id":"1450621353","crm":"29177633","order_status":"yookassa_widget"}
2025-12-01 09:30:19 request.php - https://vivaherb.amocrm.ru/api/v4/leads/29177633 PATCH 400  {"errors":{"29177633":"Lead not found"},"title":"Bad Request","type":"https://httpstatus.es/400","status":400,"detail":"Invalid request body"}
2025-12-01 09:30:19 store_script.php - 36740 crm - 29177633 END []
2025-12-01 09:30:20 store_script.php - 43426 crm - 29759963 cdekid - 1492618495 {"order_id":"43426","cdeck_id":"1492618495","crm":"29759963","order_status":"cod"}
2025-12-01 09:30:20 store_script.php - 43426 crm - 29759963 cdekid - 1492618495 trackNum_amoId - 417631 {"order_id":"43426","cdeck_id":"1492618495","crm":"29759963","order_status":"cod"}
2025-12-01 09:30:20 request.php - https://vivaherb.amocrm.ru/api/v4/leads/29759963 PATCH 400  {"errors":{"29759963":"Lead not found"},"title":"Bad Request","type":"https://httpstatus.es/400","status":400,"detail":"Invalid request body"}
2025-12-01 09:30:20 request.php - https://vivaherb.amocrm.ru/api/v4/leads/29759963 PATCH 400  {"errors":{"29759963":"Lead not found"},"title":"Bad Request","type":"https://httpstatus.es/400","status":400,"detail":"Invalid request body"}
2025-12-01 09:30:21 store_script.php - 43426 crm - 29759963 END []
2025-12-01 09:30:21 store_script.php - 55743 crm - 30571295 cdekid - 10011353606 {"order_id":"55743","cdeck_id":"10011353606","crm":"30571295","order_status":"cod"}
2025-12-01 09:30:21 store_script.php - 55743 crm - 30571295 cdekid - 10011353606 trackNum_amoId - 417631 {"order_id":"55743","cdeck_id":"10011353606","crm":"30571295","order_status":"cod"}
2025-12-01 09:30:21 request.php - https://vivaherb.amocrm.ru/api/v4/leads/30571295 PATCH 400  {"errors":{"30571295":"Lead not found"},"title":"Bad Request","type":"https://httpstatus.es/400","status":400,"detail":"Invalid request body"}
2025-12-01 09:30:22 request.php - https://vivaherb.amocrm.ru/api/v4/leads/30571295 PATCH 400  {"errors":{"30571295":"Lead not found"},"title":"Bad Request","type":"https://httpstatus.es/400","status":400,"detail":"Invalid request body"}
2025-12-01 09:30:22 store_script.php - 55743 crm - 30571295 END []
2025-12-01 09:30:22 store_script.php - 56020 crm - 30580597 cdekid - 10012192492 {"order_id":"56020","cdeck_id":"10012192492","crm":"30580597","order_status":"intellectmoney"}
2025-12-01 09:30:22 store_script.php - 56020 crm - 30580597 cdekid - 10012192492 trackNum_amoId - 417631 {"order_id":"56020","cdeck_id":"10012192492","crm":"30580597","order_status":"intellectmoney"}
2025-12-01 09:30:23 request.php - https://vivaherb.amocrm.ru/api/v4/leads/30580597 PATCH 400  {"errors":{"30580597":"Lead not found"},"title":"Bad Request","type":"https://httpstatus.es/400","status":400,"detail":"Invalid request body"}
2025-12-01 09:30:23 store_script.php - 56020 crm - 30580597 END []
2025-12-01 09:30:23 store_script.php - 58805 crm - 30699429 cdekid - 10024732090 {"order_id":"58805","cdeck_id":"10024732090","crm":"30699429","order_status":"yookassa_widget"}
2025-12-01 09:30:23 store_script.php - 58805 crm - 30699429 cdekid - 10024732090 trackNum_amoId - 417631 {"order_id":"58805","cdeck_id":"10024732090","crm":"30699429","order_status":"yookassa_widget"}
2025-12-01 09:30:24 request.php - https://vivaherb.amocrm.ru/api/v4/leads/30699429 PATCH 400  {"errors":{"30699429":"Lead not found"},"title":"Bad Request","type":"https://httpstatus.es/400","status":400,"detail":"Invalid request body"}
2025-12-01 09:30:24 store_script.php - 58805 crm - 30699429 END []
2025-12-01 09:30:24 store_script.php - 58825 crm - 30700377 cdekid - 10024878326 {"order_id":"58825","cdeck_id":"10024878326","crm":"30700377","order_status":"yookassa_widget"}
2025-12-01 09:30:24 store_script.php - 58825 crm - 30700377 cdekid - 10024878326 trackNum_amoId - 417631 {"order_id":"58825","cdeck_id":"10024878326","crm":"30700377","order_status":"yookassa_widget"}
2025-12-01 09:30:25 request.php - https://vivaherb.amocrm.ru/api/v4/leads/30700377 PATCH 400  {"errors":{"30700377":"Lead not found"},"title":"Bad Request","type":"https://httpstatus.es/400","status":400,"detail":"Invalid request body"}
2025-12-01 09:30:25 store_script.php - 58825 crm - 30700377 END []
2025-12-01 09:30:25 store_script.php - 58891 crm - 30702185 cdekid - 10025084375 {"order_id":"58891","cdeck_id":"10025084375","crm":"30702185","order_status":"yookassa_widget"}
2025-12-01 09:30:25 store_script.php - 58891 crm - 30702185 cdekid - 10025084375 trackNum_amoId - 417631 {"order_id":"58891","cdeck_id":"10025084375","crm":"30702185","order_status":"yookassa_widget"}
2025-12-01 09:30:25 request.php - https://vivaherb.amocrm.ru/api/v4/leads/30702185 PATCH 400  {"errors":{"30702185":"Lead not found"},"title":"Bad Request","type":"https://httpstatus.es/400","status":400,"detail":"Invalid request body"}
2025-12-01 09:30:26 store_script.php - 58891 crm - 30702185 END []
2025-12-01 09:30:26 store_script.php - 59176 crm - 30706013 cdekid - 10025584176 {"order_id":"59176","cdeck_id":"10025584176","crm":"30706013","order_status":"yookassa_widget"}
2025-12-01 09:30:26 store_script.php - 59176 crm - 30706013 cdekid - 10025584176 trackNum_amoId - 417631 {"order_id":"59176","cdeck_id":"10025584176","crm":"30706013","order_status":"yookassa_widget"}
2025-12-01 09:30:26 request.php - https://vivaherb.amocrm.ru/api/v4/leads/30706013 PATCH 400  {"errors":{"30706013":"Lead not found"},"title":"Bad Request","type":"https://httpstatus.es/400","status":400,"detail":"Invalid request body"}
2025-12-01 09:30:27 store_script.php - 59176 crm - 30706013 END []
2025-12-01 09:30:27 store_script.php - 59181 crm - 30706069 cdekid - 10025587928 {"order_id":"59181","cdeck_id":"10025587928","crm":"30706069","order_status":"yookassa_widget"}
2025-12-01 09:30:27 store_script.php - 59181 crm - 30706069 cdekid - 10025587928 trackNum_amoId - 417631 {"order_id":"59181","cdeck_id":"10025587928","crm":"30706069","order_status":"yookassa_widget"}
2025-12-01 09:30:27 request.php - https://vivaherb.amocrm.ru/api/v4/leads/30706069 PATCH 400  {"errors":{"30706069":"Lead not found"},"title":"Bad Request","type":"https://httpstatus.es/400","status":400,"detail":"Invalid request body"}
2025-12-01 09:30:28 store_script.php - 59181 crm - 30706069 END []
2025-12-01 09:30:28 store_script.php - 59187 crm - 30706147 cdekid - 10025595773 {"order_id":"59187","cdeck_id":"10025595773","crm":"30706147","order_status":"yookassa_widget"}
2025-12-01 09:30:28 store_script.php - 59187 crm - 30706147 cdekid - 10025595773 trackNum_amoId - 417631 {"order_id":"59187","cdeck_id":"10025595773","crm":"30706147","order_status":"yookassa_widget"}
2025-12-01 09:30:28 request.php - https://vivaherb.amocrm.ru/api/v4/leads/30706147 PATCH 400  {"errors":{"30706147":"Lead not found"},"title":"Bad Request","type":"https://httpstatus.es/400","status":400,"detail":"Invalid request body"}
2025-12-01 09:30:28 store_script.php - 59187 crm - 30706147 END []
2025-12-01 09:30:28 store_script.php - 59188 crm - 30706175 cdekid - 10025597779 {"order_id":"59188","cdeck_id":"10025597779","crm":"30706175","order_status":"yookassa_widget"}
2025-12-01 09:30:28 store_script.php - 59188 crm - 30706175 cdekid - 10025597779 trackNum_amoId - 417631 {"order_id":"59188","cdeck_id":"10025597779","crm":"30706175","order_status":"yookassa_widget"}
2025-12-01 09:30:29 request.php - https://vivaherb.amocrm.ru/api/v4/leads/30706175 PATCH 400  {"errors":{"30706175":"Lead not found"},"title":"Bad Request","type":"https://httpstatus.es/400","status":400,"detail":"Invalid request body"}
2025-12-01 09:30:29 store_script.php - 59188 crm - 30706175 END []
2025-12-01 09:30:30 store_script.php - 61931 crm - 30957731 cdekid - 10044840842 {"order_id":"61931","cdeck_id":"10044840842","crm":"30957731","order_status":"yookassa_widget"}
2025-12-01 09:30:30 store_script.php - 61931 crm - 30957731 cdekid - 10044840842 trackNum_amoId - 417631 {"order_id":"61931","cdeck_id":"10044840842","crm":"30957731","order_status":"yookassa_widget"}
2025-12-01 09:30:30 request.php - https://vivaherb.amocrm.ru/api/v4/leads/30957731 PATCH 400  {"errors":{"30957731":"Lead not found"},"title":"Bad Request","type":"https://httpstatus.es/400","status":400,"detail":"Invalid request body"}
2025-12-01 09:30:31 store_script.php - 61931 crm - 30957731 END []
2025-12-01 09:30:32 store_script.php - 64064 crm - 31115305 cdekid - 10067371813 {"order_id":"64064","cdeck_id":"10067371813","crm":"31115305","order_status":"yookassa_widget"}
2025-12-01 09:30:32 store_script.php - 64064 crm - 31115305 cdekid - 10067371813 trackNum_amoId - 417631 {"order_id":"64064","cdeck_id":"10067371813","crm":"31115305","order_status":"yookassa_widget"}
2025-12-01 09:30:32 request.php - https://vivaherb.amocrm.ru/api/v4/leads/31115305 PATCH 400  {"errors":{"31115305":"Lead not found"},"title":"Bad Request","type":"https://httpstatus.es/400","status":400,"detail":"Invalid request body"}
2025-12-01 09:30:32 store_script.php - 64064 crm - 31115305 END []
2025-12-01 09:30:32 store_script.php - 64110 crm - 31117287 cdekid - 10067760566 {"order_id":"64110","cdeck_id":"10067760566","crm":"31117287","order_status":"yookassa_widget"}
2025-12-01 09:30:32 store_script.php - 64110 crm - 31117287 cdekid - 10067760566 trackNum_amoId - 417631 {"order_id":"64110","cdeck_id":"10067760566","crm":"31117287","order_status":"yookassa_widget"}
2025-12-01 09:30:32 request.php - https://vivaherb.amocrm.ru/api/v4/leads/31117287 PATCH 400  {"errors":{"31117287":"Lead not found"},"title":"Bad Request","type":"https://httpstatus.es/400","status":400,"detail":"Invalid request body"}
2025-12-01 09:30:33 store_script.php - 64110 crm - 31117287 END []
2025-12-01 09:30:33 store_script.php - 64904 crm - 31188065 cdekid - 10075009440 {"order_id":"64904","cdeck_id":"10075009440","crm":"31188065","order_status":"yookassa_widget"}
2025-12-01 09:30:33 store_script.php - 64904 crm - 31188065 cdekid - 10075009440 trackNum_amoId - 417631 {"order_id":"64904","cdeck_id":"10075009440","crm":"31188065","order_status":"yookassa_widget"}
2025-12-01 09:30:33 request.php - https://vivaherb.amocrm.ru/api/v4/leads/31188065 PATCH 400  {"errors":{"31188065":"Lead not found"},"title":"Bad Request","type":"https://httpstatus.es/400","status":400,"detail":"Invalid request body"}
2025-12-01 09:30:33 store_script.php - 64904 crm - 31188065 END []
2025-12-01 09:30:34 store_script.php - 66655 crm - 31331987 cdekid - 10093681196 {"order_id":"66655","cdeck_id":"10093681196","crm":"31331987","order_status":"yookassa_widget"}
2025-12-01 09:30:34 store_script.php - 66655 crm - 31331987 cdekid - 10093681196 trackNum_amoId - 417631 {"order_id":"66655","cdeck_id":"10093681196","crm":"31331987","order_status":"yookassa_widget"}
2025-12-01 09:30:34 request.php - https://vivaherb.amocrm.ru/api/v4/leads/31331987 PATCH 400  {"errors":{"31331987":"Lead not found"},"title":"Bad Request","type":"https://httpstatus.es/400","status":400,"detail":"Invalid request body"}
2025-12-01 09:30:34 store_script.php - 66655 crm - 31331987 END []
2025-12-01 09:30:35 store_script.php - 66657 crm - 31332069 cdekid - 10093687362 {"order_id":"66657","cdeck_id":"10093687362","crm":"31332069","order_status":"yookassa_widget"}
2025-12-01 09:30:35 store_script.php - 66657 crm - 31332069 cdekid - 10093687362 trackNum_amoId - 417631 {"order_id":"66657","cdeck_id":"10093687362","crm":"31332069","order_status":"yookassa_widget"}
2025-12-01 09:30:35 request.php - https://vivaherb.amocrm.ru/api/v4/leads/31332069 PATCH 400  {"errors":{"31332069":"Lead not found"},"title":"Bad Request","type":"https://httpstatus.es/400","status":400,"detail":"Invalid request body"}
2025-12-01 09:30:35 store_script.php - 66657 crm - 31332069 END []
2025-12-01 09:30:35 store_script.php - 66765 crm - 31341715 cdekid - 10095118494 {"order_id":"66765","cdeck_id":"10095118494","crm":"31341715","order_status":"cod"}
2025-12-01 09:30:35 store_script.php - 66765 crm - 31341715 cdekid - 10095118494 trackNum_amoId - 417631 {"order_id":"66765","cdeck_id":"10095118494","crm":"31341715","order_status":"cod"}
2025-12-01 09:30:36 request.php - https://vivaherb.amocrm.ru/api/v4/leads/31341715 PATCH 400  {"errors":{"31341715":"Lead not found"},"title":"Bad Request","type":"https://httpstatus.es/400","status":400,"detail":"Invalid request body"}
2025-12-01 09:30:36 request.php - https://vivaherb.amocrm.ru/api/v4/leads/31341715 PATCH 400  {"errors":{"31341715":"Lead not found"},"title":"Bad Request","type":"https://httpstatus.es/400","status":400,"detail":"Invalid request body"}
2025-12-01 09:30:36 store_script.php - 66765 crm - 31341715 END []
2025-12-01 09:30:37 store_script.php - 67842 crm - 31420031 cdekid - 10105128997 {"order_id":"67842","cdeck_id":"10105128997","crm":"31420031","order_status":"yookassa_widget"}
2025-12-01 09:30:37 store_script.php - 67842 crm - 31420031 cdekid - 10105128997 trackNum_amoId - 417631 {"order_id":"67842","cdeck_id":"10105128997","crm":"31420031","order_status":"yookassa_widget"}
2025-12-01 09:30:37 request.php - https://vivaherb.amocrm.ru/api/v4/leads/31420031 PATCH 400  {"errors":{"31420031":"Lead not found"},"title":"Bad Request","type":"https://httpstatus.es/400","status":400,"detail":"Invalid request body"}
2025-12-01 09:30:37 store_script.php - 67842 crm - 31420031 END []
2025-12-01 09:30:46 store_script.php - 70672 crm - 31684629 cdekid - 10137210974 {"order_id":"70672","cdeck_id":"10137210974","crm":"31684629","order_status":"yookassa_widget"}
2025-12-01 09:30:46 store_script.php - 70672 crm - 31684629 cdekid - 10137210974 trackNum_amoId - 417631 {"order_id":"70672","cdeck_id":"10137210974","crm":"31684629","order_status":"yookassa_widget"}
2025-12-01 09:30:47 request.php - https://vivaherb.amocrm.ru/api/v4/leads/31684629 PATCH 400  {"errors":{"31684629":"Lead not found"},"title":"Bad Request","type":"https://httpstatus.es/400","status":400,"detail":"Invalid request body"}
2025-12-01 09:30:47 store_script.php - 70672 crm - 31684629 END []
2025-12-01 09:30:53 store_script.php - 73935 crm - 31945623 cdekid - 10170059138 {"order_id":"73935","cdeck_id":"10170059138","crm":"31945623","order_status":"intellectmoney"}
2025-12-01 09:30:53 store_script.php - 73935 crm - 31945623 cdekid - 10170059138 trackNum_amoId - 417631 {"order_id":"73935","cdeck_id":"10170059138","crm":"31945623","order_status":"intellectmoney"}
2025-12-01 09:30:53 request.php - https://vivaherb.amocrm.ru/api/v4/leads/31945623 PATCH 400  {"errors":{"31945623":"Lead not found"},"title":"Bad Request","type":"https://httpstatus.es/400","status":400,"detail":"Invalid request body"}
2025-12-01 09:30:53 store_script.php - 73935 crm - 31945623 END []
2025-12-01 09:31:02 store_script.php - 76898 crm - 32081809 cdekid - 10192709836 {"order_id":"76898","cdeck_id":"10192709836","crm":"32081809","order_status":"intellectmoney"}
2025-12-01 09:31:02 store_script.php - 76898 crm - 32081809 cdekid - 10192709836 trackNum_amoId - 417631 {"order_id":"76898","cdeck_id":"10192709836","crm":"32081809","order_status":"intellectmoney"}
2025-12-01 09:31:03 request.php - https://api.moysklad.ru/api/remap/1.2/entity/customerorder/676e0034-ce15-11f0-0a80-1403008a159a GET 401  {"errors":[{"error":"Ошибка аутентификации: Неправильный или просроченный ключ доступа","code":1056,"moreInfo":"https://dev.moysklad.ru/doc/api/remap/1.2/#/errors#error_1056"}]}
2025-12-01 09:31:03 MyStore request Error! {"error_code":401,"response":{"errors":[{"error":"Ошибка аутентификации: Неправильный или просроченный ключ доступа","code":1056,"moreInfo":"https://dev.moysklad.ru/doc/api/remap/1.2/#/errors#error_1056"}]}}
2025-12-01 09:31:03 First Authorize success {"access_token":"6e81c80dee2118fef4d411b5311684054d15b15d"}
2025-12-01 09:31:03 store_script.php - 76898 crm - 32081809 get_oreder {"meta":{"href":"https://api.moysklad.ru/api/remap/1.2/entity/customerorder/676e0034-ce15-11f0-0a80-1403008a159a","metadataHref":"https://api.moysklad.ru/api/remap/1.2/entity/customerorder/metadata","type":"customerorder","mediaType":"application/json","uuidHref":"https://online.moysklad.ru/app/#customerorder/edit?id=676e0034-ce15-11f0-0a80-1403008a159a"},"id":"676e0034-ce15-11f0-0a80-1403008a159a","accountId":"dc992fd7-e243-
2025-12-01 09:31:04 store_script.php - 76898 crm - 32081809 END []
2025-12-01 09:31:04 store_script.php - 76902 crm - 32081909 cdekid - 10192726003 {"order_id":"76902","cdeck_id":"10192726003","crm":"32081909","order_status":"intellectmoney"}
2025-12-01 09:31:04 store_script.php - 76902 crm - 32081909 cdekid - 10192726003 trackNum_amoId - 417631 {"order_id":"76902","cdeck_id":"10192726003","crm":"32081909","order_status":"intellectmoney"}
2025-12-01 09:31:05 store_script.php - 76902 crm - 32081909 get_oreder {"meta":{"href":"https://api.moysklad.ru/api/remap/1.2/entity/customerorder/647843a9-ce21-11f0-0a80-1c54008c7315","metadataHref":"https://api.moysklad.ru/api/remap/1.2/entity/customerorder/metadata","type":"customerorder","mediaType":"application/json","uuidHref":"https://online.moysklad.ru/app/#customerorder/edit?id=647843a9-ce21-11f0-0a80-1c54008c7315"},"id":"647843a9-ce21-11f0-0a80-1c54008c7315","accountId":"dc992fd7-e243-
2025-12-01 09:31:06 store_script.php - 76902 crm - 32081909 END []
2025-12-01 09:31:06 store_script.php - 76904 crm - 32081941 cdekid - 10192729990 {"order_id":"76904","cdeck_id":"10192729990","crm":"32081941","order_status":"intellectmoney"}
2025-12-01 09:31:06 store_script.php - 76904 crm - 32081941 cdekid - 10192729990 trackNum_amoId - 417631 {"order_id":"76904","cdeck_id":"10192729990","crm":"32081941","order_status":"intellectmoney"}
2025-12-01 09:31:07 store_script.php - 76904 crm - 32081941 get_oreder {"meta":{"href":"https://api.moysklad.ru/api/remap/1.2/entity/customerorder/be0c78a2-ce24-11f0-0a80-1635008bede2","metadataHref":"https://api.moysklad.ru/api/remap/1.2/entity/customerorder/metadata","type":"customerorder","mediaType":"application/json","uuidHref":"https://online.moysklad.ru/app/#customerorder/edit?id=be0c78a2-ce24-11f0-0a80-1635008bede2"},"id":"be0c78a2-ce24-11f0-0a80-1635008bede2","accountId":"dc992fd7-e243-
2025-12-01 09:31:07 store_script.php - 76904 crm - 32081941 END []
2025-12-01 09:31:07 store_script.php - 76906 crm - 32081983 cdekid - 10192742325 {"order_id":"76906","cdeck_id":"10192742325","crm":"32081983","order_status":"intellectmoney"}
2025-12-01 09:31:07 store_script.php - 76906 crm - 32081983 cdekid - 10192742325 trackNum_amoId - 417631 {"order_id":"76906","cdeck_id":"10192742325","crm":"32081983","order_status":"intellectmoney"}
2025-12-01 09:31:08 store_script.php - 76906 crm - 32081983 get_oreder {"meta":{"href":"https://api.moysklad.ru/api/remap/1.2/entity/customerorder/3a81f8e6-ce30-11f0-0a80-015500907793","metadataHref":"https://api.moysklad.ru/api/remap/1.2/entity/customerorder/metadata","type":"customerorder","mediaType":"application/json","uuidHref":"https://online.moysklad.ru/app/#customerorder/edit?id=3a81f8e6-ce30-11f0-0a80-015500907793"},"id":"3a81f8e6-ce30-11f0-0a80-015500907793","accountId":"dc992fd7-e243-
2025-12-01 09:31:09 store_script.php - 76906 crm - 32081983 END []
2025-12-01 09:31:09 store_script.php - 76914 crm - 32082051 cdekid - 10192776893 {"order_id":"76914","cdeck_id":"10192776893","crm":"32082051","order_status":"intellectmoney"}
2025-12-01 09:31:09 store_script.php - 76914 crm - 32082051 cdekid - 10192776893 trackNum_amoId - 417631 {"order_id":"76914","cdeck_id":"10192776893","crm":"32082051","order_status":"intellectmoney"}
2025-12-01 09:31:10 store_script.php - 76914 crm - 32082051 get_oreder {"meta":{"href":"https://api.moysklad.ru/api/remap/1.2/entity/customerorder/59610e4b-ce63-11f0-0a80-05570095a2a6","metadataHref":"https://api.moysklad.ru/api/remap/1.2/entity/customerorder/metadata","type":"customerorder","mediaType":"application/json","uuidHref":"https://online.moysklad.ru/app/#customerorder/edit?id=59610e4b-ce63-11f0-0a80-05570095a2a6"},"id":"59610e4b-ce63-11f0-0a80-05570095a2a6","accountId":"dc992fd7-e243-
2025-12-01 09:31:10 store_script.php - 76914 crm - 32082051 END []
2025-12-01 09:43:17 script 3 - input data from webhook {"id":"c8a09290-cdf6-11f0-0a80-177f0084060e","type":"CustomerOrder","requestId":"400ea0f8-a998-45d8-9804-eee5026fabc5"}
2025-12-01 09:43:17 script 3 - request to me https://vivaherb.ru/support/amo_mystore/scripts/amo_ms_order-sent.php?id=c8a09290-cdf6-11f0-0a80-177f0084060e&type=CustomerOrder&requestId=400ea0f8-a998-45d8-9804-eee5026fabc5 {"id":"c8a09290-cdf6-11f0-0a80-177f0084060e","status_id":"sent"}
2025-12-01 09:43:17 script 3 - input data from webhook {"id":"c8a09290-cdf6-11f0-0a80-177f0084060e","status_id":"sent"}
2025-12-01 09:43:17 script 3 - change status in Amo order [{"Тип запроса":"contacts","Сущность в Амо":"lead","Наименование поля в Амо":"id контакта","Имя или id поля в Амо":"_embedded.contacts.0.id"},{"Тип запроса":"counterparty","Сущность в Амо":"contacts","Сущность в МойСклад":"Имя контрагента","Имя или id поля в МойСклад":"name","Префикс":"Рознич
2025-12-01 09:43:17 script 3 - change status in Amo order [{"Воронка":"VivaHerb","id воронки":"2139079","Поле сделки":"Способ оплаты","id поля сделки":"421383","Значение поля сделки":"Оплата при получении","id значения поля сделки":"598425","Поменять на статус":"Наложки отправлены","Поменять на статус (id статуса)":"31303804"},{"Воронк�
2025-12-01 09:43:18 request.php - https://api.moysklad.ru/api/remap/1.2/entity/customerorder/c8a09290-cdf6-11f0-0a80-177f0084060e GET 401  {"errors":[{"error":"Ошибка аутентификации: Неправильный или просроченный ключ доступа","code":1056,"moreInfo":"https://dev.moysklad.ru/doc/api/remap/1.2/#/errors#error_1056"}]}
2025-12-01 09:43:18 MyStore request Error! {"error_code":401,"response":{"errors":[{"error":"Ошибка аутентификации: Неправильный или просроченный ключ доступа","code":1056,"moreInfo":"https://dev.moysklad.ru/doc/api/remap/1.2/#/errors#error_1056"}]}}
2025-12-01 09:43:18 First Authorize success {"access_token":"d116dc4fe30bd42042a595b435e61dd9fd67b95e"}
2025-12-01 09:43:18 script 3 - find order in myStore {"meta":{"href":"https://api.moysklad.ru/api/remap/1.2/entity/customerorder/c8a09290-cdf6-11f0-0a80-177f0084060e","metadataHref":"https://api.moysklad.ru/api/remap/1.2/entity/customerorder/metadata","type":"customerorder","mediaType":"application/json","uuidHref":"https://online.moysklad.ru/app/#customerorder/edit?id=c8a09290-cdf6-11f0-0a80-177f0084060e"},"id":"c8a09290-cdf6-11f0-0a80-177f0084060e","accountId":"dc992fd7-e243-11ec-0a80-058e0000
2025-12-01 09:43:18 script 3 - id attribute amo "f35f3cd6-f8b8-11ed-0a80-026c003acc8d"
2025-12-01 09:43:18 script 3 - find track "10192845514"
2025-12-01 09:43:18 script 3 - find LeadId "32081511"
2025-12-01 09:43:18 script 3 - find CRM order {"id":32081511,"name":"Заказ VivaHerb от Эльмира Бенедиктова","price":11980,"responsible_user_id":8670562,"group_id":0,"status_id":30471025,"pipeline_id":2139079,"loss_reason_id":null,"created_by":0,"updated_by":8123221,"created_at":1764511804,"updated_at":1764571141,"closed_at":null,"closest_task_at":null,"is_deleted":false,"custom_fields_values":[{"field_id":164511,"field_name":"ORDER_ID","field_code":null,"field_type":"tex
2025-12-01 09:43:18 script 3 - get status 727567
2025-12-01 09:43:18 script 3 - get status 727567
2025-12-01 09:43:18 script 3 - set status "142"
2025-12-01 09:43:18 script 3 - push track number to Amo order {"id":32081511,"updated_at":1764571398,"_links":{"self":{"href":"https://vivaherb.amocrm.ru/api/v4/leads/32081511"}}}
2025-12-01 09:43:19 script 3 - change status in Amo order {"id":32081511,"updated_at":1764571399,"_links":{"self":{"href":"https://vivaherb.amocrm.ru/api/v4/leads/32081511"}}}
2025-12-01 09:45:57 script 3 - input data from webhook {"id":"676e0034-ce15-11f0-0a80-1403008a159a","type":"CustomerOrder","requestId":"9c15dbe4-4d71-414d-b029-87bc7a7d6e1d"}
2025-12-01 09:45:57 script 3 - request to me https://vivaherb.ru/support/amo_mystore/scripts/amo_ms_order-sent.php?id=676e0034-ce15-11f0-0a80-1403008a159a&type=CustomerOrder&requestId=9c15dbe4-4d71-414d-b029-87bc7a7d6e1d {"id":"676e0034-ce15-11f0-0a80-1403008a159a","status_id":"sent"}
2025-12-01 09:45:57 script 3 - input data from webhook {"id":"676e0034-ce15-11f0-0a80-1403008a159a","status_id":"sent"}
2025-12-01 09:45:57 script 3 - change status in Amo order [{"Тип запроса":"contacts","Сущность в Амо":"lead","Наименование поля в Амо":"id контакта","Имя или id поля в Амо":"_embedded.contacts.0.id"},{"Тип запроса":"counterparty","Сущность в Амо":"contacts","Сущность в МойСклад":"Имя контрагента","Имя или id поля в МойСклад":"name","Префикс":"Рознич
2025-12-01 09:45:57 script 3 - change status in Amo order [{"Воронка":"VivaHerb","id воронки":"2139079","Поле сделки":"Способ оплаты","id поля сделки":"421383","Значение поля сделки":"Оплата при получении","id значения поля сделки":"598425","Поменять на статус":"Наложки отправлены","Поменять на статус (id статуса)":"31303804"},{"Воронк�
2025-12-01 09:45:57 request.php - https://api.moysklad.ru/api/remap/1.2/entity/customerorder/676e0034-ce15-11f0-0a80-1403008a159a GET 401  {"errors":[{"error":"Ошибка аутентификации: Неправильный или просроченный ключ доступа","code":1056,"moreInfo":"https://dev.moysklad.ru/doc/api/remap/1.2/#/errors#error_1056"}]}
2025-12-01 09:45:57 MyStore request Error! {"error_code":401,"response":{"errors":[{"error":"Ошибка аутентификации: Неправильный или просроченный ключ доступа","code":1056,"moreInfo":"https://dev.moysklad.ru/doc/api/remap/1.2/#/errors#error_1056"}]}}
2025-12-01 09:45:58 First Authorize success {"access_token":"3ef950f1d8e6a50c11567e98b7a25dcf6571bffa"}
2025-12-01 09:45:58 script 3 - find order in myStore {"meta":{"href":"https://api.moysklad.ru/api/remap/1.2/entity/customerorder/676e0034-ce15-11f0-0a80-1403008a159a","metadataHref":"https://api.moysklad.ru/api/remap/1.2/entity/customerorder/metadata","type":"customerorder","mediaType":"application/json","uuidHref":"https://online.moysklad.ru/app/#customerorder/edit?id=676e0034-ce15-11f0-0a80-1403008a159a"},"id":"676e0034-ce15-11f0-0a80-1403008a159a","accountId":"dc992fd7-e243-11ec-0a80-058e0000
2025-12-01 09:45:58 script 3 - id attribute amo "f35f3cd6-f8b8-11ed-0a80-026c003acc8d"
2025-12-01 09:45:58 script 3 - find track "10192709836"
2025-12-01 09:45:58 script 3 - find LeadId "32081809"
2025-12-01 09:45:58 script 3 - find CRM order {"id":32081809,"name":"Заказ VivaHerb от Ольга Власова","price":6527,"responsible_user_id":8670562,"group_id":0,"status_id":30471025,"pipeline_id":2139079,"loss_reason_id":null,"created_by":0,"updated_by":0,"created_at":1764525088,"updated_at":1764570751,"closed_at":null,"closest_task_at":null,"is_deleted":false,"custom_fields_values":[{"field_id":164511,"field_name":"ORDER_ID","field_code":null,"field_type":"textarea","values":[{"
2025-12-01 09:45:58 script 3 - get status 728957
2025-12-01 09:45:58 script 3 - get status 728957
2025-12-01 09:45:58 script 3 - set status "142"
2025-12-01 09:45:58 script 3 - push track number to Amo order {"id":32081809,"updated_at":1764570751,"_links":{"self":{"href":"https://vivaherb.amocrm.ru/api/v4/leads/32081809"}}}
2025-12-01 09:45:59 script 3 - change status in Amo order {"id":32081809,"updated_at":1764571559,"_links":{"self":{"href":"https://vivaherb.amocrm.ru/api/v4/leads/32081809"}}}
2025-12-01 10:01:31 input data from webhook {"leads":{"status":[{"id":"32082373","status_id":"44583808","pipeline_id":"4930456","old_status_id":"44739475","old_pipeline_id":"4930456"}]},"account":{"id":"28662106","subdomain":"vivaherb"}}
2025-12-01 10:01:31 request to me https://vivaherb.ru/support/amo_mystore/scripts/amo_ms_export-order.php {"id":"32082373","status_id":"44583808"}
2025-12-01 10:01:31 input data from webhook {"id":"32082373","status_id":"44583808"}
2025-12-01 10:01:31 request to me id 32082373 "32082373"
2025-12-01 10:01:31 request to me successStatusArray Array ["30471025","44583808"]
2025-12-01 10:01:33 connect amo and myStore data "44760619"
2025-12-01 10:01:33 order data {"lead":{"id":32082373,"name":"Заказ блогеру @alenamiii","price":1,"responsible_user_id":8670562,"group_id":0,"status_id":44583808,"pipeline_id":4930456,"loss_reason_id":null,"created_by":8670562,"updated_by":8670562,"created_at":1764571999,"updated_at":1764572491,"closed_at":null,"closest_task_at":null,"is_deleted":false,"custom_fields_values":[{"field_id":704485,"field_name":"Адрес доставки","field_code":null,"field_type":"smart_address",
2025-12-01 10:01:34 myStore product data {"context":{"employee":{"meta":{"href":"https://api.moysklad.ru/api/remap/1.2/context/employee","metadataHref":"https://api.moysklad.ru/api/remap/1.2/entity/employee/metadata","type":"employee","mediaType":"application/json"}}},"meta":{"href":"https://api.moysklad.ru/api/remap/1.2/entity/product?filter=article=4627201556417","type":"product","mediaType":"application/json","size":1,"limit":1000,"offset":0},"rows":[{"meta":{"href":"https://api.moysklad.ru/a
2025-12-01 10:01:34 myStore product data {"context":{"employee":{"meta":{"href":"https://api.moysklad.ru/api/remap/1.2/context/employee","metadataHref":"https://api.moysklad.ru/api/remap/1.2/entity/employee/metadata","type":"employee","mediaType":"application/json"}}},"meta":{"href":"https://api.moysklad.ru/api/remap/1.2/entity/product?filter=article=4687202267422","type":"product","mediaType":"application/json","size":1,"limit":1000,"offset":0},"rows":[{"meta":{"href":"https://api.moysklad.ru/a
2025-12-01 10:01:34 connect amo and myStore data "Розничный покупатель"
2025-12-01 10:01:35 find customer in myStore {"context":{"employee":{"meta":{"href":"https://api.moysklad.ru/api/remap/1.2/context/employee","metadataHref":"https://api.moysklad.ru/api/remap/1.2/entity/employee/metadata","type":"employee","mediaType":"application/json"}}},"meta":{"href":"https://api.moysklad.ru/api/remap/1.2/entity/counterparty?filter=name=%D0%A0%D0%BE%D0%B7%D0%BD%D0%B8%D1%87%D0%BD%D1%8B%D0%B9+%D0%BF%D0%BE%D0%BA%D1%83%D0%BF%D0%B0%D1%82%D0%B5%D0%BB%D1%8C","type":"counterparty","m
2025-12-01 10:01:35 connect amo and myStore data "https://vivaherb.amocrm.ru/leads/detail/32082373"
2025-12-01 10:01:35 connect amo and myStore data "32082373"
2025-12-01 10:01:35 connect amo and myStore data {"meta":{"href":"https://api.moysklad.ru/api/remap/1.2/entity/customentity/f3b26dbe-f323-11ed-0a80-079f0039c17d/1167751a-f324-11ed-0a80-02e0003ae084","metadataHref":"https://api.moysklad.ru/api/remap/1.2/context/companysettings/metadata/customEntities/f3b26dbe-f323-11ed-0a80-079f0039c17d","type":"customentity","mediaType":"application/json","uuidHref":"https://online.moysklad.ru/app/#custom_f3b26dbe-f323-11ed-0a80-079f0039c17d/edit?id=1167751a-f32
2025-12-01 10:01:35 connect amo and myStore data "Счет НЛ"
2025-12-01 10:01:35 connect amo and myStore data "8 910 564 08 55"
2025-12-01 10:01:35 connect amo and myStore data {"country":{"meta":{"href":"https://api.moysklad.ru/api/remap/1.2/entity/country/9df7c2c3-7782-4c5c-a8ed-1102af611608","metadataHref":"https://api.moysklad.ru/api/remap/1.2/entity/country/metadata","type":"country","mediaType":"application/json","uuidHref":"https://online.moysklad.ru/app/#country/edit?id=9df7c2c3-7782-4c5c-a8ed-1102af611608"},"id":"9df7c2c3-7782-4c5c-a8ed-1102af611608","updated":"2012-11-02 12:04:14.054","name":"Россия","des
2025-12-01 10:01:35 connect amo and myStore data "0"
2025-12-01 10:01:35 connect amo and myStore data "0"
2025-12-01 10:01:35 connect amo and myStore data {"meta":{"href":"https://api.moysklad.ru/api/remap/1.2/entity/store/86afd9b6-f87d-11ed-0a80-0e2e002ec499","metadataHref":"https://api.moysklad.ru/api/remap/1.2/entity/store/metadata","type":"store","mediaType":"application/json","uuidHref":"https://online.moysklad.ru/app/#warehouse/edit?id=86afd9b6-f87d-11ed-0a80-0e2e002ec499"}}
2025-12-01 10:01:36 connect amo and myStore data {"meta":{"href":"https://api.moysklad.ru/api/remap/1.2/entity/project/ad4b36c4-f322-11ed-0a80-01b30039c8bd","metadataHref":"https://api.moysklad.ru/api/remap/1.2/entity/project/metadata","type":"project","mediaType":"application/json","uuidHref":"https://online.moysklad.ru/app/#project/edit?id=ad4b36c4-f322-11ed-0a80-01b30039c8bd"}}
2025-12-01 10:01:36 connect amo and myStore data "Алена Нестерова"
2025-12-01 10:01:36 data for order creation {"attributes":[{"meta":{"href":"https://api.moysklad.ru/api/remap/1.2/entity/customerorder/metadata/attributes/f35f3cd6-f8b8-11ed-0a80-026c003acc8d","type":"attributemetadata","mediaType":"application/json"},"value":"https://vivaherb.amocrm.ru/leads/detail/32082373"},{"meta":{"href":"https://api.moysklad.ru/api/remap/1.2/entity/customerorder/metadata/attributes/5d2b3641-f88c-11ed-0a80-030300324bbf","type":"attributemetadata","mediaType":"application/js
2025-12-01 10:01:36 positions for order creation [{"quantity":2,"price":31.276150627615063,"vat":5,"assortment":{"meta":{"href":"https://api.moysklad.ru/api/remap/1.2/entity/product/89492392-f6c9-11ec-0a80-027d0005d4b6","metadataHref":"https://api.moysklad.ru/api/remap/1.2/entity/product/metadata","type":"product","mediaType":"application/json","uuidHref":"https://online.moysklad.ru/app/#good/edit?id=894919df-f6c9-11ec-0a80-027d0005d4b4"}}},{"quantity":2,"price":18.723849372384937,"vat":5,"assor
2025-12-01 10:01:36 create new order {"meta":{"href":"https://api.moysklad.ru/api/remap/1.2/entity/customerorder/939eede4-ce83-11f0-0a80-00d200992c19","metadataHref":"https://api.moysklad.ru/api/remap/1.2/entity/customerorder/metadata","type":"customerorder","mediaType":"application/json","uuidHref":"https://online.moysklad.ru/app/#customerorder/edit?id=939eede4-ce83-11f0-0a80-00d200992c19"},"id":"939eede4-ce83-11f0-0a80-00d200992c19","accountId":"dc992fd7-e243-11ec-0a80-058e0000294e","owner":{"
2025-12-01 10:01:37 paymentInPrice 0
2025-12-01 10:01:37 OK ["OK"]
2025-12-01 10:07:54 script 3 - input data from webhook {"id":"4b5cf358-ce18-11f0-0a80-048500894cf0","type":"CustomerOrder","requestId":"286b62a8-2314-46f7-b756-00c053cacd3e"}
2025-12-01 10:07:54 script 3 - request to me https://vivaherb.ru/support/amo_mystore/scripts/amo_ms_order-sent.php?id=4b5cf358-ce18-11f0-0a80-048500894cf0&type=CustomerOrder&requestId=286b62a8-2314-46f7-b756-00c053cacd3e {"id":"4b5cf358-ce18-11f0-0a80-048500894cf0","status_id":"sent"}
2025-12-01 10:07:54 script 3 - input data from webhook {"id":"4b5cf358-ce18-11f0-0a80-048500894cf0","status_id":"sent"}
2025-12-01 10:07:54 script 3 - change status in Amo order [{"Тип запроса":"contacts","Сущность в Амо":"lead","Наименование поля в Амо":"id контакта","Имя или id поля в Амо":"_embedded.contacts.0.id"},{"Тип запроса":"counterparty","Сущность в Амо":"contacts","Сущность в МойСклад":"Имя контрагента","Имя или id поля в МойСклад":"name","Префикс":"Рознич
2025-12-01 10:07:54 script 3 - change status in Amo order [{"Воронка":"VivaHerb","id воронки":"2139079","Поле сделки":"Способ оплаты","id поля сделки":"421383","Значение поля сделки":"Оплата при получении","id значения поля сделки":"598425","Поменять на статус":"Наложки отправлены","Поменять на статус (id статуса)":"31303804"},{"Воронк�
2025-12-01 10:07:54 request.php - https://api.moysklad.ru/api/remap/1.2/entity/customerorder/4b5cf358-ce18-11f0-0a80-048500894cf0 GET 401  {"errors":[{"error":"Ошибка аутентификации: Неправильный или просроченный ключ доступа","code":1056,"moreInfo":"https://dev.moysklad.ru/doc/api/remap/1.2/#/errors#error_1056"}]}
2025-12-01 10:07:54 MyStore request Error! {"error_code":401,"response":{"errors":[{"error":"Ошибка аутентификации: Неправильный или просроченный ключ доступа","code":1056,"moreInfo":"https://dev.moysklad.ru/doc/api/remap/1.2/#/errors#error_1056"}]}}
2025-12-01 10:07:54 First Authorize success {"access_token":"c138fd033ebaef5579985c464a36f90ba14968a4"}
2025-12-01 10:07:54 script 3 - find order in myStore {"meta":{"href":"https://api.moysklad.ru/api/remap/1.2/entity/customerorder/4b5cf358-ce18-11f0-0a80-048500894cf0","metadataHref":"https://api.moysklad.ru/api/remap/1.2/entity/customerorder/metadata","type":"customerorder","mediaType":"application/json","uuidHref":"https://online.moysklad.ru/app/#customerorder/edit?id=4b5cf358-ce18-11f0-0a80-048500894cf0"},"id":"4b5cf358-ce18-11f0-0a80-048500894cf0","accountId":"dc992fd7-e243-11ec-0a80-058e0000
2025-12-01 10:07:54 script 3 - id attribute amo "f35f3cd6-f8b8-11ed-0a80-026c003acc8d"
2025-12-01 10:07:54 script 3 - find track "10192868602"
2025-12-01 10:07:54 script 3 - find LeadId "32081847"
2025-12-01 10:07:54 script 3 - find CRM order {"id":32081847,"name":"Заказ VivaHerb от Наиля Никифорова","price":3694,"responsible_user_id":8670562,"group_id":0,"status_id":30471025,"pipeline_id":2139079,"loss_reason_id":null,"created_by":0,"updated_by":0,"created_at":1764526287,"updated_at":1764526419,"closed_at":null,"closest_task_at":null,"is_deleted":false,"custom_fields_values":[{"field_id":164511,"field_name":"ORDER_ID","field_code":null,"field_type":"textarea","value
2025-12-01 10:07:54 script 3 - get status 728957
2025-12-01 10:07:54 script 3 - get status 728957
2025-12-01 10:07:54 script 3 - set status "142"
2025-12-01 10:07:55 script 3 - push track number to Amo order {"id":32081847,"updated_at":1764526419,"_links":{"self":{"href":"https://vivaherb.amocrm.ru/api/v4/leads/32081847"}}}
2025-12-01 10:07:56 script 3 - change status in Amo order {"id":32081847,"updated_at":1764572875,"_links":{"self":{"href":"https://vivaherb.amocrm.ru/api/v4/leads/32081847"}}}
2025-12-01 10:10:56 script 3 - input data from webhook {"id":"3a81f8e6-ce30-11f0-0a80-015500907793","type":"CustomerOrder","requestId":"cfde01b6-935a-4218-8a3c-14d86930fcdd"}
2025-12-01 10:10:56 script 3 - request to me https://vivaherb.ru/support/amo_mystore/scripts/amo_ms_order-sent.php?id=3a81f8e6-ce30-11f0-0a80-015500907793&type=CustomerOrder&requestId=cfde01b6-935a-4218-8a3c-14d86930fcdd {"id":"3a81f8e6-ce30-11f0-0a80-015500907793","status_id":"sent"}
2025-12-01 10:10:56 script 3 - input data from webhook {"id":"3a81f8e6-ce30-11f0-0a80-015500907793","status_id":"sent"}
2025-12-01 10:10:56 script 3 - change status in Amo order [{"Тип запроса":"contacts","Сущность в Амо":"lead","Наименование поля в Амо":"id контакта","Имя или id поля в Амо":"_embedded.contacts.0.id"},{"Тип запроса":"counterparty","Сущность в Амо":"contacts","Сущность в МойСклад":"Имя контрагента","Имя или id поля в МойСклад":"name","Префикс":"Рознич
2025-12-01 10:10:56 script 3 - change status in Amo order [{"Воронка":"VivaHerb","id воронки":"2139079","Поле сделки":"Способ оплаты","id поля сделки":"421383","Значение поля сделки":"Оплата при получении","id значения поля сделки":"598425","Поменять на статус":"Наложки отправлены","Поменять на статус (id статуса)":"31303804"},{"Воронк�
2025-12-01 10:10:56 request.php - https://api.moysklad.ru/api/remap/1.2/entity/customerorder/3a81f8e6-ce30-11f0-0a80-015500907793 GET 401  {"errors":[{"error":"Ошибка аутентификации: Неправильный или просроченный ключ доступа","code":1056,"moreInfo":"https://dev.moysklad.ru/doc/api/remap/1.2/#/errors#error_1056"}]}
2025-12-01 10:10:56 MyStore request Error! {"error_code":401,"response":{"errors":[{"error":"Ошибка аутентификации: Неправильный или просроченный ключ доступа","code":1056,"moreInfo":"https://dev.moysklad.ru/doc/api/remap/1.2/#/errors#error_1056"}]}}
2025-12-01 10:10:56 First Authorize success {"access_token":"886804ad4793c13b5f1cf5b28baae48d17daa36e"}
2025-12-01 10:10:56 script 3 - find order in myStore {"meta":{"href":"https://api.moysklad.ru/api/remap/1.2/entity/customerorder/3a81f8e6-ce30-11f0-0a80-015500907793","metadataHref":"https://api.moysklad.ru/api/remap/1.2/entity/customerorder/metadata","type":"customerorder","mediaType":"application/json","uuidHref":"https://online.moysklad.ru/app/#customerorder/edit?id=3a81f8e6-ce30-11f0-0a80-015500907793"},"id":"3a81f8e6-ce30-11f0-0a80-015500907793","accountId":"dc992fd7-e243-11ec-0a80-058e0000
2025-12-01 10:10:56 script 3 - id attribute amo "f35f3cd6-f8b8-11ed-0a80-026c003acc8d"
2025-12-01 10:10:56 script 3 - find track "10192742325"
2025-12-01 10:10:56 script 3 - find LeadId "32081983"
2025-12-01 10:10:56 script 3 - find CRM order {"id":32081983,"name":"Заказ VivaHerb от Зинур Карагызов","price":11960,"responsible_user_id":8670562,"group_id":0,"status_id":30471025,"pipeline_id":2139079,"loss_reason_id":null,"created_by":0,"updated_by":0,"created_at":1764536539,"updated_at":1764570752,"closed_at":null,"closest_task_at":null,"is_deleted":false,"custom_fields_values":[{"field_id":164511,"field_name":"ORDER_ID","field_code":null,"field_type":"textarea","values
2025-12-01 10:10:56 script 3 - get status 728957
2025-12-01 10:10:56 script 3 - get status 728957
2025-12-01 10:10:56 script 3 - set status "142"
2025-12-01 10:10:57 script 3 - push track number to Amo order {"id":32081983,"updated_at":1764570752,"_links":{"self":{"href":"https://vivaherb.amocrm.ru/api/v4/leads/32081983"}}}
2025-12-01 10:10:57 script 3 - change status in Amo order {"id":32081983,"updated_at":1764573057,"_links":{"self":{"href":"https://vivaherb.amocrm.ru/api/v4/leads/32081983"}}}
2025-12-01 10:13:07 script 3 - input data from webhook {"id":"59610e4b-ce63-11f0-0a80-05570095a2a6","type":"CustomerOrder","requestId":"9cf8e1f8-c9f5-42cc-81cd-410a41a08238"}
2025-12-01 10:13:07 script 3 - request to me https://vivaherb.ru/support/amo_mystore/scripts/amo_ms_order-sent.php?id=59610e4b-ce63-11f0-0a80-05570095a2a6&type=CustomerOrder&requestId=9cf8e1f8-c9f5-42cc-81cd-410a41a08238 {"id":"59610e4b-ce63-11f0-0a80-05570095a2a6","status_id":"sent"}
2025-12-01 10:13:07 script 3 - input data from webhook {"id":"59610e4b-ce63-11f0-0a80-05570095a2a6","status_id":"sent"}
2025-12-01 10:13:07 script 3 - change status in Amo order [{"Тип запроса":"contacts","Сущность в Амо":"lead","Наименование поля в Амо":"id контакта","Имя или id поля в Амо":"_embedded.contacts.0.id"},{"Тип запроса":"counterparty","Сущность в Амо":"contacts","Сущность в МойСклад":"Имя контрагента","Имя или id поля в МойСклад":"name","Префикс":"Рознич
2025-12-01 10:13:07 script 3 - change status in Amo order [{"Воронка":"VivaHerb","id воронки":"2139079","Поле сделки":"Способ оплаты","id поля сделки":"421383","Значение поля сделки":"Оплата при получении","id значения поля сделки":"598425","Поменять на статус":"Наложки отправлены","Поменять на статус (id статуса)":"31303804"},{"Воронк�
2025-12-01 10:13:07 request.php - https://api.moysklad.ru/api/remap/1.2/entity/customerorder/59610e4b-ce63-11f0-0a80-05570095a2a6 GET 401  {"errors":[{"error":"Ошибка аутентификации: Неправильный или просроченный ключ доступа","code":1056,"moreInfo":"https://dev.moysklad.ru/doc/api/remap/1.2/#/errors#error_1056"}]}
2025-12-01 10:13:07 MyStore request Error! {"error_code":401,"response":{"errors":[{"error":"Ошибка аутентификации: Неправильный или просроченный ключ доступа","code":1056,"moreInfo":"https://dev.moysklad.ru/doc/api/remap/1.2/#/errors#error_1056"}]}}
2025-12-01 10:13:07 First Authorize success {"access_token":"76a1ca954d4c1afe0b4954ebf7804fa0b563c805"}
2025-12-01 10:13:08 script 3 - find order in myStore {"meta":{"href":"https://api.moysklad.ru/api/remap/1.2/entity/customerorder/59610e4b-ce63-11f0-0a80-05570095a2a6","metadataHref":"https://api.moysklad.ru/api/remap/1.2/entity/customerorder/metadata","type":"customerorder","mediaType":"application/json","uuidHref":"https://online.moysklad.ru/app/#customerorder/edit?id=59610e4b-ce63-11f0-0a80-05570095a2a6"},"id":"59610e4b-ce63-11f0-0a80-05570095a2a6","accountId":"dc992fd7-e243-11ec-0a80-058e0000
2025-12-01 10:13:08 script 3 - id attribute amo "f35f3cd6-f8b8-11ed-0a80-026c003acc8d"
2025-12-01 10:13:08 script 3 - find track "10192776893"
2025-12-01 10:13:08 script 3 - find LeadId "32082051"
2025-12-01 10:13:08 script 3 - find CRM order {"id":32082051,"name":"Заказ VivaHerb от Александр Пинчук","price":5495,"responsible_user_id":8670562,"group_id":0,"status_id":30471025,"pipeline_id":2139079,"loss_reason_id":null,"created_by":0,"updated_by":0,"created_at":1764558534,"updated_at":1764570753,"closed_at":null,"closest_task_at":null,"is_deleted":false,"custom_fields_values":[{"field_id":164511,"field_name":"ORDER_ID","field_code":null,"field_type":"textarea","value
2025-12-01 10:13:08 script 3 - get status 728957
2025-12-01 10:13:08 script 3 - get status 728957
2025-12-01 10:13:08 script 3 - set status "142"
2025-12-01 10:13:09 script 3 - push track number to Amo order {"id":32082051,"updated_at":1764570753,"_links":{"self":{"href":"https://vivaherb.amocrm.ru/api/v4/leads/32082051"}}}
2025-12-01 10:13:09 script 3 - change status in Amo order {"id":32082051,"updated_at":1764573189,"_links":{"self":{"href":"https://vivaherb.amocrm.ru/api/v4/leads/32082051"}}}
2025-12-01 10:16:30 script 3 - input data from webhook {"id":"939eede4-ce83-11f0-0a80-00d200992c19","type":"CustomerOrder","requestId":"abb7362b-4c9b-42c5-b37c-d3d0b75c5a59"}
2025-12-01 10:16:30 script 3 - request to me https://vivaherb.ru/support/amo_mystore/scripts/amo_ms_order-sent.php?id=939eede4-ce83-11f0-0a80-00d200992c19&type=CustomerOrder&requestId=abb7362b-4c9b-42c5-b37c-d3d0b75c5a59 {"id":"939eede4-ce83-11f0-0a80-00d200992c19","status_id":"sent"}
2025-12-01 10:16:30 script 3 - input data from webhook {"id":"939eede4-ce83-11f0-0a80-00d200992c19","status_id":"sent"}
2025-12-01 10:16:30 script 3 - change status in Amo order [{"Тип запроса":"contacts","Сущность в Амо":"lead","Наименование поля в Амо":"id контакта","Имя или id поля в Амо":"_embedded.contacts.0.id"},{"Тип запроса":"counterparty","Сущность в Амо":"contacts","Сущность в МойСклад":"Имя контрагента","Имя или id поля в МойСклад":"name","Префикс":"Рознич
2025-12-01 10:16:30 script 3 - change status in Amo order [{"Воронка":"VivaHerb","id воронки":"2139079","Поле сделки":"Способ оплаты","id поля сделки":"421383","Значение поля сделки":"Оплата при получении","id значения поля сделки":"598425","Поменять на статус":"Наложки отправлены","Поменять на статус (id статуса)":"31303804"},{"Воронк�
2025-12-01 10:16:30 request.php - https://api.moysklad.ru/api/remap/1.2/entity/customerorder/939eede4-ce83-11f0-0a80-00d200992c19 GET 401  {"errors":[{"error":"Ошибка аутентификации: Неправильный или просроченный ключ доступа","code":1056,"moreInfo":"https://dev.moysklad.ru/doc/api/remap/1.2/#/errors#error_1056"}]}
2025-12-01 10:16:30 MyStore request Error! {"error_code":401,"response":{"errors":[{"error":"Ошибка аутентификации: Неправильный или просроченный ключ доступа","code":1056,"moreInfo":"https://dev.moysklad.ru/doc/api/remap/1.2/#/errors#error_1056"}]}}
2025-12-01 10:16:30 First Authorize success {"access_token":"d689bd75b943a7244012efb0177ee5228c9b4d89"}
2025-12-01 10:16:30 script 3 - find order in myStore {"meta":{"href":"https://api.moysklad.ru/api/remap/1.2/entity/customerorder/939eede4-ce83-11f0-0a80-00d200992c19","metadataHref":"https://api.moysklad.ru/api/remap/1.2/entity/customerorder/metadata","type":"customerorder","mediaType":"application/json","uuidHref":"https://online.moysklad.ru/app/#customerorder/edit?id=939eede4-ce83-11f0-0a80-00d200992c19"},"id":"939eede4-ce83-11f0-0a80-00d200992c19","accountId":"dc992fd7-e243-11ec-0a80-058e0000
2025-12-01 10:16:30 script 3 - id attribute amo "f35f3cd6-f8b8-11ed-0a80-026c003acc8d"
2025-12-01 10:16:30 script 3 - find track "10192874527"
2025-12-01 10:16:30 script 3 - find LeadId "32082373"
2025-12-01 10:16:31 script 3 - find CRM order {"id":32082373,"name":"Заказ блогеру @alenamiii","price":1,"responsible_user_id":8670562,"group_id":0,"status_id":44583808,"pipeline_id":4930456,"loss_reason_id":null,"created_by":8670562,"updated_by":8123221,"created_at":1764571999,"updated_at":1764573272,"closed_at":null,"closest_task_at":null,"is_deleted":false,"custom_fields_values":[{"field_id":704485,"field_name":"Адрес доставки","field_code":null,"field_type":"smart_ad
2025-12-01 10:16:31 script 3 - set status null
2025-12-01 10:30:04 store_script.php - 30509 crm - 27215649 cdekid - 1378035246 {"order_id":"30509","cdeck_id":"1378035246","crm":"27215649","order_status":"cod"}
2025-12-01 10:30:04 store_script.php - 30509 crm - 27215649 cdekid - 1378035246 trackNum_amoId - 417631 {"order_id":"30509","cdeck_id":"1378035246","crm":"27215649","order_status":"cod"}
2025-12-01 10:30:05 request.php - https://vivaherb.amocrm.ru/api/v4/leads/27215649 PATCH 400  {"errors":{"27215649":"Lead not found"},"title":"Bad Request","type":"https://httpstatus.es/400","status":400,"detail":"Invalid request body"}
2025-12-01 10:30:05 request.php - https://vivaherb.amocrm.ru/api/v4/leads/27215649 PATCH 400  {"errors":{"27215649":"Lead not found"},"title":"Bad Request","type":"https://httpstatus.es/400","status":400,"detail":"Invalid request body"}
2025-12-01 10:30:06 store_script.php - 30509 crm - 27215649 END []
2025-12-01 10:30:07 store_script.php - 30980 crm - 27451493 cdekid - 1384831846 {"order_id":"30980","cdeck_id":"1384831846","crm":"27451493","order_status":"yookassa_widget"}
2025-12-01 10:30:07 store_script.php - 30980 crm - 27451493 cdekid - 1384831846 trackNum_amoId - 417631 {"order_id":"30980","cdeck_id":"1384831846","crm":"27451493","order_status":"yookassa_widget"}
2025-12-01 10:30:07 request.php - https://vivaherb.amocrm.ru/api/v4/leads/27451493 PATCH 400  {"errors":{"27451493":"Lead not found"},"title":"Bad Request","type":"https://httpstatus.es/400","status":400,"detail":"Invalid request body"}
2025-12-01 10:30:08 store_script.php - 30980 crm - 27451493 END []
2025-12-01 10:30:09 store_script.php - 31159 crm - 27523369 cdekid - 1388417736 {"order_id":"31159","cdeck_id":"1388417736","crm":"27523369","order_status":"yookassa_widget"}
2025-12-01 10:30:09 store_script.php - 31159 crm - 27523369 cdekid - 1388417736 trackNum_amoId - 417631 {"order_id":"31159","cdeck_id":"1388417736","crm":"27523369","order_status":"yookassa_widget"}
2025-12-01 10:30:09 request.php - https://vivaherb.amocrm.ru/api/v4/leads/27523369 PATCH 400  {"errors":{"27523369":"Lead not found"},"title":"Bad Request","type":"https://httpstatus.es/400","status":400,"detail":"Invalid request body"}
2025-12-01 10:30:10 store_script.php - 31159 crm - 27523369 END []
2025-12-01 10:30:10 store_script.php - 31689 crm - 27678093 cdekid - 1394658580 {"order_id":"31689","cdeck_id":"1394658580","crm":"27678093","order_status":"cod"}
2025-12-01 10:30:10 store_script.php - 31689 crm - 27678093 cdekid - 1394658580 trackNum_amoId - 417631 {"order_id":"31689","cdeck_id":"1394658580","crm":"27678093","order_status":"cod"}
2025-12-01 10:30:11 request.php - https://vivaherb.amocrm.ru/api/v4/leads/27678093 PATCH 400  {"errors":{"27678093":"Lead not found"},"title":"Bad Request","type":"https://httpstatus.es/400","status":400,"detail":"Invalid request body"}
2025-12-01 10:30:11 request.php - https://vivaherb.amocrm.ru/api/v4/leads/27678093 PATCH 400  {"errors":{"27678093":"Lead not found"},"title":"Bad Request","type":"https://httpstatus.es/400","status":400,"detail":"Invalid request body"}
2025-12-01 10:30:12 store_script.php - 31689 crm - 27678093 END []
2025-12-01 10:30:12 store_script.php - 32666 crm - 28043619 cdekid - 1407999796 {"order_id":"32666","cdeck_id":"1407999796","crm":"28043619","order_status":"yookassa_widget"}
2025-12-01 10:30:12 store_script.php - 32666 crm - 28043619 cdekid - 1407999796 trackNum_amoId - 417631 {"order_id":"32666","cdeck_id":"1407999796","crm":"28043619","order_status":"yookassa_widget"}
2025-12-01 10:30:13 request.php - https://vivaherb.amocrm.ru/api/v4/leads/28043619 PATCH 400  {"errors":{"28043619":"Lead not found"},"title":"Bad Request","type":"https://httpstatus.es/400","status":400,"detail":"Invalid request body"}
2025-12-01 10:30:13 store_script.php - 32666 crm - 28043619 END []
2025-12-01 10:30:13 store_script.php - 35382 crm - 28949539 cdekid - 1440454117 {"order_id":"35382","cdeck_id":"1440454117","crm":"28949539","order_status":"yookassa_widget"}
2025-12-01 10:30:13 store_script.php - 35382 crm - 28949539 cdekid - 1440454117 trackNum_amoId - 417631 {"order_id":"35382","cdeck_id":"1440454117","crm":"28949539","order_status":"yookassa_widget"}
2025-12-01 10:30:14 request.php - https://vivaherb.amocrm.ru/api/v4/leads/28949539 PATCH 400  {"errors":{"28949539":"Lead not found"},"title":"Bad Request","type":"https://httpstatus.es/400","status":400,"detail":"Invalid request body"}
2025-12-01 10:30:15 store_script.php - 35382 crm - 28949539 END []
2025-12-01 10:30:15 store_script.php - 36740 crm - 29177633 cdekid - 1450621353 {"order_id":"36740","cdeck_id":"1450621353","crm":"29177633","order_status":"yookassa_widget"}
2025-12-01 10:30:15 store_script.php - 36740 crm - 29177633 cdekid - 1450621353 trackNum_amoId - 417631 {"order_id":"36740","cdeck_id":"1450621353","crm":"29177633","order_status":"yookassa_widget"}
2025-12-01 10:30:16 request.php - https://vivaherb.amocrm.ru/api/v4/leads/29177633 PATCH 400  {"errors":{"29177633":"Lead not found"},"title":"Bad Request","type":"https://httpstatus.es/400","status":400,"detail":"Invalid request body"}
2025-12-01 10:30:16 store_script.php - 36740 crm - 29177633 END []
2025-12-01 10:30:16 store_script.php - 43426 crm - 29759963 cdekid - 1492618495 {"order_id":"43426","cdeck_id":"1492618495","crm":"29759963","order_status":"cod"}
2025-12-01 10:30:16 store_script.php - 43426 crm - 29759963 cdekid - 1492618495 trackNum_amoId - 417631 {"order_id":"43426","cdeck_id":"1492618495","crm":"29759963","order_status":"cod"}
2025-12-01 10:30:17 request.php - https://vivaherb.amocrm.ru/api/v4/leads/29759963 PATCH 400  {"errors":{"29759963":"Lead not found"},"title":"Bad Request","type":"https://httpstatus.es/400","status":400,"detail":"Invalid request body"}
2025-12-01 10:30:18 request.php - https://vivaherb.amocrm.ru/api/v4/leads/29759963 PATCH 400  {"errors":{"29759963":"Lead not found"},"title":"Bad Request","type":"https://httpstatus.es/400","status":400,"detail":"Invalid request body"}
2025-12-01 10:30:18 store_script.php - 43426 crm - 29759963 END []
2025-12-01 10:30:19 store_script.php - 55743 crm - 30571295 cdekid - 10011353606 {"order_id":"55743","cdeck_id":"10011353606","crm":"30571295","order_status":"cod"}
2025-12-01 10:30:19 store_script.php - 55743 crm - 30571295 cdekid - 10011353606 trackNum_amoId - 417631 {"order_id":"55743","cdeck_id":"10011353606","crm":"30571295","order_status":"cod"}
2025-12-01 10:30:19 request.php - https://vivaherb.amocrm.ru/api/v4/leads/30571295 PATCH 400  {"errors":{"30571295":"Lead not found"},"title":"Bad Request","type":"https://httpstatus.es/400","status":400,"detail":"Invalid request body"}
2025-12-01 10:30:20 request.php - https://vivaherb.amocrm.ru/api/v4/leads/30571295 PATCH 400  {"errors":{"30571295":"Lead not found"},"title":"Bad Request","type":"https://httpstatus.es/400","status":400,"detail":"Invalid request body"}
2025-12-01 10:30:20 store_script.php - 55743 crm - 30571295 END []
2025-12-01 10:30:20 store_script.php - 56020 crm - 30580597 cdekid - 10012192492 {"order_id":"56020","cdeck_id":"10012192492","crm":"30580597","order_status":"intellectmoney"}
2025-12-01 10:30:20 store_script.php - 56020 crm - 30580597 cdekid - 10012192492 trackNum_amoId - 417631 {"order_id":"56020","cdeck_id":"10012192492","crm":"30580597","order_status":"intellectmoney"}
2025-12-01 10:30:21 request.php - https://vivaherb.amocrm.ru/api/v4/leads/30580597 PATCH 400  {"errors":{"30580597":"Lead not found"},"title":"Bad Request","type":"https://httpstatus.es/400","status":400,"detail":"Invalid request body"}
2025-12-01 10:30:21 store_script.php - 56020 crm - 30580597 END []
2025-12-01 10:30:22 store_script.php - 58805 crm - 30699429 cdekid - 10024732090 {"order_id":"58805","cdeck_id":"10024732090","crm":"30699429","order_status":"yookassa_widget"}
2025-12-01 10:30:22 store_script.php - 58805 crm - 30699429 cdekid - 10024732090 trackNum_amoId - 417631 {"order_id":"58805","cdeck_id":"10024732090","crm":"30699429","order_status":"yookassa_widget"}
2025-12-01 10:30:22 request.php - https://vivaherb.amocrm.ru/api/v4/leads/30699429 PATCH 400  {"errors":{"30699429":"Lead not found"},"title":"Bad Request","type":"https://httpstatus.es/400","status":400,"detail":"Invalid request body"}
2025-12-01 10:30:23 store_script.php - 58805 crm - 30699429 END []
2025-12-01 10:30:23 store_script.php - 58825 crm - 30700377 cdekid - 10024878326 {"order_id":"58825","cdeck_id":"10024878326","crm":"30700377","order_status":"yookassa_widget"}
2025-12-01 10:30:23 store_script.php - 58825 crm - 30700377 cdekid - 10024878326 trackNum_amoId - 417631 {"order_id":"58825","cdeck_id":"10024878326","crm":"30700377","order_status":"yookassa_widget"}
2025-12-01 10:30:24 request.php - https://vivaherb.amocrm.ru/api/v4/leads/30700377 PATCH 400  {"errors":{"30700377":"Lead not found"},"title":"Bad Request","type":"https://httpstatus.es/400","status":400,"detail":"Invalid request body"}
2025-12-01 10:30:24 store_script.php - 58825 crm - 30700377 END []
2025-12-01 10:30:25 store_script.php - 58891 crm - 30702185 cdekid - 10025084375 {"order_id":"58891","cdeck_id":"10025084375","crm":"30702185","order_status":"yookassa_widget"}
2025-12-01 10:30:25 store_script.php - 58891 crm - 30702185 cdekid - 10025084375 trackNum_amoId - 417631 {"order_id":"58891","cdeck_id":"10025084375","crm":"30702185","order_status":"yookassa_widget"}
2025-12-01 10:30:25 request.php - https://vivaherb.amocrm.ru/api/v4/leads/30702185 PATCH 400  {"errors":{"30702185":"Lead not found"},"title":"Bad Request","type":"https://httpstatus.es/400","status":400,"detail":"Invalid request body"}
2025-12-01 10:30:25 store_script.php - 58891 crm - 30702185 END []
2025-12-01 10:30:25 store_script.php - 59176 crm - 30706013 cdekid - 10025584176 {"order_id":"59176","cdeck_id":"10025584176","crm":"30706013","order_status":"yookassa_widget"}
2025-12-01 10:30:25 store_script.php - 59176 crm - 30706013 cdekid - 10025584176 trackNum_amoId - 417631 {"order_id":"59176","cdeck_id":"10025584176","crm":"30706013","order_status":"yookassa_widget"}
2025-12-01 10:30:26 request.php - https://vivaherb.amocrm.ru/api/v4/leads/30706013 PATCH 400  {"errors":{"30706013":"Lead not found"},"title":"Bad Request","type":"https://httpstatus.es/400","status":400,"detail":"Invalid request body"}
2025-12-01 10:30:26 store_script.php - 59176 crm - 30706013 END []
2025-12-01 10:30:27 store_script.php - 59181 crm - 30706069 cdekid - 10025587928 {"order_id":"59181","cdeck_id":"10025587928","crm":"30706069","order_status":"yookassa_widget"}
2025-12-01 10:30:27 store_script.php - 59181 crm - 30706069 cdekid - 10025587928 trackNum_amoId - 417631 {"order_id":"59181","cdeck_id":"10025587928","crm":"30706069","order_status":"yookassa_widget"}
2025-12-01 10:30:27 request.php - https://vivaherb.amocrm.ru/api/v4/leads/30706069 PATCH 400  {"errors":{"30706069":"Lead not found"},"title":"Bad Request","type":"https://httpstatus.es/400","status":400,"detail":"Invalid request body"}
2025-12-01 10:30:27 store_script.php - 59181 crm - 30706069 END []
2025-12-01 10:30:28 store_script.php - 59187 crm - 30706147 cdekid - 10025595773 {"order_id":"59187","cdeck_id":"10025595773","crm":"30706147","order_status":"yookassa_widget"}
2025-12-01 10:30:28 store_script.php - 59187 crm - 30706147 cdekid - 10025595773 trackNum_amoId - 417631 {"order_id":"59187","cdeck_id":"10025595773","crm":"30706147","order_status":"yookassa_widget"}
2025-12-01 10:30:28 request.php - https://vivaherb.amocrm.ru/api/v4/leads/30706147 PATCH 400  {"errors":{"30706147":"Lead not found"},"title":"Bad Request","type":"https://httpstatus.es/400","status":400,"detail":"Invalid request body"}
2025-12-01 10:30:28 store_script.php - 59187 crm - 30706147 END []
2025-12-01 10:30:29 store_script.php - 59188 crm - 30706175 cdekid - 10025597779 {"order_id":"59188","cdeck_id":"10025597779","crm":"30706175","order_status":"yookassa_widget"}
2025-12-01 10:30:29 store_script.php - 59188 crm - 30706175 cdekid - 10025597779 trackNum_amoId - 417631 {"order_id":"59188","cdeck_id":"10025597779","crm":"30706175","order_status":"yookassa_widget"}
2025-12-01 10:30:29 request.php - https://vivaherb.amocrm.ru/api/v4/leads/30706175 PATCH 400  {"errors":{"30706175":"Lead not found"},"title":"Bad Request","type":"https://httpstatus.es/400","status":400,"detail":"Invalid request body"}
2025-12-01 10:30:29 store_script.php - 59188 crm - 30706175 END []
2025-12-01 10:30:30 store_script.php - 61931 crm - 30957731 cdekid - 10044840842 {"order_id":"61931","cdeck_id":"10044840842","crm":"30957731","order_status":"yookassa_widget"}
2025-12-01 10:30:30 store_script.php - 61931 crm - 30957731 cdekid - 10044840842 trackNum_amoId - 417631 {"order_id":"61931","cdeck_id":"10044840842","crm":"30957731","order_status":"yookassa_widget"}
2025-12-01 10:30:31 request.php - https://vivaherb.amocrm.ru/api/v4/leads/30957731 PATCH 400  {"errors":{"30957731":"Lead not found"},"title":"Bad Request","type":"https://httpstatus.es/400","status":400,"detail":"Invalid request body"}
2025-12-01 10:30:31 store_script.php - 61931 crm - 30957731 END []
2025-12-01 10:30:32 store_script.php - 64064 crm - 31115305 cdekid - 10067371813 {"order_id":"64064","cdeck_id":"10067371813","crm":"31115305","order_status":"yookassa_widget"}
2025-12-01 10:30:32 store_script.php - 64064 crm - 31115305 cdekid - 10067371813 trackNum_amoId - 417631 {"order_id":"64064","cdeck_id":"10067371813","crm":"31115305","order_status":"yookassa_widget"}
2025-12-01 10:30:32 request.php - https://vivaherb.amocrm.ru/api/v4/leads/31115305 PATCH 400  {"errors":{"31115305":"Lead not found"},"title":"Bad Request","type":"https://httpstatus.es/400","status":400,"detail":"Invalid request body"}
2025-12-01 10:30:33 store_script.php - 64064 crm - 31115305 END []
2025-12-01 10:30:33 store_script.php - 64110 crm - 31117287 cdekid - 10067760566 {"order_id":"64110","cdeck_id":"10067760566","crm":"31117287","order_status":"yookassa_widget"}
2025-12-01 10:30:33 store_script.php - 64110 crm - 31117287 cdekid - 10067760566 trackNum_amoId - 417631 {"order_id":"64110","cdeck_id":"10067760566","crm":"31117287","order_status":"yookassa_widget"}
2025-12-01 10:30:33 request.php - https://vivaherb.amocrm.ru/api/v4/leads/31117287 PATCH 400  {"errors":{"31117287":"Lead not found"},"title":"Bad Request","type":"https://httpstatus.es/400","status":400,"detail":"Invalid request body"}
2025-12-01 10:30:33 store_script.php - 64110 crm - 31117287 END []
2025-12-01 10:30:34 store_script.php - 64904 crm - 31188065 cdekid - 10075009440 {"order_id":"64904","cdeck_id":"10075009440","crm":"31188065","order_status":"yookassa_widget"}
2025-12-01 10:30:34 store_script.php - 64904 crm - 31188065 cdekid - 10075009440 trackNum_amoId - 417631 {"order_id":"64904","cdeck_id":"10075009440","crm":"31188065","order_status":"yookassa_widget"}
2025-12-01 10:30:34 request.php - https://vivaherb.amocrm.ru/api/v4/leads/31188065 PATCH 400  {"errors":{"31188065":"Lead not found"},"title":"Bad Request","type":"https://httpstatus.es/400","status":400,"detail":"Invalid request body"}
2025-12-01 10:30:34 store_script.php - 64904 crm - 31188065 END []
2025-12-01 10:30:35 store_script.php - 66655 crm - 31331987 cdekid - 10093681196 {"order_id":"66655","cdeck_id":"10093681196","crm":"31331987","order_status":"yookassa_widget"}
2025-12-01 10:30:35 store_script.php - 66655 crm - 31331987 cdekid - 10093681196 trackNum_amoId - 417631 {"order_id":"66655","cdeck_id":"10093681196","crm":"31331987","order_status":"yookassa_widget"}
2025-12-01 10:30:35 request.php - https://vivaherb.amocrm.ru/api/v4/leads/31331987 PATCH 400  {"errors":{"31331987":"Lead not found"},"title":"Bad Request","type":"https://httpstatus.es/400","status":400,"detail":"Invalid request body"}
2025-12-01 10:30:36 store_script.php - 66655 crm - 31331987 END []
2025-12-01 10:30:36 store_script.php - 66657 crm - 31332069 cdekid - 10093687362 {"order_id":"66657","cdeck_id":"10093687362","crm":"31332069","order_status":"yookassa_widget"}
2025-12-01 10:30:36 store_script.php - 66657 crm - 31332069 cdekid - 10093687362 trackNum_amoId - 417631 {"order_id":"66657","cdeck_id":"10093687362","crm":"31332069","order_status":"yookassa_widget"}
2025-12-01 10:30:36 request.php - https://vivaherb.amocrm.ru/api/v4/leads/31332069 PATCH 400  {"errors":{"31332069":"Lead not found"},"title":"Bad Request","type":"https://httpstatus.es/400","status":400,"detail":"Invalid request body"}
2025-12-01 10:30:36 store_script.php - 66657 crm - 31332069 END []
2025-12-01 10:30:37 store_script.php - 66765 crm - 31341715 cdekid - 10095118494 {"order_id":"66765","cdeck_id":"10095118494","crm":"31341715","order_status":"cod"}
2025-12-01 10:30:37 store_script.php - 66765 crm - 31341715 cdekid - 10095118494 trackNum_amoId - 417631 {"order_id":"66765","cdeck_id":"10095118494","crm":"31341715","order_status":"cod"}
2025-12-01 10:30:37 request.php - https://vivaherb.amocrm.ru/api/v4/leads/31341715 PATCH 400  {"errors":{"31341715":"Lead not found"},"title":"Bad Request","type":"https://httpstatus.es/400","status":400,"detail":"Invalid request body"}
2025-12-01 10:30:37 request.php - https://vivaherb.amocrm.ru/api/v4/leads/31341715 PATCH 400  {"errors":{"31341715":"Lead not found"},"title":"Bad Request","type":"https://httpstatus.es/400","status":400,"detail":"Invalid request body"}
2025-12-01 10:30:37 store_script.php - 66765 crm - 31341715 END []
2025-12-01 10:30:38 store_script.php - 67842 crm - 31420031 cdekid - 10105128997 {"order_id":"67842","cdeck_id":"10105128997","crm":"31420031","order_status":"yookassa_widget"}
2025-12-01 10:30:38 store_script.php - 67842 crm - 31420031 cdekid - 10105128997 trackNum_amoId - 417631 {"order_id":"67842","cdeck_id":"10105128997","crm":"31420031","order_status":"yookassa_widget"}
2025-12-01 10:30:38 request.php - https://vivaherb.amocrm.ru/api/v4/leads/31420031 PATCH 400  {"errors":{"31420031":"Lead not found"},"title":"Bad Request","type":"https://httpstatus.es/400","status":400,"detail":"Invalid request body"}
2025-12-01 10:30:38 store_script.php - 67842 crm - 31420031 END []
2025-12-01 10:30:47 store_script.php - 70672 crm - 31684629 cdekid - 10137210974 {"order_id":"70672","cdeck_id":"10137210974","crm":"31684629","order_status":"yookassa_widget"}
2025-12-01 10:30:47 store_script.php - 70672 crm - 31684629 cdekid - 10137210974 trackNum_amoId - 417631 {"order_id":"70672","cdeck_id":"10137210974","crm":"31684629","order_status":"yookassa_widget"}
2025-12-01 10:30:48 request.php - https://vivaherb.amocrm.ru/api/v4/leads/31684629 PATCH 400  {"errors":{"31684629":"Lead not found"},"title":"Bad Request","type":"https://httpstatus.es/400","status":400,"detail":"Invalid request body"}
2025-12-01 10:30:48 store_script.php - 70672 crm - 31684629 END []
2025-12-01 10:30:55 store_script.php - 73935 crm - 31945623 cdekid - 10170059138 {"order_id":"73935","cdeck_id":"10170059138","crm":"31945623","order_status":"intellectmoney"}
2025-12-01 10:30:55 store_script.php - 73935 crm - 31945623 cdekid - 10170059138 trackNum_amoId - 417631 {"order_id":"73935","cdeck_id":"10170059138","crm":"31945623","order_status":"intellectmoney"}
2025-12-01 10:30:55 request.php - https://vivaherb.amocrm.ru/api/v4/leads/31945623 PATCH 400  {"errors":{"31945623":"Lead not found"},"title":"Bad Request","type":"https://httpstatus.es/400","status":400,"detail":"Invalid request body"}
2025-12-01 10:30:55 store_script.php - 73935 crm - 31945623 END []
2025-12-01 10:31:05 store_script.php - 76902 crm - 32081909 cdekid - 10192726003 {"order_id":"76902","cdeck_id":"10192726003","crm":"32081909","order_status":"intellectmoney"}
2025-12-01 10:31:05 store_script.php - 76902 crm - 32081909 cdekid - 10192726003 trackNum_amoId - 417631 {"order_id":"76902","cdeck_id":"10192726003","crm":"32081909","order_status":"intellectmoney"}
2025-12-01 10:31:06 store_script.php - 76902 crm - 32081909 get_oreder {"meta":{"href":"https://api.moysklad.ru/api/remap/1.2/entity/customerorder/647843a9-ce21-11f0-0a80-1c54008c7315","metadataHref":"https://api.moysklad.ru/api/remap/1.2/entity/customerorder/metadata","type":"customerorder","mediaType":"application/json","uuidHref":"https://online.moysklad.ru/app/#customerorder/edit?id=647843a9-ce21-11f0-0a80-1c54008c7315"},"id":"647843a9-ce21-11f0-0a80-1c54008c7315","accountId":"dc992fd7-e243-
2025-12-01 10:31:06 store_script.php - 76902 crm - 32081909 END []
2025-12-01 10:31:07 store_script.php - 76904 crm - 32081941 cdekid - 10192729990 {"order_id":"76904","cdeck_id":"10192729990","crm":"32081941","order_status":"intellectmoney"}
2025-12-01 10:31:07 store_script.php - 76904 crm - 32081941 cdekid - 10192729990 trackNum_amoId - 417631 {"order_id":"76904","cdeck_id":"10192729990","crm":"32081941","order_status":"intellectmoney"}
2025-12-01 10:31:08 store_script.php - 76904 crm - 32081941 get_oreder {"meta":{"href":"https://api.moysklad.ru/api/remap/1.2/entity/customerorder/be0c78a2-ce24-11f0-0a80-1635008bede2","metadataHref":"https://api.moysklad.ru/api/remap/1.2/entity/customerorder/metadata","type":"customerorder","mediaType":"application/json","uuidHref":"https://online.moysklad.ru/app/#customerorder/edit?id=be0c78a2-ce24-11f0-0a80-1635008bede2"},"id":"be0c78a2-ce24-11f0-0a80-1635008bede2","accountId":"dc992fd7-e243-
2025-12-01 10:31:08 store_script.php - 76904 crm - 32081941 END []
2025-12-01 11:30:03 store_script.php - 30509 crm - 27215649 cdekid - 1378035246 {"order_id":"30509","cdeck_id":"1378035246","crm":"27215649","order_status":"cod"}
2025-12-01 11:30:03 store_script.php - 30509 crm - 27215649 cdekid - 1378035246 trackNum_amoId - 417631 {"order_id":"30509","cdeck_id":"1378035246","crm":"27215649","order_status":"cod"}
2025-12-01 11:30:04 request.php - https://vivaherb.amocrm.ru/api/v4/leads/27215649 PATCH 400  {"errors":{"27215649":"Lead not found"},"title":"Bad Request","type":"https://httpstatus.es/400","status":400,"detail":"Invalid request body"}
2025-12-01 11:30:05 request.php - https://vivaherb.amocrm.ru/api/v4/leads/27215649 PATCH 400  {"errors":{"27215649":"Lead not found"},"title":"Bad Request","type":"https://httpstatus.es/400","status":400,"detail":"Invalid request body"}
2025-12-01 11:30:05 store_script.php - 30509 crm - 27215649 END []
2025-12-01 11:30:06 store_script.php - 30980 crm - 27451493 cdekid - 1384831846 {"order_id":"30980","cdeck_id":"1384831846","crm":"27451493","order_status":"yookassa_widget"}
2025-12-01 11:30:06 store_script.php - 30980 crm - 27451493 cdekid - 1384831846 trackNum_amoId - 417631 {"order_id":"30980","cdeck_id":"1384831846","crm":"27451493","order_status":"yookassa_widget"}
2025-12-01 11:30:06 request.php - https://vivaherb.amocrm.ru/api/v4/leads/27451493 PATCH 400  {"errors":{"27451493":"Lead not found"},"title":"Bad Request","type":"https://httpstatus.es/400","status":400,"detail":"Invalid request body"}
2025-12-01 11:30:06 store_script.php - 30980 crm - 27451493 END []
2025-12-01 11:30:07 store_script.php - 31159 crm - 27523369 cdekid - 1388417736 {"order_id":"31159","cdeck_id":"1388417736","crm":"27523369","order_status":"yookassa_widget"}
2025-12-01 11:30:07 store_script.php - 31159 crm - 27523369 cdekid - 1388417736 trackNum_amoId - 417631 {"order_id":"31159","cdeck_id":"1388417736","crm":"27523369","order_status":"yookassa_widget"}
2025-12-01 11:30:07 request.php - https://vivaherb.amocrm.ru/api/v4/leads/27523369 PATCH 400  {"errors":{"27523369":"Lead not found"},"title":"Bad Request","type":"https://httpstatus.es/400","status":400,"detail":"Invalid request body"}
2025-12-01 11:30:08 store_script.php - 31159 crm - 27523369 END []
2025-12-01 11:30:08 store_script.php - 31689 crm - 27678093 cdekid - 1394658580 {"order_id":"31689","cdeck_id":"1394658580","crm":"27678093","order_status":"cod"}
2025-12-01 11:30:08 store_script.php - 31689 crm - 27678093 cdekid - 1394658580 trackNum_amoId - 417631 {"order_id":"31689","cdeck_id":"1394658580","crm":"27678093","order_status":"cod"}
2025-12-01 11:30:08 request.php - https://vivaherb.amocrm.ru/api/v4/leads/27678093 PATCH 400  {"errors":{"27678093":"Lead not found"},"title":"Bad Request","type":"https://httpstatus.es/400","status":400,"detail":"Invalid request body"}
2025-12-01 11:30:09 request.php - https://vivaherb.amocrm.ru/api/v4/leads/27678093 PATCH 400  {"errors":{"27678093":"Lead not found"},"title":"Bad Request","type":"https://httpstatus.es/400","status":400,"detail":"Invalid request body"}
2025-12-01 11:30:09 store_script.php - 31689 crm - 27678093 END []
2025-12-01 11:30:10 store_script.php - 32666 crm - 28043619 cdekid - 1407999796 {"order_id":"32666","cdeck_id":"1407999796","crm":"28043619","order_status":"yookassa_widget"}
2025-12-01 11:30:10 store_script.php - 32666 crm - 28043619 cdekid - 1407999796 trackNum_amoId - 417631 {"order_id":"32666","cdeck_id":"1407999796","crm":"28043619","order_status":"yookassa_widget"}
2025-12-01 11:30:10 request.php - https://vivaherb.amocrm.ru/api/v4/leads/28043619 PATCH 400  {"errors":{"28043619":"Lead not found"},"title":"Bad Request","type":"https://httpstatus.es/400","status":400,"detail":"Invalid request body"}
2025-12-01 11:30:11 store_script.php - 32666 crm - 28043619 END []
2025-12-01 11:30:11 store_script.php - 35382 crm - 28949539 cdekid - 1440454117 {"order_id":"35382","cdeck_id":"1440454117","crm":"28949539","order_status":"yookassa_widget"}
2025-12-01 11:30:11 store_script.php - 35382 crm - 28949539 cdekid - 1440454117 trackNum_amoId - 417631 {"order_id":"35382","cdeck_id":"1440454117","crm":"28949539","order_status":"yookassa_widget"}
2025-12-01 11:30:12 request.php - https://vivaherb.amocrm.ru/api/v4/leads/28949539 PATCH 400  {"errors":{"28949539":"Lead not found"},"title":"Bad Request","type":"https://httpstatus.es/400","status":400,"detail":"Invalid request body"}
2025-12-01 11:30:13 store_script.php - 35382 crm - 28949539 END []
2025-12-01 11:30:13 store_script.php - 36740 crm - 29177633 cdekid - 1450621353 {"order_id":"36740","cdeck_id":"1450621353","crm":"29177633","order_status":"yookassa_widget"}
2025-12-01 11:30:13 store_script.php - 36740 crm - 29177633 cdekid - 1450621353 trackNum_amoId - 417631 {"order_id":"36740","cdeck_id":"1450621353","crm":"29177633","order_status":"yookassa_widget"}
2025-12-01 11:30:14 request.php - https://vivaherb.amocrm.ru/api/v4/leads/29177633 PATCH 400  {"errors":{"29177633":"Lead not found"},"title":"Bad Request","type":"https://httpstatus.es/400","status":400,"detail":"Invalid request body"}
2025-12-01 11:30:14 store_script.php - 36740 crm - 29177633 END []
2025-12-01 11:30:14 store_script.php - 43426 crm - 29759963 cdekid - 1492618495 {"order_id":"43426","cdeck_id":"1492618495","crm":"29759963","order_status":"cod"}
2025-12-01 11:30:14 store_script.php - 43426 crm - 29759963 cdekid - 1492618495 trackNum_amoId - 417631 {"order_id":"43426","cdeck_id":"1492618495","crm":"29759963","order_status":"cod"}
2025-12-01 11:30:15 request.php - https://vivaherb.amocrm.ru/api/v4/leads/29759963 PATCH 400  {"errors":{"29759963":"Lead not found"},"title":"Bad Request","type":"https://httpstatus.es/400","status":400,"detail":"Invalid request body"}
2025-12-01 11:30:15 request.php - https://vivaherb.amocrm.ru/api/v4/leads/29759963 PATCH 400  {"errors":{"29759963":"Lead not found"},"title":"Bad Request","type":"https://httpstatus.es/400","status":400,"detail":"Invalid request body"}
2025-12-01 11:30:16 store_script.php - 43426 crm - 29759963 END []
2025-12-01 11:30:16 store_script.php - 55743 crm - 30571295 cdekid - 10011353606 {"order_id":"55743","cdeck_id":"10011353606","crm":"30571295","order_status":"cod"}
2025-12-01 11:30:16 store_script.php - 55743 crm - 30571295 cdekid - 10011353606 trackNum_amoId - 417631 {"order_id":"55743","cdeck_id":"10011353606","crm":"30571295","order_status":"cod"}
2025-12-01 11:30:17 request.php - https://vivaherb.amocrm.ru/api/v4/leads/30571295 PATCH 400  {"errors":{"30571295":"Lead not found"},"title":"Bad Request","type":"https://httpstatus.es/400","status":400,"detail":"Invalid request body"}
2025-12-01 11:30:17 request.php - https://vivaherb.amocrm.ru/api/v4/leads/30571295 PATCH 400  {"errors":{"30571295":"Lead not found"},"title":"Bad Request","type":"https://httpstatus.es/400","status":400,"detail":"Invalid request body"}
2025-12-01 11:30:18 store_script.php - 55743 crm - 30571295 END []
2025-12-01 11:30:18 store_script.php - 56020 crm - 30580597 cdekid - 10012192492 {"order_id":"56020","cdeck_id":"10012192492","crm":"30580597","order_status":"intellectmoney"}
2025-12-01 11:30:18 store_script.php - 56020 crm - 30580597 cdekid - 10012192492 trackNum_amoId - 417631 {"order_id":"56020","cdeck_id":"10012192492","crm":"30580597","order_status":"intellectmoney"}
2025-12-01 11:30:18 request.php - https://vivaherb.amocrm.ru/api/v4/leads/30580597 PATCH 400  {"errors":{"30580597":"Lead not found"},"title":"Bad Request","type":"https://httpstatus.es/400","status":400,"detail":"Invalid request body"}
2025-12-01 11:30:19 store_script.php - 56020 crm - 30580597 END []
2025-12-01 11:30:19 store_script.php - 58805 crm - 30699429 cdekid - 10024732090 {"order_id":"58805","cdeck_id":"10024732090","crm":"30699429","order_status":"yookassa_widget"}
2025-12-01 11:30:19 store_script.php - 58805 crm - 30699429 cdekid - 10024732090 trackNum_amoId - 417631 {"order_id":"58805","cdeck_id":"10024732090","crm":"30699429","order_status":"yookassa_widget"}
2025-12-01 11:30:20 request.php - https://vivaherb.amocrm.ru/api/v4/leads/30699429 PATCH 400  {"errors":{"30699429":"Lead not found"},"title":"Bad Request","type":"https://httpstatus.es/400","status":400,"detail":"Invalid request body"}
2025-12-01 11:30:20 store_script.php - 58805 crm - 30699429 END []
2025-12-01 11:30:20 store_script.php - 58825 crm - 30700377 cdekid - 10024878326 {"order_id":"58825","cdeck_id":"10024878326","crm":"30700377","order_status":"yookassa_widget"}
2025-12-01 11:30:20 store_script.php - 58825 crm - 30700377 cdekid - 10024878326 trackNum_amoId - 417631 {"order_id":"58825","cdeck_id":"10024878326","crm":"30700377","order_status":"yookassa_widget"}
2025-12-01 11:30:21 request.php - https://vivaherb.amocrm.ru/api/v4/leads/30700377 PATCH 400  {"errors":{"30700377":"Lead not found"},"title":"Bad Request","type":"https://httpstatus.es/400","status":400,"detail":"Invalid request body"}
2025-12-01 11:30:22 store_script.php - 58825 crm - 30700377 END []
2025-12-01 11:30:22 store_script.php - 58891 crm - 30702185 cdekid - 10025084375 {"order_id":"58891","cdeck_id":"10025084375","crm":"30702185","order_status":"yookassa_widget"}
2025-12-01 11:30:22 store_script.php - 58891 crm - 30702185 cdekid - 10025084375 trackNum_amoId - 417631 {"order_id":"58891","cdeck_id":"10025084375","crm":"30702185","order_status":"yookassa_widget"}
2025-12-01 11:30:24 request.php - https://vivaherb.amocrm.ru/api/v4/leads/30702185 PATCH 400  {"errors":{"30702185":"Lead not found"},"title":"Bad Request","type":"https://httpstatus.es/400","status":400,"detail":"Invalid request body"}
2025-12-01 11:30:25 store_script.php - 58891 crm - 30702185 END []
2025-12-01 11:30:26 store_script.php - 59176 crm - 30706013 cdekid - 10025584176 {"order_id":"59176","cdeck_id":"10025584176","crm":"30706013","order_status":"yookassa_widget"}
2025-12-01 11:30:26 store_script.php - 59176 crm - 30706013 cdekid - 10025584176 trackNum_amoId - 417631 {"order_id":"59176","cdeck_id":"10025584176","crm":"30706013","order_status":"yookassa_widget"}
2025-12-01 11:30:26 request.php - https://vivaherb.amocrm.ru/api/v4/leads/30706013 PATCH 400  {"errors":{"30706013":"Lead not found"},"title":"Bad Request","type":"https://httpstatus.es/400","status":400,"detail":"Invalid request body"}
2025-12-01 11:30:27 store_script.php - 59176 crm - 30706013 END []
2025-12-01 11:30:27 store_script.php - 59181 crm - 30706069 cdekid - 10025587928 {"order_id":"59181","cdeck_id":"10025587928","crm":"30706069","order_status":"yookassa_widget"}
2025-12-01 11:30:27 store_script.php - 59181 crm - 30706069 cdekid - 10025587928 trackNum_amoId - 417631 {"order_id":"59181","cdeck_id":"10025587928","crm":"30706069","order_status":"yookassa_widget"}
2025-12-01 11:30:27 request.php - https://vivaherb.amocrm.ru/api/v4/leads/30706069 PATCH 400  {"errors":{"30706069":"Lead not found"},"title":"Bad Request","type":"https://httpstatus.es/400","status":400,"detail":"Invalid request body"}
2025-12-01 11:30:28 store_script.php - 59181 crm - 30706069 END []
2025-12-01 11:30:28 store_script.php - 59187 crm - 30706147 cdekid - 10025595773 {"order_id":"59187","cdeck_id":"10025595773","crm":"30706147","order_status":"yookassa_widget"}
2025-12-01 11:30:28 store_script.php - 59187 crm - 30706147 cdekid - 10025595773 trackNum_amoId - 417631 {"order_id":"59187","cdeck_id":"10025595773","crm":"30706147","order_status":"yookassa_widget"}
2025-12-01 11:30:29 request.php - https://vivaherb.amocrm.ru/api/v4/leads/30706147 PATCH 400  {"errors":{"30706147":"Lead not found"},"title":"Bad Request","type":"https://httpstatus.es/400","status":400,"detail":"Invalid request body"}
2025-12-01 11:30:29 store_script.php - 59187 crm - 30706147 END []
2025-12-01 11:30:29 store_script.php - 59188 crm - 30706175 cdekid - 10025597779 {"order_id":"59188","cdeck_id":"10025597779","crm":"30706175","order_status":"yookassa_widget"}
2025-12-01 11:30:29 store_script.php - 59188 crm - 30706175 cdekid - 10025597779 trackNum_amoId - 417631 {"order_id":"59188","cdeck_id":"10025597779","crm":"30706175","order_status":"yookassa_widget"}
2025-12-01 11:30:30 request.php - https://vivaherb.amocrm.ru/api/v4/leads/30706175 PATCH 400  {"errors":{"30706175":"Lead not found"},"title":"Bad Request","type":"https://httpstatus.es/400","status":400,"detail":"Invalid request body"}
2025-12-01 11:30:31 store_script.php - 59188 crm - 30706175 END []
2025-12-01 11:30:31 store_script.php - 61931 crm - 30957731 cdekid - 10044840842 {"order_id":"61931","cdeck_id":"10044840842","crm":"30957731","order_status":"yookassa_widget"}
2025-12-01 11:30:31 store_script.php - 61931 crm - 30957731 cdekid - 10044840842 trackNum_amoId - 417631 {"order_id":"61931","cdeck_id":"10044840842","crm":"30957731","order_status":"yookassa_widget"}
2025-12-01 11:30:32 request.php - https://vivaherb.amocrm.ru/api/v4/leads/30957731 PATCH 400  {"errors":{"30957731":"Lead not found"},"title":"Bad Request","type":"https://httpstatus.es/400","status":400,"detail":"Invalid request body"}
2025-12-01 11:30:32 store_script.php - 61931 crm - 30957731 END []
2025-12-01 11:30:33 store_script.php - 64064 crm - 31115305 cdekid - 10067371813 {"order_id":"64064","cdeck_id":"10067371813","crm":"31115305","order_status":"yookassa_widget"}
2025-12-01 11:30:33 store_script.php - 64064 crm - 31115305 cdekid - 10067371813 trackNum_amoId - 417631 {"order_id":"64064","cdeck_id":"10067371813","crm":"31115305","order_status":"yookassa_widget"}
2025-12-01 11:30:34 request.php - https://vivaherb.amocrm.ru/api/v4/leads/31115305 PATCH 400  {"errors":{"31115305":"Lead not found"},"title":"Bad Request","type":"https://httpstatus.es/400","status":400,"detail":"Invalid request body"}
2025-12-01 11:30:36 store_script.php - 64064 crm - 31115305 END []
2025-12-01 11:30:36 store_script.php - 64110 crm - 31117287 cdekid - 10067760566 {"order_id":"64110","cdeck_id":"10067760566","crm":"31117287","order_status":"yookassa_widget"}
2025-12-01 11:30:36 store_script.php - 64110 crm - 31117287 cdekid - 10067760566 trackNum_amoId - 417631 {"order_id":"64110","cdeck_id":"10067760566","crm":"31117287","order_status":"yookassa_widget"}
2025-12-01 11:30:36 request.php - https://vivaherb.amocrm.ru/api/v4/leads/31117287 PATCH 400  {"errors":{"31117287":"Lead not found"},"title":"Bad Request","type":"https://httpstatus.es/400","status":400,"detail":"Invalid request body"}
2025-12-01 11:30:37 store_script.php - 64110 crm - 31117287 END []
2025-12-01 11:30:37 store_script.php - 64904 crm - 31188065 cdekid - 10075009440 {"order_id":"64904","cdeck_id":"10075009440","crm":"31188065","order_status":"yookassa_widget"}
2025-12-01 11:30:37 store_script.php - 64904 crm - 31188065 cdekid - 10075009440 trackNum_amoId - 417631 {"order_id":"64904","cdeck_id":"10075009440","crm":"31188065","order_status":"yookassa_widget"}
2025-12-01 11:30:38 request.php - https://vivaherb.amocrm.ru/api/v4/leads/31188065 PATCH 400  {"errors":{"31188065":"Lead not found"},"title":"Bad Request","type":"https://httpstatus.es/400","status":400,"detail":"Invalid request body"}
2025-12-01 11:30:38 store_script.php - 64904 crm - 31188065 END []
2025-12-01 11:30:39 store_script.php - 66655 crm - 31331987 cdekid - 10093681196 {"order_id":"66655","cdeck_id":"10093681196","crm":"31331987","order_status":"yookassa_widget"}
2025-12-01 11:30:39 store_script.php - 66655 crm - 31331987 cdekid - 10093681196 trackNum_amoId - 417631 {"order_id":"66655","cdeck_id":"10093681196","crm":"31331987","order_status":"yookassa_widget"}
2025-12-01 11:30:39 request.php - https://vivaherb.amocrm.ru/api/v4/leads/31331987 PATCH 400  {"errors":{"31331987":"Lead not found"},"title":"Bad Request","type":"https://httpstatus.es/400","status":400,"detail":"Invalid request body"}
2025-12-01 11:30:40 store_script.php - 66655 crm - 31331987 END []
2025-12-01 11:30:40 store_script.php - 66657 crm - 31332069 cdekid - 10093687362 {"order_id":"66657","cdeck_id":"10093687362","crm":"31332069","order_status":"yookassa_widget"}
2025-12-01 11:30:40 store_script.php - 66657 crm - 31332069 cdekid - 10093687362 trackNum_amoId - 417631 {"order_id":"66657","cdeck_id":"10093687362","crm":"31332069","order_status":"yookassa_widget"}
2025-12-01 11:30:40 request.php - https://vivaherb.amocrm.ru/api/v4/leads/31332069 PATCH 400  {"errors":{"31332069":"Lead not found"},"title":"Bad Request","type":"https://httpstatus.es/400","status":400,"detail":"Invalid request body"}
2025-12-01 11:30:41 store_script.php - 66657 crm - 31332069 END []
2025-12-01 11:30:41 store_script.php - 66765 crm - 31341715 cdekid - 10095118494 {"order_id":"66765","cdeck_id":"10095118494","crm":"31341715","order_status":"cod"}
2025-12-01 11:30:41 store_script.php - 66765 crm - 31341715 cdekid - 10095118494 trackNum_amoId - 417631 {"order_id":"66765","cdeck_id":"10095118494","crm":"31341715","order_status":"cod"}
2025-12-01 11:30:42 request.php - https://vivaherb.amocrm.ru/api/v4/leads/31341715 PATCH 400  {"errors":{"31341715":"Lead not found"},"title":"Bad Request","type":"https://httpstatus.es/400","status":400,"detail":"Invalid request body"}
2025-12-01 11:30:42 request.php - https://vivaherb.amocrm.ru/api/v4/leads/31341715 PATCH 400  {"errors":{"31341715":"Lead not found"},"title":"Bad Request","type":"https://httpstatus.es/400","status":400,"detail":"Invalid request body"}
2025-12-01 11:30:42 store_script.php - 66765 crm - 31341715 END []
2025-12-01 11:30:43 store_script.php - 67842 crm - 31420031 cdekid - 10105128997 {"order_id":"67842","cdeck_id":"10105128997","crm":"31420031","order_status":"yookassa_widget"}
2025-12-01 11:30:43 store_script.php - 67842 crm - 31420031 cdekid - 10105128997 trackNum_amoId - 417631 {"order_id":"67842","cdeck_id":"10105128997","crm":"31420031","order_status":"yookassa_widget"}
2025-12-01 11:30:43 request.php - https://vivaherb.amocrm.ru/api/v4/leads/31420031 PATCH 400  {"errors":{"31420031":"Lead not found"},"title":"Bad Request","type":"https://httpstatus.es/400","status":400,"detail":"Invalid request body"}
2025-12-01 11:30:44 store_script.php - 67842 crm - 31420031 END []
2025-12-01 11:30:54 store_script.php - 70672 crm - 31684629 cdekid - 10137210974 {"order_id":"70672","cdeck_id":"10137210974","crm":"31684629","order_status":"yookassa_widget"}
2025-12-01 11:30:54 store_script.php - 70672 crm - 31684629 cdekid - 10137210974 trackNum_amoId - 417631 {"order_id":"70672","cdeck_id":"10137210974","crm":"31684629","order_status":"yookassa_widget"}
2025-12-01 11:30:55 request.php - https://vivaherb.amocrm.ru/api/v4/leads/31684629 PATCH 400  {"errors":{"31684629":"Lead not found"},"title":"Bad Request","type":"https://httpstatus.es/400","status":400,"detail":"Invalid request body"}
2025-12-01 11:30:56 store_script.php - 70672 crm - 31684629 END []
2025-12-01 11:31:01 store_script.php - 73935 crm - 31945623 cdekid - 10170059138 {"order_id":"73935","cdeck_id":"10170059138","crm":"31945623","order_status":"intellectmoney"}
2025-12-01 11:31:01 store_script.php - 73935 crm - 31945623 cdekid - 10170059138 trackNum_amoId - 417631 {"order_id":"73935","cdeck_id":"10170059138","crm":"31945623","order_status":"intellectmoney"}
2025-12-01 11:31:02 request.php - https://vivaherb.amocrm.ru/api/v4/leads/31945623 PATCH 400  {"errors":{"31945623":"Lead not found"},"title":"Bad Request","type":"https://httpstatus.es/400","status":400,"detail":"Invalid request body"}
2025-12-01 11:31:02 store_script.php - 73935 crm - 31945623 END []
2025-12-01 11:31:12 store_script.php - 76902 crm - 32081909 cdekid - 10192726003 {"order_id":"76902","cdeck_id":"10192726003","crm":"32081909","order_status":"intellectmoney"}
2025-12-01 11:31:12 store_script.php - 76902 crm - 32081909 cdekid - 10192726003 trackNum_amoId - 417631 {"order_id":"76902","cdeck_id":"10192726003","crm":"32081909","order_status":"intellectmoney"}
2025-12-01 11:31:15 store_script.php - 76902 crm - 32081909 get_oreder {"meta":{"href":"https://api.moysklad.ru/api/remap/1.2/entity/customerorder/647843a9-ce21-11f0-0a80-1c54008c7315","metadataHref":"https://api.moysklad.ru/api/remap/1.2/entity/customerorder/metadata","type":"customerorder","mediaType":"application/json","uuidHref":"https://online.moysklad.ru/app/#customerorder/edit?id=647843a9-ce21-11f0-0a80-1c54008c7315"},"id":"647843a9-ce21-11f0-0a80-1c54008c7315","accountId":"dc992fd7-e243-
2025-12-01 11:31:16 store_script.php - 76902 crm - 32081909 END []
2025-12-01 12:00:03 token refresh []
2025-12-01 12:30:00 store_script.php - 30509 crm - 27215649 cdekid - 1378035246 {"order_id":"30509","cdeck_id":"1378035246","crm":"27215649","order_status":"cod"}
2025-12-01 12:30:00 store_script.php - 30509 crm - 27215649 cdekid - 1378035246 trackNum_amoId - 417631 {"order_id":"30509","cdeck_id":"1378035246","crm":"27215649","order_status":"cod"}
2025-12-01 12:30:00 request.php - https://vivaherb.amocrm.ru/api/v4/leads/27215649 PATCH 400  {"errors":{"27215649":"Lead not found"},"title":"Bad Request","type":"https://httpstatus.es/400","status":400,"detail":"Invalid request body"}
2025-12-01 12:30:00 request.php - https://vivaherb.amocrm.ru/api/v4/leads/27215649 PATCH 400  {"errors":{"27215649":"Lead not found"},"title":"Bad Request","type":"https://httpstatus.es/400","status":400,"detail":"Invalid request body"}
2025-12-01 12:30:01 store_script.php - 30509 crm - 27215649 END []
2025-12-01 12:30:01 store_script.php - 30980 crm - 27451493 cdekid - 1384831846 {"order_id":"30980","cdeck_id":"1384831846","crm":"27451493","order_status":"yookassa_widget"}
2025-12-01 12:30:01 store_script.php - 30980 crm - 27451493 cdekid - 1384831846 trackNum_amoId - 417631 {"order_id":"30980","cdeck_id":"1384831846","crm":"27451493","order_status":"yookassa_widget"}
2025-12-01 12:30:02 request.php - https://vivaherb.amocrm.ru/api/v4/leads/27451493 PATCH 400  {"errors":{"27451493":"Lead not found"},"title":"Bad Request","type":"https://httpstatus.es/400","status":400,"detail":"Invalid request body"}
2025-12-01 12:30:02 store_script.php - 30980 crm - 27451493 END []
2025-12-01 12:30:02 store_script.php - 31159 crm - 27523369 cdekid - 1388417736 {"order_id":"31159","cdeck_id":"1388417736","crm":"27523369","order_status":"yookassa_widget"}
2025-12-01 12:30:02 store_script.php - 31159 crm - 27523369 cdekid - 1388417736 trackNum_amoId - 417631 {"order_id":"31159","cdeck_id":"1388417736","crm":"27523369","order_status":"yookassa_widget"}
2025-12-01 12:30:03 request.php - https://vivaherb.amocrm.ru/api/v4/leads/27523369 PATCH 400  {"errors":{"27523369":"Lead not found"},"title":"Bad Request","type":"https://httpstatus.es/400","status":400,"detail":"Invalid request body"}
2025-12-01 12:30:03 store_script.php - 31159 crm - 27523369 END []
2025-12-01 12:30:03 store_script.php - 31689 crm - 27678093 cdekid - 1394658580 {"order_id":"31689","cdeck_id":"1394658580","crm":"27678093","order_status":"cod"}
2025-12-01 12:30:03 store_script.php - 31689 crm - 27678093 cdekid - 1394658580 trackNum_amoId - 417631 {"order_id":"31689","cdeck_id":"1394658580","crm":"27678093","order_status":"cod"}
2025-12-01 12:30:04 request.php - https://vivaherb.amocrm.ru/api/v4/leads/27678093 PATCH 400  {"errors":{"27678093":"Lead not found"},"title":"Bad Request","type":"https://httpstatus.es/400","status":400,"detail":"Invalid request body"}
2025-12-01 12:30:04 request.php - https://vivaherb.amocrm.ru/api/v4/leads/27678093 PATCH 400  {"errors":{"27678093":"Lead not found"},"title":"Bad Request","type":"https://httpstatus.es/400","status":400,"detail":"Invalid request body"}
2025-12-01 12:30:05 store_script.php - 31689 crm - 27678093 END []
2025-12-01 12:30:05 store_script.php - 32666 crm - 28043619 cdekid - 1407999796 {"order_id":"32666","cdeck_id":"1407999796","crm":"28043619","order_status":"yookassa_widget"}
2025-12-01 12:30:05 store_script.php - 32666 crm - 28043619 cdekid - 1407999796 trackNum_amoId - 417631 {"order_id":"32666","cdeck_id":"1407999796","crm":"28043619","order_status":"yookassa_widget"}
2025-12-01 12:30:06 request.php - https://vivaherb.amocrm.ru/api/v4/leads/28043619 PATCH 400  {"errors":{"28043619":"Lead not found"},"title":"Bad Request","type":"https://httpstatus.es/400","status":400,"detail":"Invalid request body"}
2025-12-01 12:30:07 store_script.php - 32666 crm - 28043619 END []
2025-12-01 12:30:07 store_script.php - 35382 crm - 28949539 cdekid - 1440454117 {"order_id":"35382","cdeck_id":"1440454117","crm":"28949539","order_status":"yookassa_widget"}
2025-12-01 12:30:07 store_script.php - 35382 crm - 28949539 cdekid - 1440454117 trackNum_amoId - 417631 {"order_id":"35382","cdeck_id":"1440454117","crm":"28949539","order_status":"yookassa_widget"}
2025-12-01 12:30:07 request.php - https://vivaherb.amocrm.ru/api/v4/leads/28949539 PATCH 400  {"errors":{"28949539":"Lead not found"},"title":"Bad Request","type":"https://httpstatus.es/400","status":400,"detail":"Invalid request body"}
2025-12-01 12:30:08 store_script.php - 35382 crm - 28949539 END []
2025-12-01 12:30:08 store_script.php - 36740 crm - 29177633 cdekid - 1450621353 {"order_id":"36740","cdeck_id":"1450621353","crm":"29177633","order_status":"yookassa_widget"}
2025-12-01 12:30:08 store_script.php - 36740 crm - 29177633 cdekid - 1450621353 trackNum_amoId - 417631 {"order_id":"36740","cdeck_id":"1450621353","crm":"29177633","order_status":"yookassa_widget"}
2025-12-01 12:30:09 request.php - https://vivaherb.amocrm.ru/api/v4/leads/29177633 PATCH 400  {"errors":{"29177633":"Lead not found"},"title":"Bad Request","type":"https://httpstatus.es/400","status":400,"detail":"Invalid request body"}
2025-12-01 12:30:09 store_script.php - 36740 crm - 29177633 END []
2025-12-01 12:30:09 store_script.php - 43426 crm - 29759963 cdekid - 1492618495 {"order_id":"43426","cdeck_id":"1492618495","crm":"29759963","order_status":"cod"}
2025-12-01 12:30:09 store_script.php - 43426 crm - 29759963 cdekid - 1492618495 trackNum_amoId - 417631 {"order_id":"43426","cdeck_id":"1492618495","crm":"29759963","order_status":"cod"}
2025-12-01 12:30:11 request.php - https://vivaherb.amocrm.ru/api/v4/leads/29759963 PATCH 400  {"errors":{"29759963":"Lead not found"},"title":"Bad Request","type":"https://httpstatus.es/400","status":400,"detail":"Invalid request body"}
2025-12-01 12:30:11 request.php - https://vivaherb.amocrm.ru/api/v4/leads/29759963 PATCH 400  {"errors":{"29759963":"Lead not found"},"title":"Bad Request","type":"https://httpstatus.es/400","status":400,"detail":"Invalid request body"}
2025-12-01 12:30:11 store_script.php - 43426 crm - 29759963 END []
2025-12-01 12:30:12 store_script.php - 55743 crm - 30571295 cdekid - 10011353606 {"order_id":"55743","cdeck_id":"10011353606","crm":"30571295","order_status":"cod"}
2025-12-01 12:30:12 store_script.php - 55743 crm - 30571295 cdekid - 10011353606 trackNum_amoId - 417631 {"order_id":"55743","cdeck_id":"10011353606","crm":"30571295","order_status":"cod"}
2025-12-01 12:30:12 request.php - https://vivaherb.amocrm.ru/api/v4/leads/30571295 PATCH 400  {"errors":{"30571295":"Lead not found"},"title":"Bad Request","type":"https://httpstatus.es/400","status":400,"detail":"Invalid request body"}
2025-12-01 12:30:13 request.php - https://vivaherb.amocrm.ru/api/v4/leads/30571295 PATCH 400  {"errors":{"30571295":"Lead not found"},"title":"Bad Request","type":"https://httpstatus.es/400","status":400,"detail":"Invalid request body"}
2025-12-01 12:30:13 store_script.php - 55743 crm - 30571295 END []
2025-12-01 12:30:14 store_script.php - 56020 crm - 30580597 cdekid - 10012192492 {"order_id":"56020","cdeck_id":"10012192492","crm":"30580597","order_status":"intellectmoney"}
2025-12-01 12:30:14 store_script.php - 56020 crm - 30580597 cdekid - 10012192492 trackNum_amoId - 417631 {"order_id":"56020","cdeck_id":"10012192492","crm":"30580597","order_status":"intellectmoney"}
2025-12-01 12:30:14 request.php - https://vivaherb.amocrm.ru/api/v4/leads/30580597 PATCH 400  {"errors":{"30580597":"Lead not found"},"title":"Bad Request","type":"https://httpstatus.es/400","status":400,"detail":"Invalid request body"}
2025-12-01 12:30:16 store_script.php - 56020 crm - 30580597 END []
2025-12-01 12:30:16 store_script.php - 58805 crm - 30699429 cdekid - 10024732090 {"order_id":"58805","cdeck_id":"10024732090","crm":"30699429","order_status":"yookassa_widget"}
2025-12-01 12:30:16 store_script.php - 58805 crm - 30699429 cdekid - 10024732090 trackNum_amoId - 417631 {"order_id":"58805","cdeck_id":"10024732090","crm":"30699429","order_status":"yookassa_widget"}
2025-12-01 12:30:16 request.php - https://vivaherb.amocrm.ru/api/v4/leads/30699429 PATCH 400  {"errors":{"30699429":"Lead not found"},"title":"Bad Request","type":"https://httpstatus.es/400","status":400,"detail":"Invalid request body"}
2025-12-01 12:30:17 store_script.php - 58805 crm - 30699429 END []
2025-12-01 12:30:17 store_script.php - 58825 crm - 30700377 cdekid - 10024878326 {"order_id":"58825","cdeck_id":"10024878326","crm":"30700377","order_status":"yookassa_widget"}
2025-12-01 12:30:17 store_script.php - 58825 crm - 30700377 cdekid - 10024878326 trackNum_amoId - 417631 {"order_id":"58825","cdeck_id":"10024878326","crm":"30700377","order_status":"yookassa_widget"}
2025-12-01 12:30:18 request.php - https://vivaherb.amocrm.ru/api/v4/leads/30700377 PATCH 400  {"errors":{"30700377":"Lead not found"},"title":"Bad Request","type":"https://httpstatus.es/400","status":400,"detail":"Invalid request body"}
2025-12-01 12:30:18 store_script.php - 58825 crm - 30700377 END []
2025-12-01 12:30:19 store_script.php - 58891 crm - 30702185 cdekid - 10025084375 {"order_id":"58891","cdeck_id":"10025084375","crm":"30702185","order_status":"yookassa_widget"}
2025-12-01 12:30:19 store_script.php - 58891 crm - 30702185 cdekid - 10025084375 trackNum_amoId - 417631 {"order_id":"58891","cdeck_id":"10025084375","crm":"30702185","order_status":"yookassa_widget"}
2025-12-01 12:30:19 request.php - https://vivaherb.amocrm.ru/api/v4/leads/30702185 PATCH 400  {"errors":{"30702185":"Lead not found"},"title":"Bad Request","type":"https://httpstatus.es/400","status":400,"detail":"Invalid request body"}
2025-12-01 12:30:20 store_script.php - 58891 crm - 30702185 END []
2025-12-01 12:30:20 store_script.php - 59176 crm - 30706013 cdekid - 10025584176 {"order_id":"59176","cdeck_id":"10025584176","crm":"30706013","order_status":"yookassa_widget"}
2025-12-01 12:30:20 store_script.php - 59176 crm - 30706013 cdekid - 10025584176 trackNum_amoId - 417631 {"order_id":"59176","cdeck_id":"10025584176","crm":"30706013","order_status":"yookassa_widget"}
2025-12-01 12:30:21 request.php - https://vivaherb.amocrm.ru/api/v4/leads/30706013 PATCH 400  {"errors":{"30706013":"Lead not found"},"title":"Bad Request","type":"https://httpstatus.es/400","status":400,"detail":"Invalid request body"}
2025-12-01 12:30:22 store_script.php - 59176 crm - 30706013 END []
2025-12-01 12:30:22 store_script.php - 59181 crm - 30706069 cdekid - 10025587928 {"order_id":"59181","cdeck_id":"10025587928","crm":"30706069","order_status":"yookassa_widget"}
2025-12-01 12:30:22 store_script.php - 59181 crm - 30706069 cdekid - 10025587928 trackNum_amoId - 417631 {"order_id":"59181","cdeck_id":"10025587928","crm":"30706069","order_status":"yookassa_widget"}
2025-12-01 12:30:22 request.php - https://vivaherb.amocrm.ru/api/v4/leads/30706069 PATCH 400  {"errors":{"30706069":"Lead not found"},"title":"Bad Request","type":"https://httpstatus.es/400","status":400,"detail":"Invalid request body"}
2025-12-01 12:30:23 store_script.php - 59181 crm - 30706069 END []
2025-12-01 12:30:23 store_script.php - 59187 crm - 30706147 cdekid - 10025595773 {"order_id":"59187","cdeck_id":"10025595773","crm":"30706147","order_status":"yookassa_widget"}
2025-12-01 12:30:23 store_script.php - 59187 crm - 30706147 cdekid - 10025595773 trackNum_amoId - 417631 {"order_id":"59187","cdeck_id":"10025595773","crm":"30706147","order_status":"yookassa_widget"}
2025-12-01 12:30:24 request.php - https://vivaherb.amocrm.ru/api/v4/leads/30706147 PATCH 400  {"errors":{"30706147":"Lead not found"},"title":"Bad Request","type":"https://httpstatus.es/400","status":400,"detail":"Invalid request body"}
2025-12-01 12:30:24 store_script.php - 59187 crm - 30706147 END []
2025-12-01 12:30:25 store_script.php - 59188 crm - 30706175 cdekid - 10025597779 {"order_id":"59188","cdeck_id":"10025597779","crm":"30706175","order_status":"yookassa_widget"}
2025-12-01 12:30:25 store_script.php - 59188 crm - 30706175 cdekid - 10025597779 trackNum_amoId - 417631 {"order_id":"59188","cdeck_id":"10025597779","crm":"30706175","order_status":"yookassa_widget"}
2025-12-01 12:30:25 request.php - https://vivaherb.amocrm.ru/api/v4/leads/30706175 PATCH 400  {"errors":{"30706175":"Lead not found"},"title":"Bad Request","type":"https://httpstatus.es/400","status":400,"detail":"Invalid request body"}
2025-12-01 12:30:27 store_script.php - 59188 crm - 30706175 END []
2025-12-01 12:30:28 store_script.php - 61931 crm - 30957731 cdekid - 10044840842 {"order_id":"61931","cdeck_id":"10044840842","crm":"30957731","order_status":"yookassa_widget"}
2025-12-01 12:30:28 store_script.php - 61931 crm - 30957731 cdekid - 10044840842 trackNum_amoId - 417631 {"order_id":"61931","cdeck_id":"10044840842","crm":"30957731","order_status":"yookassa_widget"}
2025-12-01 12:30:29 request.php - https://vivaherb.amocrm.ru/api/v4/leads/30957731 PATCH 400  {"errors":{"30957731":"Lead not found"},"title":"Bad Request","type":"https://httpstatus.es/400","status":400,"detail":"Invalid request body"}
2025-12-01 12:30:29 store_script.php - 61931 crm - 30957731 END []
2025-12-01 12:30:30 store_script.php - 64064 crm - 31115305 cdekid - 10067371813 {"order_id":"64064","cdeck_id":"10067371813","crm":"31115305","order_status":"yookassa_widget"}
2025-12-01 12:30:30 store_script.php - 64064 crm - 31115305 cdekid - 10067371813 trackNum_amoId - 417631 {"order_id":"64064","cdeck_id":"10067371813","crm":"31115305","order_status":"yookassa_widget"}
2025-12-01 12:30:31 request.php - https://vivaherb.amocrm.ru/api/v4/leads/31115305 PATCH 400  {"errors":{"31115305":"Lead not found"},"title":"Bad Request","type":"https://httpstatus.es/400","status":400,"detail":"Invalid request body"}
2025-12-01 12:30:31 store_script.php - 64064 crm - 31115305 END []
2025-12-01 12:30:32 store_script.php - 64110 crm - 31117287 cdekid - 10067760566 {"order_id":"64110","cdeck_id":"10067760566","crm":"31117287","order_status":"yookassa_widget"}
2025-12-01 12:30:32 store_script.php - 64110 crm - 31117287 cdekid - 10067760566 trackNum_amoId - 417631 {"order_id":"64110","cdeck_id":"10067760566","crm":"31117287","order_status":"yookassa_widget"}
2025-12-01 12:30:32 request.php - https://vivaherb.amocrm.ru/api/v4/leads/31117287 PATCH 400  {"errors":{"31117287":"Lead not found"},"title":"Bad Request","type":"https://httpstatus.es/400","status":400,"detail":"Invalid request body"}
2025-12-01 12:30:33 store_script.php - 64110 crm - 31117287 END []
2025-12-01 12:30:33 store_script.php - 64904 crm - 31188065 cdekid - 10075009440 {"order_id":"64904","cdeck_id":"10075009440","crm":"31188065","order_status":"yookassa_widget"}
2025-12-01 12:30:33 store_script.php - 64904 crm - 31188065 cdekid - 10075009440 trackNum_amoId - 417631 {"order_id":"64904","cdeck_id":"10075009440","crm":"31188065","order_status":"yookassa_widget"}
2025-12-01 12:30:33 request.php - https://vivaherb.amocrm.ru/api/v4/leads/31188065 PATCH 400  {"errors":{"31188065":"Lead not found"},"title":"Bad Request","type":"https://httpstatus.es/400","status":400,"detail":"Invalid request body"}
2025-12-01 12:30:34 store_script.php - 64904 crm - 31188065 END []
2025-12-01 12:30:34 store_script.php - 66655 crm - 31331987 cdekid - 10093681196 {"order_id":"66655","cdeck_id":"10093681196","crm":"31331987","order_status":"yookassa_widget"}
2025-12-01 12:30:34 store_script.php - 66655 crm - 31331987 cdekid - 10093681196 trackNum_amoId - 417631 {"order_id":"66655","cdeck_id":"10093681196","crm":"31331987","order_status":"yookassa_widget"}
2025-12-01 12:30:35 request.php - https://vivaherb.amocrm.ru/api/v4/leads/31331987 PATCH 400  {"errors":{"31331987":"Lead not found"},"title":"Bad Request","type":"https://httpstatus.es/400","status":400,"detail":"Invalid request body"}
2025-12-01 12:30:35 store_script.php - 66655 crm - 31331987 END []
2025-12-01 12:30:35 store_script.php - 66657 crm - 31332069 cdekid - 10093687362 {"order_id":"66657","cdeck_id":"10093687362","crm":"31332069","order_status":"yookassa_widget"}
2025-12-01 12:30:35 store_script.php - 66657 crm - 31332069 cdekid - 10093687362 trackNum_amoId - 417631 {"order_id":"66657","cdeck_id":"10093687362","crm":"31332069","order_status":"yookassa_widget"}
2025-12-01 12:30:36 request.php - https://vivaherb.amocrm.ru/api/v4/leads/31332069 PATCH 400  {"errors":{"31332069":"Lead not found"},"title":"Bad Request","type":"https://httpstatus.es/400","status":400,"detail":"Invalid request body"}
2025-12-01 12:30:36 store_script.php - 66657 crm - 31332069 END []
2025-12-01 12:30:36 store_script.php - 66765 crm - 31341715 cdekid - 10095118494 {"order_id":"66765","cdeck_id":"10095118494","crm":"31341715","order_status":"cod"}
2025-12-01 12:30:36 store_script.php - 66765 crm - 31341715 cdekid - 10095118494 trackNum_amoId - 417631 {"order_id":"66765","cdeck_id":"10095118494","crm":"31341715","order_status":"cod"}
2025-12-01 12:30:37 request.php - https://vivaherb.amocrm.ru/api/v4/leads/31341715 PATCH 400  {"errors":{"31341715":"Lead not found"},"title":"Bad Request","type":"https://httpstatus.es/400","status":400,"detail":"Invalid request body"}
2025-12-01 12:30:37 request.php - https://vivaherb.amocrm.ru/api/v4/leads/31341715 PATCH 400  {"errors":{"31341715":"Lead not found"},"title":"Bad Request","type":"https://httpstatus.es/400","status":400,"detail":"Invalid request body"}
2025-12-01 12:30:38 store_script.php - 66765 crm - 31341715 END []
2025-12-01 12:30:38 store_script.php - 67842 crm - 31420031 cdekid - 10105128997 {"order_id":"67842","cdeck_id":"10105128997","crm":"31420031","order_status":"yookassa_widget"}
2025-12-01 12:30:38 store_script.php - 67842 crm - 31420031 cdekid - 10105128997 trackNum_amoId - 417631 {"order_id":"67842","cdeck_id":"10105128997","crm":"31420031","order_status":"yookassa_widget"}
2025-12-01 12:30:39 request.php - https://vivaherb.amocrm.ru/api/v4/leads/31420031 PATCH 400  {"errors":{"31420031":"Lead not found"},"title":"Bad Request","type":"https://httpstatus.es/400","status":400,"detail":"Invalid request body"}
2025-12-01 12:30:39 store_script.php - 67842 crm - 31420031 END []
2025-12-01 12:30:48 store_script.php - 70672 crm - 31684629 cdekid - 10137210974 {"order_id":"70672","cdeck_id":"10137210974","crm":"31684629","order_status":"yookassa_widget"}
2025-12-01 12:30:48 store_script.php - 70672 crm - 31684629 cdekid - 10137210974 trackNum_amoId - 417631 {"order_id":"70672","cdeck_id":"10137210974","crm":"31684629","order_status":"yookassa_widget"}
2025-12-01 12:30:49 request.php - https://vivaherb.amocrm.ru/api/v4/leads/31684629 PATCH 400  {"errors":{"31684629":"Lead not found"},"title":"Bad Request","type":"https://httpstatus.es/400","status":400,"detail":"Invalid request body"}
2025-12-01 12:30:49 store_script.php - 70672 crm - 31684629 END []
2025-12-01 12:30:55 store_script.php - 73935 crm - 31945623 cdekid - 10170059138 {"order_id":"73935","cdeck_id":"10170059138","crm":"31945623","order_status":"intellectmoney"}
2025-12-01 12:30:55 store_script.php - 73935 crm - 31945623 cdekid - 10170059138 trackNum_amoId - 417631 {"order_id":"73935","cdeck_id":"10170059138","crm":"31945623","order_status":"intellectmoney"}
2025-12-01 12:30:55 request.php - https://vivaherb.amocrm.ru/api/v4/leads/31945623 PATCH 400  {"errors":{"31945623":"Lead not found"},"title":"Bad Request","type":"https://httpstatus.es/400","status":400,"detail":"Invalid request body"}
2025-12-01 12:30:56 store_script.php - 73935 crm - 31945623 END []
2025-12-01 12:31:05 store_script.php - 76902 crm - 32081909 cdekid - 10192726003 {"order_id":"76902","cdeck_id":"10192726003","crm":"32081909","order_status":"intellectmoney"}
2025-12-01 12:31:05 store_script.php - 76902 crm - 32081909 cdekid - 10192726003 trackNum_amoId - 417631 {"order_id":"76902","cdeck_id":"10192726003","crm":"32081909","order_status":"intellectmoney"}
2025-12-01 12:31:06 store_script.php - 76902 crm - 32081909 get_oreder {"meta":{"href":"https://api.moysklad.ru/api/remap/1.2/entity/customerorder/647843a9-ce21-11f0-0a80-1c54008c7315","metadataHref":"https://api.moysklad.ru/api/remap/1.2/entity/customerorder/metadata","type":"customerorder","mediaType":"application/json","uuidHref":"https://online.moysklad.ru/app/#customerorder/edit?id=647843a9-ce21-11f0-0a80-1c54008c7315"},"id":"647843a9-ce21-11f0-0a80-1c54008c7315","accountId":"dc992fd7-e243-
2025-12-01 12:31:07 store_script.php - 76902 crm - 32081909 END []
2025-12-01 12:31:08 store_script.php - 76904 crm - 32081941 cdekid - 10192729990 {"order_id":"76904","cdeck_id":"10192729990","crm":"32081941","order_status":"intellectmoney"}
2025-12-01 12:31:08 store_script.php - 76904 crm - 32081941 cdekid - 10192729990 trackNum_amoId - 417631 {"order_id":"76904","cdeck_id":"10192729990","crm":"32081941","order_status":"intellectmoney"}
2025-12-01 12:31:09 store_script.php - 76904 crm - 32081941 get_oreder {"meta":{"href":"https://api.moysklad.ru/api/remap/1.2/entity/customerorder/be0c78a2-ce24-11f0-0a80-1635008bede2","metadataHref":"https://api.moysklad.ru/api/remap/1.2/entity/customerorder/metadata","type":"customerorder","mediaType":"application/json","uuidHref":"https://online.moysklad.ru/app/#customerorder/edit?id=be0c78a2-ce24-11f0-0a80-1635008bede2"},"id":"be0c78a2-ce24-11f0-0a80-1635008bede2","accountId":"dc992fd7-e243-
2025-12-01 12:31:09 store_script.php - 76904 crm - 32081941 END []
2025-12-01 13:30:09 store_script.php - 30509 crm - 27215649 cdekid - 1378035246 {"order_id":"30509","cdeck_id":"1378035246","crm":"27215649","order_status":"cod"}
2025-12-01 13:30:09 store_script.php - 30509 crm - 27215649 cdekid - 1378035246 trackNum_amoId - 417631 {"order_id":"30509","cdeck_id":"1378035246","crm":"27215649","order_status":"cod"}
2025-12-01 13:30:10 request.php - https://vivaherb.amocrm.ru/api/v4/leads/27215649 PATCH 400  {"errors":{"27215649":"Lead not found"},"title":"Bad Request","type":"https://httpstatus.es/400","status":400,"detail":"Invalid request body"}
2025-12-01 13:30:10 request.php - https://vivaherb.amocrm.ru/api/v4/leads/27215649 PATCH 400  {"errors":{"27215649":"Lead not found"},"title":"Bad Request","type":"https://httpstatus.es/400","status":400,"detail":"Invalid request body"}
2025-12-01 13:30:11 store_script.php - 30509 crm - 27215649 END []
2025-12-01 13:30:11 store_script.php - 30980 crm - 27451493 cdekid - 1384831846 {"order_id":"30980","cdeck_id":"1384831846","crm":"27451493","order_status":"yookassa_widget"}
2025-12-01 13:30:11 store_script.php - 30980 crm - 27451493 cdekid - 1384831846 trackNum_amoId - 417631 {"order_id":"30980","cdeck_id":"1384831846","crm":"27451493","order_status":"yookassa_widget"}
2025-12-01 13:30:12 request.php - https://vivaherb.amocrm.ru/api/v4/leads/27451493 PATCH 400  {"errors":{"27451493":"Lead not found"},"title":"Bad Request","type":"https://httpstatus.es/400","status":400,"detail":"Invalid request body"}
2025-12-01 13:30:12 store_script.php - 30980 crm - 27451493 END []
2025-12-01 13:30:12 store_script.php - 31159 crm - 27523369 cdekid - 1388417736 {"order_id":"31159","cdeck_id":"1388417736","crm":"27523369","order_status":"yookassa_widget"}
2025-12-01 13:30:12 store_script.php - 31159 crm - 27523369 cdekid - 1388417736 trackNum_amoId - 417631 {"order_id":"31159","cdeck_id":"1388417736","crm":"27523369","order_status":"yookassa_widget"}
2025-12-01 13:30:13 request.php - https://vivaherb.amocrm.ru/api/v4/leads/27523369 PATCH 400  {"errors":{"27523369":"Lead not found"},"title":"Bad Request","type":"https://httpstatus.es/400","status":400,"detail":"Invalid request body"}
2025-12-01 13:30:13 store_script.php - 31159 crm - 27523369 END []
2025-12-01 13:30:14 store_script.php - 31689 crm - 27678093 cdekid - 1394658580 {"order_id":"31689","cdeck_id":"1394658580","crm":"27678093","order_status":"cod"}
2025-12-01 13:30:14 store_script.php - 31689 crm - 27678093 cdekid - 1394658580 trackNum_amoId - 417631 {"order_id":"31689","cdeck_id":"1394658580","crm":"27678093","order_status":"cod"}
2025-12-01 13:30:15 request.php - https://vivaherb.amocrm.ru/api/v4/leads/27678093 PATCH 400  {"errors":{"27678093":"Lead not found"},"title":"Bad Request","type":"https://httpstatus.es/400","status":400,"detail":"Invalid request body"}
2025-12-01 13:30:15 request.php - https://vivaherb.amocrm.ru/api/v4/leads/27678093 PATCH 400  {"errors":{"27678093":"Lead not found"},"title":"Bad Request","type":"https://httpstatus.es/400","status":400,"detail":"Invalid request body"}
2025-12-01 13:30:16 store_script.php - 31689 crm - 27678093 END []
2025-12-01 13:30:16 store_script.php - 32666 crm - 28043619 cdekid - 1407999796 {"order_id":"32666","cdeck_id":"1407999796","crm":"28043619","order_status":"yookassa_widget"}
2025-12-01 13:30:16 store_script.php - 32666 crm - 28043619 cdekid - 1407999796 trackNum_amoId - 417631 {"order_id":"32666","cdeck_id":"1407999796","crm":"28043619","order_status":"yookassa_widget"}
2025-12-01 13:30:16 request.php - https://vivaherb.amocrm.ru/api/v4/leads/28043619 PATCH 400  {"errors":{"28043619":"Lead not found"},"title":"Bad Request","type":"https://httpstatus.es/400","status":400,"detail":"Invalid request body"}
2025-12-01 13:30:17 store_script.php - 32666 crm - 28043619 END []
2025-12-01 13:30:17 store_script.php - 35382 crm - 28949539 cdekid - 1440454117 {"order_id":"35382","cdeck_id":"1440454117","crm":"28949539","order_status":"yookassa_widget"}
2025-12-01 13:30:17 store_script.php - 35382 crm - 28949539 cdekid - 1440454117 trackNum_amoId - 417631 {"order_id":"35382","cdeck_id":"1440454117","crm":"28949539","order_status":"yookassa_widget"}
2025-12-01 13:30:17 request.php - https://vivaherb.amocrm.ru/api/v4/leads/28949539 PATCH 400  {"errors":{"28949539":"Lead not found"},"title":"Bad Request","type":"https://httpstatus.es/400","status":400,"detail":"Invalid request body"}
2025-12-01 13:30:18 store_script.php - 35382 crm - 28949539 END []
2025-12-01 13:30:18 store_script.php - 36740 crm - 29177633 cdekid - 1450621353 {"order_id":"36740","cdeck_id":"1450621353","crm":"29177633","order_status":"yookassa_widget"}
2025-12-01 13:30:18 store_script.php - 36740 crm - 29177633 cdekid - 1450621353 trackNum_amoId - 417631 {"order_id":"36740","cdeck_id":"1450621353","crm":"29177633","order_status":"yookassa_widget"}
2025-12-01 13:30:19 request.php - https://vivaherb.amocrm.ru/api/v4/leads/29177633 PATCH 400  {"errors":{"29177633":"Lead not found"},"title":"Bad Request","type":"https://httpstatus.es/400","status":400,"detail":"Invalid request body"}
2025-12-01 13:30:19 store_script.php - 36740 crm - 29177633 END []
2025-12-01 13:30:19 store_script.php - 43426 crm - 29759963 cdekid - 1492618495 {"order_id":"43426","cdeck_id":"1492618495","crm":"29759963","order_status":"cod"}
2025-12-01 13:30:19 store_script.php - 43426 crm - 29759963 cdekid - 1492618495 trackNum_amoId - 417631 {"order_id":"43426","cdeck_id":"1492618495","crm":"29759963","order_status":"cod"}
2025-12-01 13:30:20 request.php - https://vivaherb.amocrm.ru/api/v4/leads/29759963 PATCH 400  {"errors":{"29759963":"Lead not found"},"title":"Bad Request","type":"https://httpstatus.es/400","status":400,"detail":"Invalid request body"}
2025-12-01 13:30:20 request.php - https://vivaherb.amocrm.ru/api/v4/leads/29759963 PATCH 400  {"errors":{"29759963":"Lead not found"},"title":"Bad Request","type":"https://httpstatus.es/400","status":400,"detail":"Invalid request body"}
2025-12-01 13:30:21 store_script.php - 43426 crm - 29759963 END []
2025-12-01 13:30:21 store_script.php - 55743 crm - 30571295 cdekid - 10011353606 {"order_id":"55743","cdeck_id":"10011353606","crm":"30571295","order_status":"cod"}
2025-12-01 13:30:21 store_script.php - 55743 crm - 30571295 cdekid - 10011353606 trackNum_amoId - 417631 {"order_id":"55743","cdeck_id":"10011353606","crm":"30571295","order_status":"cod"}
2025-12-01 13:30:21 request.php - https://vivaherb.amocrm.ru/api/v4/leads/30571295 PATCH 400  {"errors":{"30571295":"Lead not found"},"title":"Bad Request","type":"https://httpstatus.es/400","status":400,"detail":"Invalid request body"}
2025-12-01 13:30:22 request.php - https://vivaherb.amocrm.ru/api/v4/leads/30571295 PATCH 400  {"errors":{"30571295":"Lead not found"},"title":"Bad Request","type":"https://httpstatus.es/400","status":400,"detail":"Invalid request body"}
2025-12-01 13:30:22 store_script.php - 55743 crm - 30571295 END []
2025-12-01 13:30:22 store_script.php - 56020 crm - 30580597 cdekid - 10012192492 {"order_id":"56020","cdeck_id":"10012192492","crm":"30580597","order_status":"intellectmoney"}
2025-12-01 13:30:22 store_script.php - 56020 crm - 30580597 cdekid - 10012192492 trackNum_amoId - 417631 {"order_id":"56020","cdeck_id":"10012192492","crm":"30580597","order_status":"intellectmoney"}
2025-12-01 13:30:23 request.php - https://vivaherb.amocrm.ru/api/v4/leads/30580597 PATCH 400  {"errors":{"30580597":"Lead not found"},"title":"Bad Request","type":"https://httpstatus.es/400","status":400,"detail":"Invalid request body"}
2025-12-01 13:30:23 store_script.php - 56020 crm - 30580597 END []
2025-12-01 13:30:23 store_script.php - 58805 crm - 30699429 cdekid - 10024732090 {"order_id":"58805","cdeck_id":"10024732090","crm":"30699429","order_status":"yookassa_widget"}
2025-12-01 13:30:23 store_script.php - 58805 crm - 30699429 cdekid - 10024732090 trackNum_amoId - 417631 {"order_id":"58805","cdeck_id":"10024732090","crm":"30699429","order_status":"yookassa_widget"}
2025-12-01 13:30:24 request.php - https://vivaherb.amocrm.ru/api/v4/leads/30699429 PATCH 400  {"errors":{"30699429":"Lead not found"},"title":"Bad Request","type":"https://httpstatus.es/400","status":400,"detail":"Invalid request body"}
2025-12-01 13:30:24 store_script.php - 58805 crm - 30699429 END []
2025-12-01 13:30:24 store_script.php - 58825 crm - 30700377 cdekid - 10024878326 {"order_id":"58825","cdeck_id":"10024878326","crm":"30700377","order_status":"yookassa_widget"}
2025-12-01 13:30:24 store_script.php - 58825 crm - 30700377 cdekid - 10024878326 trackNum_amoId - 417631 {"order_id":"58825","cdeck_id":"10024878326","crm":"30700377","order_status":"yookassa_widget"}
2025-12-01 13:30:25 request.php - https://vivaherb.amocrm.ru/api/v4/leads/30700377 PATCH 400  {"errors":{"30700377":"Lead not found"},"title":"Bad Request","type":"https://httpstatus.es/400","status":400,"detail":"Invalid request body"}
2025-12-01 13:30:25 store_script.php - 58825 crm - 30700377 END []
2025-12-01 13:30:25 store_script.php - 58891 crm - 30702185 cdekid - 10025084375 {"order_id":"58891","cdeck_id":"10025084375","crm":"30702185","order_status":"yookassa_widget"}
2025-12-01 13:30:25 store_script.php - 58891 crm - 30702185 cdekid - 10025084375 trackNum_amoId - 417631 {"order_id":"58891","cdeck_id":"10025084375","crm":"30702185","order_status":"yookassa_widget"}
2025-12-01 13:30:26 request.php - https://vivaherb.amocrm.ru/api/v4/leads/30702185 PATCH 400  {"errors":{"30702185":"Lead not found"},"title":"Bad Request","type":"https://httpstatus.es/400","status":400,"detail":"Invalid request body"}
2025-12-01 13:30:26 store_script.php - 58891 crm - 30702185 END []
2025-12-01 13:30:27 store_script.php - 59176 crm - 30706013 cdekid - 10025584176 {"order_id":"59176","cdeck_id":"10025584176","crm":"30706013","order_status":"yookassa_widget"}
2025-12-01 13:30:27 store_script.php - 59176 crm - 30706013 cdekid - 10025584176 trackNum_amoId - 417631 {"order_id":"59176","cdeck_id":"10025584176","crm":"30706013","order_status":"yookassa_widget"}
2025-12-01 13:30:27 request.php - https://vivaherb.amocrm.ru/api/v4/leads/30706013 PATCH 400  {"errors":{"30706013":"Lead not found"},"title":"Bad Request","type":"https://httpstatus.es/400","status":400,"detail":"Invalid request body"}
2025-12-01 13:30:27 store_script.php - 59176 crm - 30706013 END []
2025-12-01 13:30:28 store_script.php - 59181 crm - 30706069 cdekid - 10025587928 {"order_id":"59181","cdeck_id":"10025587928","crm":"30706069","order_status":"yookassa_widget"}
2025-12-01 13:30:28 store_script.php - 59181 crm - 30706069 cdekid - 10025587928 trackNum_amoId - 417631 {"order_id":"59181","cdeck_id":"10025587928","crm":"30706069","order_status":"yookassa_widget"}
2025-12-01 13:30:28 request.php - https://vivaherb.amocrm.ru/api/v4/leads/30706069 PATCH 400  {"errors":{"30706069":"Lead not found"},"title":"Bad Request","type":"https://httpstatus.es/400","status":400,"detail":"Invalid request body"}
2025-12-01 13:30:28 store_script.php - 59181 crm - 30706069 END []
2025-12-01 13:30:29 store_script.php - 59187 crm - 30706147 cdekid - 10025595773 {"order_id":"59187","cdeck_id":"10025595773","crm":"30706147","order_status":"yookassa_widget"}
2025-12-01 13:30:29 store_script.php - 59187 crm - 30706147 cdekid - 10025595773 trackNum_amoId - 417631 {"order_id":"59187","cdeck_id":"10025595773","crm":"30706147","order_status":"yookassa_widget"}
2025-12-01 13:30:29 request.php - https://vivaherb.amocrm.ru/api/v4/leads/30706147 PATCH 400  {"errors":{"30706147":"Lead not found"},"title":"Bad Request","type":"https://httpstatus.es/400","status":400,"detail":"Invalid request body"}
2025-12-01 13:30:29 store_script.php - 59187 crm - 30706147 END []
2025-12-01 13:30:30 store_script.php - 59188 crm - 30706175 cdekid - 10025597779 {"order_id":"59188","cdeck_id":"10025597779","crm":"30706175","order_status":"yookassa_widget"}
2025-12-01 13:30:30 store_script.php - 59188 crm - 30706175 cdekid - 10025597779 trackNum_amoId - 417631 {"order_id":"59188","cdeck_id":"10025597779","crm":"30706175","order_status":"yookassa_widget"}
2025-12-01 13:30:30 request.php - https://vivaherb.amocrm.ru/api/v4/leads/30706175 PATCH 400  {"errors":{"30706175":"Lead not found"},"title":"Bad Request","type":"https://httpstatus.es/400","status":400,"detail":"Invalid request body"}
2025-12-01 13:30:31 store_script.php - 59188 crm - 30706175 END []
2025-12-01 13:30:31 store_script.php - 61931 crm - 30957731 cdekid - 10044840842 {"order_id":"61931","cdeck_id":"10044840842","crm":"30957731","order_status":"yookassa_widget"}
2025-12-01 13:30:31 store_script.php - 61931 crm - 30957731 cdekid - 10044840842 trackNum_amoId - 417631 {"order_id":"61931","cdeck_id":"10044840842","crm":"30957731","order_status":"yookassa_widget"}
2025-12-01 13:30:32 request.php - https://vivaherb.amocrm.ru/api/v4/leads/30957731 PATCH 400  {"errors":{"30957731":"Lead not found"},"title":"Bad Request","type":"https://httpstatus.es/400","status":400,"detail":"Invalid request body"}
2025-12-01 13:30:32 store_script.php - 61931 crm - 30957731 END []
2025-12-01 13:30:33 store_script.php - 64064 crm - 31115305 cdekid - 10067371813 {"order_id":"64064","cdeck_id":"10067371813","crm":"31115305","order_status":"yookassa_widget"}
2025-12-01 13:30:33 store_script.php - 64064 crm - 31115305 cdekid - 10067371813 trackNum_amoId - 417631 {"order_id":"64064","cdeck_id":"10067371813","crm":"31115305","order_status":"yookassa_widget"}
2025-12-01 13:30:34 request.php - https://vivaherb.amocrm.ru/api/v4/leads/31115305 PATCH 400  {"errors":{"31115305":"Lead not found"},"title":"Bad Request","type":"https://httpstatus.es/400","status":400,"detail":"Invalid request body"}
2025-12-01 13:30:34 store_script.php - 64064 crm - 31115305 END []
2025-12-01 13:30:34 store_script.php - 64110 crm - 31117287 cdekid - 10067760566 {"order_id":"64110","cdeck_id":"10067760566","crm":"31117287","order_status":"yookassa_widget"}
2025-12-01 13:30:34 store_script.php - 64110 crm - 31117287 cdekid - 10067760566 trackNum_amoId - 417631 {"order_id":"64110","cdeck_id":"10067760566","crm":"31117287","order_status":"yookassa_widget"}
2025-12-01 13:30:35 request.php - https://vivaherb.amocrm.ru/api/v4/leads/31117287 PATCH 400  {"errors":{"31117287":"Lead not found"},"title":"Bad Request","type":"https://httpstatus.es/400","status":400,"detail":"Invalid request body"}
2025-12-01 13:30:35 store_script.php - 64110 crm - 31117287 END []
2025-12-01 13:30:36 store_script.php - 64904 crm - 31188065 cdekid - 10075009440 {"order_id":"64904","cdeck_id":"10075009440","crm":"31188065","order_status":"yookassa_widget"}
2025-12-01 13:30:36 store_script.php - 64904 crm - 31188065 cdekid - 10075009440 trackNum_amoId - 417631 {"order_id":"64904","cdeck_id":"10075009440","crm":"31188065","order_status":"yookassa_widget"}
2025-12-01 13:30:36 request.php - https://vivaherb.amocrm.ru/api/v4/leads/31188065 PATCH 400  {"errors":{"31188065":"Lead not found"},"title":"Bad Request","type":"https://httpstatus.es/400","status":400,"detail":"Invalid request body"}
2025-12-01 13:30:36 store_script.php - 64904 crm - 31188065 END []
2025-12-01 13:30:37 store_script.php - 66655 crm - 31331987 cdekid - 10093681196 {"order_id":"66655","cdeck_id":"10093681196","crm":"31331987","order_status":"yookassa_widget"}
2025-12-01 13:30:37 store_script.php - 66655 crm - 31331987 cdekid - 10093681196 trackNum_amoId - 417631 {"order_id":"66655","cdeck_id":"10093681196","crm":"31331987","order_status":"yookassa_widget"}
2025-12-01 13:30:37 request.php - https://vivaherb.amocrm.ru/api/v4/leads/31331987 PATCH 400  {"errors":{"31331987":"Lead not found"},"title":"Bad Request","type":"https://httpstatus.es/400","status":400,"detail":"Invalid request body"}
2025-12-01 13:30:38 store_script.php - 66655 crm - 31331987 END []
2025-12-01 13:30:38 store_script.php - 66657 crm - 31332069 cdekid - 10093687362 {"order_id":"66657","cdeck_id":"10093687362","crm":"31332069","order_status":"yookassa_widget"}
2025-12-01 13:30:38 store_script.php - 66657 crm - 31332069 cdekid - 10093687362 trackNum_amoId - 417631 {"order_id":"66657","cdeck_id":"10093687362","crm":"31332069","order_status":"yookassa_widget"}
2025-12-01 13:30:38 request.php - https://vivaherb.amocrm.ru/api/v4/leads/31332069 PATCH 400  {"errors":{"31332069":"Lead not found"},"title":"Bad Request","type":"https://httpstatus.es/400","status":400,"detail":"Invalid request body"}
2025-12-01 13:30:39 store_script.php - 66657 crm - 31332069 END []
2025-12-01 13:30:39 store_script.php - 66765 crm - 31341715 cdekid - 10095118494 {"order_id":"66765","cdeck_id":"10095118494","crm":"31341715","order_status":"cod"}
2025-12-01 13:30:39 store_script.php - 66765 crm - 31341715 cdekid - 10095118494 trackNum_amoId - 417631 {"order_id":"66765","cdeck_id":"10095118494","crm":"31341715","order_status":"cod"}
2025-12-01 13:30:39 request.php - https://vivaherb.amocrm.ru/api/v4/leads/31341715 PATCH 400  {"errors":{"31341715":"Lead not found"},"title":"Bad Request","type":"https://httpstatus.es/400","status":400,"detail":"Invalid request body"}
2025-12-01 13:30:40 request.php - https://vivaherb.amocrm.ru/api/v4/leads/31341715 PATCH 400  {"errors":{"31341715":"Lead not found"},"title":"Bad Request","type":"https://httpstatus.es/400","status":400,"detail":"Invalid request body"}
2025-12-01 13:30:40 store_script.php - 66765 crm - 31341715 END []
2025-12-01 13:30:41 store_script.php - 67842 crm - 31420031 cdekid - 10105128997 {"order_id":"67842","cdeck_id":"10105128997","crm":"31420031","order_status":"yookassa_widget"}
2025-12-01 13:30:41 store_script.php - 67842 crm - 31420031 cdekid - 10105128997 trackNum_amoId - 417631 {"order_id":"67842","cdeck_id":"10105128997","crm":"31420031","order_status":"yookassa_widget"}
2025-12-01 13:30:41 request.php - https://vivaherb.amocrm.ru/api/v4/leads/31420031 PATCH 400  {"errors":{"31420031":"Lead not found"},"title":"Bad Request","type":"https://httpstatus.es/400","status":400,"detail":"Invalid request body"}
2025-12-01 13:30:42 store_script.php - 67842 crm - 31420031 END []
2025-12-01 13:30:52 store_script.php - 70672 crm - 31684629 cdekid - 10137210974 {"order_id":"70672","cdeck_id":"10137210974","crm":"31684629","order_status":"yookassa_widget"}
2025-12-01 13:30:52 store_script.php - 70672 crm - 31684629 cdekid - 10137210974 trackNum_amoId - 417631 {"order_id":"70672","cdeck_id":"10137210974","crm":"31684629","order_status":"yookassa_widget"}
2025-12-01 13:30:55 request.php - https://vivaherb.amocrm.ru/api/v4/leads/31684629 PATCH 400  {"errors":{"31684629":"Lead not found"},"title":"Bad Request","type":"https://httpstatus.es/400","status":400,"detail":"Invalid request body"}
2025-12-01 13:30:55 store_script.php - 70672 crm - 31684629 END []
2025-12-01 13:31:01 store_script.php - 73935 crm - 31945623 cdekid - 10170059138 {"order_id":"73935","cdeck_id":"10170059138","crm":"31945623","order_status":"intellectmoney"}
2025-12-01 13:31:01 store_script.php - 73935 crm - 31945623 cdekid - 10170059138 trackNum_amoId - 417631 {"order_id":"73935","cdeck_id":"10170059138","crm":"31945623","order_status":"intellectmoney"}
2025-12-01 13:31:02 request.php - https://vivaherb.amocrm.ru/api/v4/leads/31945623 PATCH 400  {"errors":{"31945623":"Lead not found"},"title":"Bad Request","type":"https://httpstatus.es/400","status":400,"detail":"Invalid request body"}
2025-12-01 13:31:02 store_script.php - 73935 crm - 31945623 END []
2025-12-01 13:31:13 store_script.php - 76902 crm - 32081909 cdekid - 10192726003 {"order_id":"76902","cdeck_id":"10192726003","crm":"32081909","order_status":"intellectmoney"}
2025-12-01 13:31:13 store_script.php - 76902 crm - 32081909 cdekid - 10192726003 trackNum_amoId - 417631 {"order_id":"76902","cdeck_id":"10192726003","crm":"32081909","order_status":"intellectmoney"}
2025-12-01 13:31:14 store_script.php - 76902 crm - 32081909 get_oreder {"meta":{"href":"https://api.moysklad.ru/api/remap/1.2/entity/customerorder/647843a9-ce21-11f0-0a80-1c54008c7315","metadataHref":"https://api.moysklad.ru/api/remap/1.2/entity/customerorder/metadata","type":"customerorder","mediaType":"application/json","uuidHref":"https://online.moysklad.ru/app/#customerorder/edit?id=647843a9-ce21-11f0-0a80-1c54008c7315"},"id":"647843a9-ce21-11f0-0a80-1c54008c7315","accountId":"dc992fd7-e243-
2025-12-01 13:31:14 store_script.php - 76902 crm - 32081909 END []
2025-12-01 13:31:15 store_script.php - 76904 crm - 32081941 cdekid - 10192729990 {"order_id":"76904","cdeck_id":"10192729990","crm":"32081941","order_status":"intellectmoney"}
2025-12-01 13:31:15 store_script.php - 76904 crm - 32081941 cdekid - 10192729990 trackNum_amoId - 417631 {"order_id":"76904","cdeck_id":"10192729990","crm":"32081941","order_status":"intellectmoney"}
2025-12-01 13:31:16 store_script.php - 76904 crm - 32081941 get_oreder {"meta":{"href":"https://api.moysklad.ru/api/remap/1.2/entity/customerorder/be0c78a2-ce24-11f0-0a80-1635008bede2","metadataHref":"https://api.moysklad.ru/api/remap/1.2/entity/customerorder/metadata","type":"customerorder","mediaType":"application/json","uuidHref":"https://online.moysklad.ru/app/#customerorder/edit?id=be0c78a2-ce24-11f0-0a80-1635008bede2"},"id":"be0c78a2-ce24-11f0-0a80-1635008bede2","accountId":"dc992fd7-e243-
2025-12-01 13:31:16 store_script.php - 76904 crm - 32081941 END []
2025-12-01 14:28:46 input data from webhook {"leads":{"status":[{"id":"32082489","status_id":"30471025","pipeline_id":"2139079","old_status_id":"30471022","old_pipeline_id":"2139079"}]},"account":{"id":"28662106","subdomain":"vivaherb"}}
2025-12-01 14:28:46 request to me https://vivaherb.ru/support/amo_mystore/scripts/amo_ms_export-order.php {"id":"32082489","status_id":"30471025"}
2025-12-01 14:28:46 input data from webhook {"id":"32082489","status_id":"30471025"}
2025-12-01 14:28:46 request to me id 32082489 "32082489"
2025-12-01 14:28:46 request to me successStatusArray Array ["30471025","44583808"]
2025-12-01 14:28:48 connect amo and myStore data "45402603"
2025-12-01 14:28:49 order data {"lead":{"id":32082489,"name":"Сделка #32082489","price":1691,"responsible_user_id":8670562,"group_id":0,"status_id":30471025,"pipeline_id":2139079,"loss_reason_id":null,"created_by":0,"updated_by":0,"created_at":1764574071,"updated_at":1764588528,"closed_at":null,"closest_task_at":null,"is_deleted":false,"custom_fields_values":[{"field_id":651021,"field_name":"_ym_counter","field_code":"_YM_COUNTER","field_type":"tracking_data","values":[{"value":"65166871"}
2025-12-01 14:28:50 myStore product data {"context":{"employee":{"meta":{"href":"https://api.moysklad.ru/api/remap/1.2/context/employee","metadataHref":"https://api.moysklad.ru/api/remap/1.2/entity/employee/metadata","type":"employee","mediaType":"application/json"}}},"meta":{"href":"https://api.moysklad.ru/api/remap/1.2/entity/product?filter=article=4603743090121","type":"product","mediaType":"application/json","size":1,"limit":1000,"offset":0},"rows":[{"meta":{"href":"https://api.moysklad.ru/a
2025-12-01 14:28:50 myStore product data {"context":{"employee":{"meta":{"href":"https://api.moysklad.ru/api/remap/1.2/context/employee","metadataHref":"https://api.moysklad.ru/api/remap/1.2/entity/employee/metadata","type":"employee","mediaType":"application/json"}}},"meta":{"href":"https://api.moysklad.ru/api/remap/1.2/entity/service?filter=code=4687203150879","type":"service","mediaType":"application/json","size":1,"limit":1000,"offset":0},"rows":[{"meta":{"href":"https://api.moysklad.ru/api/
2025-12-01 14:28:50 connect amo and myStore data "Розничный покупатель"
2025-12-01 14:28:50 find customer in myStore {"context":{"employee":{"meta":{"href":"https://api.moysklad.ru/api/remap/1.2/context/employee","metadataHref":"https://api.moysklad.ru/api/remap/1.2/entity/employee/metadata","type":"employee","mediaType":"application/json"}}},"meta":{"href":"https://api.moysklad.ru/api/remap/1.2/entity/counterparty?filter=name=%D0%A0%D0%BE%D0%B7%D0%BD%D0%B8%D1%87%D0%BD%D1%8B%D0%B9+%D0%BF%D0%BE%D0%BA%D1%83%D0%BF%D0%B0%D1%82%D0%B5%D0%BB%D1%8C","type":"counterparty","m
2025-12-01 14:28:50 connect amo and myStore data "https://vivaherb.amocrm.ru/leads/detail/32082489"
2025-12-01 14:28:50 connect amo and myStore data "32082489"
2025-12-01 14:28:50 connect amo and myStore data {"meta":{"href":"https://api.moysklad.ru/api/remap/1.2/entity/customentity/f3b26dbe-f323-11ed-0a80-079f0039c17d/1167751a-f324-11ed-0a80-02e0003ae084","metadataHref":"https://api.moysklad.ru/api/remap/1.2/context/companysettings/metadata/customEntities/f3b26dbe-f323-11ed-0a80-079f0039c17d","type":"customentity","mediaType":"application/json","uuidHref":"https://online.moysklad.ru/app/#custom_f3b26dbe-f323-11ed-0a80-079f0039c17d/edit?id=1167751a-f32
2025-12-01 14:28:50 connect amo and myStore data "Оплата онлайн"
2025-12-01 14:28:50 connect amo and myStore data "89650547070"
2025-12-01 14:28:50 connect amo and myStore data {"country":{"meta":{"href":"https://api.moysklad.ru/api/remap/1.2/entity/country/9df7c2c3-7782-4c5c-a8ed-1102af611608","metadataHref":"https://api.moysklad.ru/api/remap/1.2/entity/country/metadata","type":"country","mediaType":"application/json","uuidHref":"https://online.moysklad.ru/app/#country/edit?id=9df7c2c3-7782-4c5c-a8ed-1102af611608"},"id":"9df7c2c3-7782-4c5c-a8ed-1102af611608","updated":"2012-11-02 12:04:14.054","name":"Россия","des
2025-12-01 14:28:50 connect amo and myStore data "0"
2025-12-01 14:28:50 connect amo and myStore data "0"
2025-12-01 14:28:50 connect amo and myStore data {"meta":{"href":"https://api.moysklad.ru/api/remap/1.2/entity/store/86afd9b6-f87d-11ed-0a80-0e2e002ec499","metadataHref":"https://api.moysklad.ru/api/remap/1.2/entity/store/metadata","type":"store","mediaType":"application/json","uuidHref":"https://online.moysklad.ru/app/#warehouse/edit?id=86afd9b6-f87d-11ed-0a80-0e2e002ec499"}}
2025-12-01 14:28:50 connect amo and myStore data {"meta":{"href":"https://api.moysklad.ru/api/remap/1.2/entity/project/5a0b3e18-e244-11ec-0a80-083900059d82","metadataHref":"https://api.moysklad.ru/api/remap/1.2/entity/project/metadata","type":"project","mediaType":"application/json","uuidHref":"https://online.moysklad.ru/app/#project/edit?id=5a0b3e18-e244-11ec-0a80-083900059d82"}}
2025-12-01 14:28:50 connect amo and myStore data "Дарья Данилова"
2025-12-01 14:28:50 data for order creation {"attributes":[{"meta":{"href":"https://api.moysklad.ru/api/remap/1.2/entity/customerorder/metadata/attributes/f35f3cd6-f8b8-11ed-0a80-026c003acc8d","type":"attributemetadata","mediaType":"application/json"},"value":"https://vivaherb.amocrm.ru/leads/detail/32082489"},{"meta":{"href":"https://api.moysklad.ru/api/remap/1.2/entity/customerorder/metadata/attributes/5d2b3641-f88c-11ed-0a80-030300324bbf","type":"attributemetadata","mediaType":"application/js
2025-12-01 14:28:50 positions for order creation [{"quantity":1,"price":149000,"vat":5,"assortment":{"meta":{"href":"https://api.moysklad.ru/api/remap/1.2/entity/product/d1b8f5d1-3478-11f0-0a80-09e0003c09d4","metadataHref":"https://api.moysklad.ru/api/remap/1.2/entity/product/metadata","type":"product","mediaType":"application/json","uuidHref":"https://online.moysklad.ru/app/#good/edit?id=d1b8eda4-3478-11f0-0a80-09e0003c09d2"}}},{"quantity":1,"price":20100,"vat":5,"assortment":{"meta":{"href":"h
2025-12-01 14:28:51 create new order {"meta":{"href":"https://api.moysklad.ru/api/remap/1.2/entity/customerorder/e919a371-cea8-11f0-0a80-163500a3421f","metadataHref":"https://api.moysklad.ru/api/remap/1.2/entity/customerorder/metadata","type":"customerorder","mediaType":"application/json","uuidHref":"https://online.moysklad.ru/app/#customerorder/edit?id=e919a371-cea8-11f0-0a80-163500a3421f"},"id":"e919a371-cea8-11f0-0a80-163500a3421f","accountId":"dc992fd7-e243-11ec-0a80-058e0000294e","owner":{"
2025-12-01 14:28:51 paymentInPrice 1691
2025-12-01 14:28:52 newPaymentIn {"meta":{"href":"https://api.moysklad.ru/api/remap/1.2/entity/paymentin/e9bd67dd-cea8-11f0-0a80-11ea00a30eb4","metadataHref":"https://api.moysklad.ru/api/remap/1.2/entity/paymentin/metadata","type":"paymentin","mediaType":"application/json","uuidHref":"https://online.moysklad.ru/app/#paymentin/edit?id=e9bd67dd-cea8-11f0-0a80-11ea00a30eb4"},"id":"e9bd67dd-cea8-11f0-0a80-11ea00a30eb4","accountId":"dc992fd7-e243-11ec-0a80-058e0000294e","owner":{"meta":{"href":"https
2025-12-01 14:28:52 OK ["OK"]
2025-12-01 14:29:09 input data from webhook {"leads":{"status":[{"id":"32083523","status_id":"30471025","pipeline_id":"2139079","old_status_id":"30471019","old_pipeline_id":"2139079"}]},"account":{"id":"28662106","subdomain":"vivaherb"}}
2025-12-01 14:29:09 request to me https://vivaherb.ru/support/amo_mystore/scripts/amo_ms_export-order.php {"id":"32083523","status_id":"30471025"}
2025-12-01 14:29:09 input data from webhook {"id":"32083523","status_id":"30471025"}
2025-12-01 14:29:09 request to me id 32083523 "32083523"
2025-12-01 14:29:09 request to me successStatusArray Array ["30471025","44583808"]
2025-12-01 14:29:10 connect amo and myStore data "43183053"
2025-12-01 14:29:10 order data {"lead":{"id":32083523,"name":"заказ для партнера","price":1,"responsible_user_id":8670562,"group_id":0,"status_id":30471025,"pipeline_id":2139079,"loss_reason_id":null,"created_by":8670562,"updated_by":8670562,"created_at":1764588328,"updated_at":1764588547,"closed_at":null,"closest_task_at":null,"is_deleted":false,"custom_fields_values":[{"field_id":704485,"field_name":"Адрес доставки","field_code":null,"field_type":"smart_address","v
2025-12-01 14:29:11 myStore product data {"context":{"employee":{"meta":{"href":"https://api.moysklad.ru/api/remap/1.2/context/employee","metadataHref":"https://api.moysklad.ru/api/remap/1.2/entity/employee/metadata","type":"employee","mediaType":"application/json"}}},"meta":{"href":"https://api.moysklad.ru/api/remap/1.2/entity/product?filter=article=4687203150853","type":"product","mediaType":"application/json","size":1,"limit":1000,"offset":0},"rows":[{"meta":{"href":"https://api.moysklad.ru/a
2025-12-01 14:29:11 myStore product data {"context":{"employee":{"meta":{"href":"https://api.moysklad.ru/api/remap/1.2/context/employee","metadataHref":"https://api.moysklad.ru/api/remap/1.2/entity/employee/metadata","type":"employee","mediaType":"application/json"}}},"meta":{"href":"https://api.moysklad.ru/api/remap/1.2/entity/product?filter=article=4670169198588","type":"product","mediaType":"application/json","size":1,"limit":1000,"offset":0},"rows":[{"meta":{"href":"https://api.moysklad.ru/a
2025-12-01 14:29:11 myStore product data {"context":{"employee":{"meta":{"href":"https://api.moysklad.ru/api/remap/1.2/context/employee","metadataHref":"https://api.moysklad.ru/api/remap/1.2/entity/employee/metadata","type":"employee","mediaType":"application/json"}}},"meta":{"href":"https://api.moysklad.ru/api/remap/1.2/entity/product?filter=article=4603743090121","type":"product","mediaType":"application/json","size":1,"limit":1000,"offset":0},"rows":[{"meta":{"href":"https://api.moysklad.ru/a
2025-12-01 14:29:11 connect amo and myStore data "Розничный покупатель"
2025-12-01 14:29:11 find customer in myStore {"context":{"employee":{"meta":{"href":"https://api.moysklad.ru/api/remap/1.2/context/employee","metadataHref":"https://api.moysklad.ru/api/remap/1.2/entity/employee/metadata","type":"employee","mediaType":"application/json"}}},"meta":{"href":"https://api.moysklad.ru/api/remap/1.2/entity/counterparty?filter=name=%D0%A0%D0%BE%D0%B7%D0%BD%D0%B8%D1%87%D0%BD%D1%8B%D0%B9+%D0%BF%D0%BE%D0%BA%D1%83%D0%BF%D0%B0%D1%82%D0%B5%D0%BB%D1%8C","type":"counterparty","m
2025-12-01 14:29:11 connect amo and myStore data "https://vivaherb.amocrm.ru/leads/detail/32083523"
2025-12-01 14:29:11 connect amo and myStore data "32083523"
2025-12-01 14:29:11 connect amo and myStore data {"meta":{"href":"https://api.moysklad.ru/api/remap/1.2/entity/customentity/f3b26dbe-f323-11ed-0a80-079f0039c17d/1167751a-f324-11ed-0a80-02e0003ae084","metadataHref":"https://api.moysklad.ru/api/remap/1.2/context/companysettings/metadata/customEntities/f3b26dbe-f323-11ed-0a80-079f0039c17d","type":"customentity","mediaType":"application/json","uuidHref":"https://online.moysklad.ru/app/#custom_f3b26dbe-f323-11ed-0a80-079f0039c17d/edit?id=1167751a-f32
2025-12-01 14:29:11 connect amo and myStore data "Счет НЛ"
2025-12-01 14:29:11 connect amo and myStore data "89108720708"
2025-12-01 14:29:11 connect amo and myStore data {"country":{"meta":{"href":"https://api.moysklad.ru/api/remap/1.2/entity/country/9df7c2c3-7782-4c5c-a8ed-1102af611608","metadataHref":"https://api.moysklad.ru/api/remap/1.2/entity/country/metadata","type":"country","mediaType":"application/json","uuidHref":"https://online.moysklad.ru/app/#country/edit?id=9df7c2c3-7782-4c5c-a8ed-1102af611608"},"id":"9df7c2c3-7782-4c5c-a8ed-1102af611608","updated":"2012-11-02 12:04:14.054","name":"Россия","des
2025-12-01 14:29:11 connect amo and myStore data "0"
2025-12-01 14:29:11 connect amo and myStore data "0"
2025-12-01 14:29:11 connect amo and myStore data {"meta":{"href":"https://api.moysklad.ru/api/remap/1.2/entity/store/86afd9b6-f87d-11ed-0a80-0e2e002ec499","metadataHref":"https://api.moysklad.ru/api/remap/1.2/entity/store/metadata","type":"store","mediaType":"application/json","uuidHref":"https://online.moysklad.ru/app/#warehouse/edit?id=86afd9b6-f87d-11ed-0a80-0e2e002ec499"}}
2025-12-01 14:29:11 connect amo and myStore data {"meta":{"href":"https://api.moysklad.ru/api/remap/1.2/entity/project/5a0b3e18-e244-11ec-0a80-083900059d82","metadataHref":"https://api.moysklad.ru/api/remap/1.2/entity/project/metadata","type":"project","mediaType":"application/json","uuidHref":"https://online.moysklad.ru/app/#project/edit?id=5a0b3e18-e244-11ec-0a80-083900059d82"}}
2025-12-01 14:29:11 connect amo and myStore data "Екатерина Молодцова"
2025-12-01 14:29:11 data for order creation {"attributes":[{"meta":{"href":"https://api.moysklad.ru/api/remap/1.2/entity/customerorder/metadata/attributes/f35f3cd6-f8b8-11ed-0a80-026c003acc8d","type":"attributemetadata","mediaType":"application/json"},"value":"https://vivaherb.amocrm.ru/leads/detail/32083523"},{"meta":{"href":"https://api.moysklad.ru/api/remap/1.2/entity/customerorder/metadata/attributes/5d2b3641-f88c-11ed-0a80-030300324bbf","type":"attributemetadata","mediaType":"application/js
2025-12-01 14:29:11 positions for order creation [{"quantity":1,"price":29.06764168190128,"vat":5,"assortment":{"meta":{"href":"https://api.moysklad.ru/api/remap/1.2/entity/product/6065619e-e5a7-11ed-0a80-0859000ac97d","metadataHref":"https://api.moysklad.ru/api/remap/1.2/entity/product/metadata","type":"product","mediaType":"application/json","uuidHref":"https://online.moysklad.ru/app/#good/edit?id=6065561e-e5a7-11ed-0a80-0859000ac97b"}}},{"quantity":1,"price":43.69287020109689,"vat":5,"assortm
2025-12-01 14:29:12 create new order {"meta":{"href":"https://api.moysklad.ru/api/remap/1.2/entity/customerorder/f59e7d99-cea8-11f0-0a80-064d00a4e191","metadataHref":"https://api.moysklad.ru/api/remap/1.2/entity/customerorder/metadata","type":"customerorder","mediaType":"application/json","uuidHref":"https://online.moysklad.ru/app/#customerorder/edit?id=f59e7d99-cea8-11f0-0a80-064d00a4e191"},"id":"f59e7d99-cea8-11f0-0a80-064d00a4e191","accountId":"dc992fd7-e243-11ec-0a80-058e0000294e","owner":{"
2025-12-01 14:29:12 paymentInPrice 1
2025-12-01 14:29:13 newPaymentIn {"meta":{"href":"https://api.moysklad.ru/api/remap/1.2/entity/paymentin/f6587e5e-cea8-11f0-0a80-188600a49cfd","metadataHref":"https://api.moysklad.ru/api/remap/1.2/entity/paymentin/metadata","type":"paymentin","mediaType":"application/json","uuidHref":"https://online.moysklad.ru/app/#paymentin/edit?id=f6587e5e-cea8-11f0-0a80-188600a49cfd"},"id":"f6587e5e-cea8-11f0-0a80-188600a49cfd","accountId":"dc992fd7-e243-11ec-0a80-058e0000294e","owner":{"meta":{"href":"https
2025-12-01 14:29:13 OK ["OK"]
2025-12-01 14:30:03 store_script.php - 30509 crm - 27215649 cdekid - 1378035246 {"order_id":"30509","cdeck_id":"1378035246","crm":"27215649","order_status":"cod"}
2025-12-01 14:30:03 store_script.php - 30509 crm - 27215649 cdekid - 1378035246 trackNum_amoId - 417631 {"order_id":"30509","cdeck_id":"1378035246","crm":"27215649","order_status":"cod"}
2025-12-01 14:30:04 request.php - https://vivaherb.amocrm.ru/api/v4/leads/27215649 PATCH 400  {"errors":{"27215649":"Lead not found"},"title":"Bad Request","type":"https://httpstatus.es/400","status":400,"detail":"Invalid request body"}
2025-12-01 14:30:05 request.php - https://vivaherb.amocrm.ru/api/v4/leads/27215649 PATCH 400  {"errors":{"27215649":"Lead not found"},"title":"Bad Request","type":"https://httpstatus.es/400","status":400,"detail":"Invalid request body"}
2025-12-01 14:30:05 store_script.php - 30509 crm - 27215649 END []
2025-12-01 14:30:05 store_script.php - 30980 crm - 27451493 cdekid - 1384831846 {"order_id":"30980","cdeck_id":"1384831846","crm":"27451493","order_status":"yookassa_widget"}
2025-12-01 14:30:05 store_script.php - 30980 crm - 27451493 cdekid - 1384831846 trackNum_amoId - 417631 {"order_id":"30980","cdeck_id":"1384831846","crm":"27451493","order_status":"yookassa_widget"}
2025-12-01 14:30:06 request.php - https://vivaherb.amocrm.ru/api/v4/leads/27451493 PATCH 400  {"errors":{"27451493":"Lead not found"},"title":"Bad Request","type":"https://httpstatus.es/400","status":400,"detail":"Invalid request body"}
2025-12-01 14:30:06 store_script.php - 30980 crm - 27451493 END []
2025-12-01 14:30:07 store_script.php - 31159 crm - 27523369 cdekid - 1388417736 {"order_id":"31159","cdeck_id":"1388417736","crm":"27523369","order_status":"yookassa_widget"}
2025-12-01 14:30:07 store_script.php - 31159 crm - 27523369 cdekid - 1388417736 trackNum_amoId - 417631 {"order_id":"31159","cdeck_id":"1388417736","crm":"27523369","order_status":"yookassa_widget"}
2025-12-01 14:30:07 request.php - https://vivaherb.amocrm.ru/api/v4/leads/27523369 PATCH 400  {"errors":{"27523369":"Lead not found"},"title":"Bad Request","type":"https://httpstatus.es/400","status":400,"detail":"Invalid request body"}
2025-12-01 14:30:08 store_script.php - 31159 crm - 27523369 END []
2025-12-01 14:30:09 store_script.php - 31689 crm - 27678093 cdekid - 1394658580 {"order_id":"31689","cdeck_id":"1394658580","crm":"27678093","order_status":"cod"}
2025-12-01 14:30:09 store_script.php - 31689 crm - 27678093 cdekid - 1394658580 trackNum_amoId - 417631 {"order_id":"31689","cdeck_id":"1394658580","crm":"27678093","order_status":"cod"}
2025-12-01 14:30:09 request.php - https://vivaherb.amocrm.ru/api/v4/leads/27678093 PATCH 400  {"errors":{"27678093":"Lead not found"},"title":"Bad Request","type":"https://httpstatus.es/400","status":400,"detail":"Invalid request body"}
2025-12-01 14:30:10 request.php - https://vivaherb.amocrm.ru/api/v4/leads/27678093 PATCH 400  {"errors":{"27678093":"Lead not found"},"title":"Bad Request","type":"https://httpstatus.es/400","status":400,"detail":"Invalid request body"}
2025-12-01 14:30:10 store_script.php - 31689 crm - 27678093 END []
2025-12-01 14:30:11 store_script.php - 32666 crm - 28043619 cdekid - 1407999796 {"order_id":"32666","cdeck_id":"1407999796","crm":"28043619","order_status":"yookassa_widget"}
2025-12-01 14:30:11 store_script.php - 32666 crm - 28043619 cdekid - 1407999796 trackNum_amoId - 417631 {"order_id":"32666","cdeck_id":"1407999796","crm":"28043619","order_status":"yookassa_widget"}
2025-12-01 14:30:11 request.php - https://vivaherb.amocrm.ru/api/v4/leads/28043619 PATCH 400  {"errors":{"28043619":"Lead not found"},"title":"Bad Request","type":"https://httpstatus.es/400","status":400,"detail":"Invalid request body"}
2025-12-01 14:30:12 store_script.php - 32666 crm - 28043619 END []
2025-12-01 14:30:12 store_script.php - 35382 crm - 28949539 cdekid - 1440454117 {"order_id":"35382","cdeck_id":"1440454117","crm":"28949539","order_status":"yookassa_widget"}
2025-12-01 14:30:12 store_script.php - 35382 crm - 28949539 cdekid - 1440454117 trackNum_amoId - 417631 {"order_id":"35382","cdeck_id":"1440454117","crm":"28949539","order_status":"yookassa_widget"}
2025-12-01 14:30:13 request.php - https://vivaherb.amocrm.ru/api/v4/leads/28949539 PATCH 400  {"errors":{"28949539":"Lead not found"},"title":"Bad Request","type":"https://httpstatus.es/400","status":400,"detail":"Invalid request body"}
2025-12-01 14:30:13 store_script.php - 35382 crm - 28949539 END []
2025-12-01 14:30:13 store_script.php - 36740 crm - 29177633 cdekid - 1450621353 {"order_id":"36740","cdeck_id":"1450621353","crm":"29177633","order_status":"yookassa_widget"}
2025-12-01 14:30:13 store_script.php - 36740 crm - 29177633 cdekid - 1450621353 trackNum_amoId - 417631 {"order_id":"36740","cdeck_id":"1450621353","crm":"29177633","order_status":"yookassa_widget"}
2025-12-01 14:30:14 request.php - https://vivaherb.amocrm.ru/api/v4/leads/29177633 PATCH 400  {"errors":{"29177633":"Lead not found"},"title":"Bad Request","type":"https://httpstatus.es/400","status":400,"detail":"Invalid request body"}
2025-12-01 14:30:15 store_script.php - 36740 crm - 29177633 END []
2025-12-01 14:30:15 store_script.php - 43426 crm - 29759963 cdekid - 1492618495 {"order_id":"43426","cdeck_id":"1492618495","crm":"29759963","order_status":"cod"}
2025-12-01 14:30:15 store_script.php - 43426 crm - 29759963 cdekid - 1492618495 trackNum_amoId - 417631 {"order_id":"43426","cdeck_id":"1492618495","crm":"29759963","order_status":"cod"}
2025-12-01 14:30:16 request.php - https://vivaherb.amocrm.ru/api/v4/leads/29759963 PATCH 400  {"errors":{"29759963":"Lead not found"},"title":"Bad Request","type":"https://httpstatus.es/400","status":400,"detail":"Invalid request body"}
2025-12-01 14:30:16 request.php - https://vivaherb.amocrm.ru/api/v4/leads/29759963 PATCH 400  {"errors":{"29759963":"Lead not found"},"title":"Bad Request","type":"https://httpstatus.es/400","status":400,"detail":"Invalid request body"}
2025-12-01 14:30:17 store_script.php - 43426 crm - 29759963 END []
2025-12-01 14:30:17 store_script.php - 55743 crm - 30571295 cdekid - 10011353606 {"order_id":"55743","cdeck_id":"10011353606","crm":"30571295","order_status":"cod"}
2025-12-01 14:30:17 store_script.php - 55743 crm - 30571295 cdekid - 10011353606 trackNum_amoId - 417631 {"order_id":"55743","cdeck_id":"10011353606","crm":"30571295","order_status":"cod"}
2025-12-01 14:30:18 request.php - https://vivaherb.amocrm.ru/api/v4/leads/30571295 PATCH 400  {"errors":{"30571295":"Lead not found"},"title":"Bad Request","type":"https://httpstatus.es/400","status":400,"detail":"Invalid request body"}
2025-12-01 14:30:18 request.php - https://vivaherb.amocrm.ru/api/v4/leads/30571295 PATCH 400  {"errors":{"30571295":"Lead not found"},"title":"Bad Request","type":"https://httpstatus.es/400","status":400,"detail":"Invalid request body"}
2025-12-01 14:30:19 store_script.php - 55743 crm - 30571295 END []
2025-12-01 14:30:20 store_script.php - 56020 crm - 30580597 cdekid - 10012192492 {"order_id":"56020","cdeck_id":"10012192492","crm":"30580597","order_status":"intellectmoney"}
2025-12-01 14:30:20 store_script.php - 56020 crm - 30580597 cdekid - 10012192492 trackNum_amoId - 417631 {"order_id":"56020","cdeck_id":"10012192492","crm":"30580597","order_status":"intellectmoney"}
2025-12-01 14:30:20 request.php - https://vivaherb.amocrm.ru/api/v4/leads/30580597 PATCH 400  {"errors":{"30580597":"Lead not found"},"title":"Bad Request","type":"https://httpstatus.es/400","status":400,"detail":"Invalid request body"}
2025-12-01 14:30:21 store_script.php - 56020 crm - 30580597 END []
2025-12-01 14:30:22 store_script.php - 58805 crm - 30699429 cdekid - 10024732090 {"order_id":"58805","cdeck_id":"10024732090","crm":"30699429","order_status":"yookassa_widget"}
2025-12-01 14:30:22 store_script.php - 58805 crm - 30699429 cdekid - 10024732090 trackNum_amoId - 417631 {"order_id":"58805","cdeck_id":"10024732090","crm":"30699429","order_status":"yookassa_widget"}
2025-12-01 14:30:22 request.php - https://vivaherb.amocrm.ru/api/v4/leads/30699429 PATCH 400  {"errors":{"30699429":"Lead not found"},"title":"Bad Request","type":"https://httpstatus.es/400","status":400,"detail":"Invalid request body"}
2025-12-01 14:30:22 store_script.php - 58805 crm - 30699429 END []
2025-12-01 14:30:22 store_script.php - 58825 crm - 30700377 cdekid - 10024878326 {"order_id":"58825","cdeck_id":"10024878326","crm":"30700377","order_status":"yookassa_widget"}
2025-12-01 14:30:22 store_script.php - 58825 crm - 30700377 cdekid - 10024878326 trackNum_amoId - 417631 {"order_id":"58825","cdeck_id":"10024878326","crm":"30700377","order_status":"yookassa_widget"}
2025-12-01 14:30:23 request.php - https://vivaherb.amocrm.ru/api/v4/leads/30700377 PATCH 400  {"errors":{"30700377":"Lead not found"},"title":"Bad Request","type":"https://httpstatus.es/400","status":400,"detail":"Invalid request body"}
2025-12-01 14:30:23 store_script.php - 58825 crm - 30700377 END []
2025-12-01 14:30:23 store_script.php - 58891 crm - 30702185 cdekid - 10025084375 {"order_id":"58891","cdeck_id":"10025084375","crm":"30702185","order_status":"yookassa_widget"}
2025-12-01 14:30:23 store_script.php - 58891 crm - 30702185 cdekid - 10025084375 trackNum_amoId - 417631 {"order_id":"58891","cdeck_id":"10025084375","crm":"30702185","order_status":"yookassa_widget"}
2025-12-01 14:30:24 request.php - https://vivaherb.amocrm.ru/api/v4/leads/30702185 PATCH 400  {"errors":{"30702185":"Lead not found"},"title":"Bad Request","type":"https://httpstatus.es/400","status":400,"detail":"Invalid request body"}
2025-12-01 14:30:24 store_script.php - 58891 crm - 30702185 END []
2025-12-01 14:30:25 store_script.php - 59176 crm - 30706013 cdekid - 10025584176 {"order_id":"59176","cdeck_id":"10025584176","crm":"30706013","order_status":"yookassa_widget"}
2025-12-01 14:30:25 store_script.php - 59176 crm - 30706013 cdekid - 10025584176 trackNum_amoId - 417631 {"order_id":"59176","cdeck_id":"10025584176","crm":"30706013","order_status":"yookassa_widget"}
2025-12-01 14:30:25 request.php - https://vivaherb.amocrm.ru/api/v4/leads/30706013 PATCH 400  {"errors":{"30706013":"Lead not found"},"title":"Bad Request","type":"https://httpstatus.es/400","status":400,"detail":"Invalid request body"}
2025-12-01 14:30:26 store_script.php - 59176 crm - 30706013 END []
2025-12-01 14:30:26 store_script.php - 59181 crm - 30706069 cdekid - 10025587928 {"order_id":"59181","cdeck_id":"10025587928","crm":"30706069","order_status":"yookassa_widget"}
2025-12-01 14:30:26 store_script.php - 59181 crm - 30706069 cdekid - 10025587928 trackNum_amoId - 417631 {"order_id":"59181","cdeck_id":"10025587928","crm":"30706069","order_status":"yookassa_widget"}
2025-12-01 14:30:26 request.php - https://vivaherb.amocrm.ru/api/v4/leads/30706069 PATCH 400  {"errors":{"30706069":"Lead not found"},"title":"Bad Request","type":"https://httpstatus.es/400","status":400,"detail":"Invalid request body"}
2025-12-01 14:30:27 store_script.php - 59181 crm - 30706069 END []
2025-12-01 14:30:27 store_script.php - 59187 crm - 30706147 cdekid - 10025595773 {"order_id":"59187","cdeck_id":"10025595773","crm":"30706147","order_status":"yookassa_widget"}
2025-12-01 14:30:27 store_script.php - 59187 crm - 30706147 cdekid - 10025595773 trackNum_amoId - 417631 {"order_id":"59187","cdeck_id":"10025595773","crm":"30706147","order_status":"yookassa_widget"}
2025-12-01 14:30:28 request.php - https://vivaherb.amocrm.ru/api/v4/leads/30706147 PATCH 400  {"errors":{"30706147":"Lead not found"},"title":"Bad Request","type":"https://httpstatus.es/400","status":400,"detail":"Invalid request body"}
2025-12-01 14:30:28 store_script.php - 59187 crm - 30706147 END []
2025-12-01 14:30:28 store_script.php - 59188 crm - 30706175 cdekid - 10025597779 {"order_id":"59188","cdeck_id":"10025597779","crm":"30706175","order_status":"yookassa_widget"}
2025-12-01 14:30:28 store_script.php - 59188 crm - 30706175 cdekid - 10025597779 trackNum_amoId - 417631 {"order_id":"59188","cdeck_id":"10025597779","crm":"30706175","order_status":"yookassa_widget"}
2025-12-01 14:30:29 request.php - https://vivaherb.amocrm.ru/api/v4/leads/30706175 PATCH 400  {"errors":{"30706175":"Lead not found"},"title":"Bad Request","type":"https://httpstatus.es/400","status":400,"detail":"Invalid request body"}
2025-12-01 14:30:30 store_script.php - 59188 crm - 30706175 END []
2025-12-01 14:30:30 store_script.php - 61931 crm - 30957731 cdekid - 10044840842 {"order_id":"61931","cdeck_id":"10044840842","crm":"30957731","order_status":"yookassa_widget"}
2025-12-01 14:30:30 store_script.php - 61931 crm - 30957731 cdekid - 10044840842 trackNum_amoId - 417631 {"order_id":"61931","cdeck_id":"10044840842","crm":"30957731","order_status":"yookassa_widget"}
2025-12-01 14:30:31 request.php - https://vivaherb.amocrm.ru/api/v4/leads/30957731 PATCH 400  {"errors":{"30957731":"Lead not found"},"title":"Bad Request","type":"https://httpstatus.es/400","status":400,"detail":"Invalid request body"}
2025-12-01 14:30:31 store_script.php - 61931 crm - 30957731 END []
2025-12-01 14:30:32 store_script.php - 64064 crm - 31115305 cdekid - 10067371813 {"order_id":"64064","cdeck_id":"10067371813","crm":"31115305","order_status":"yookassa_widget"}
2025-12-01 14:30:32 store_script.php - 64064 crm - 31115305 cdekid - 10067371813 trackNum_amoId - 417631 {"order_id":"64064","cdeck_id":"10067371813","crm":"31115305","order_status":"yookassa_widget"}
2025-12-01 14:30:33 request.php - https://vivaherb.amocrm.ru/api/v4/leads/31115305 PATCH 400  {"errors":{"31115305":"Lead not found"},"title":"Bad Request","type":"https://httpstatus.es/400","status":400,"detail":"Invalid request body"}
2025-12-01 14:30:33 store_script.php - 64064 crm - 31115305 END []
2025-12-01 14:30:33 store_script.php - 64110 crm - 31117287 cdekid - 10067760566 {"order_id":"64110","cdeck_id":"10067760566","crm":"31117287","order_status":"yookassa_widget"}
2025-12-01 14:30:33 store_script.php - 64110 crm - 31117287 cdekid - 10067760566 trackNum_amoId - 417631 {"order_id":"64110","cdeck_id":"10067760566","crm":"31117287","order_status":"yookassa_widget"}
2025-12-01 14:30:34 request.php - https://vivaherb.amocrm.ru/api/v4/leads/31117287 PATCH 400  {"errors":{"31117287":"Lead not found"},"title":"Bad Request","type":"https://httpstatus.es/400","status":400,"detail":"Invalid request body"}
2025-12-01 14:30:34 store_script.php - 64110 crm - 31117287 END []
2025-12-01 14:30:34 store_script.php - 64904 crm - 31188065 cdekid - 10075009440 {"order_id":"64904","cdeck_id":"10075009440","crm":"31188065","order_status":"yookassa_widget"}
2025-12-01 14:30:34 store_script.php - 64904 crm - 31188065 cdekid - 10075009440 trackNum_amoId - 417631 {"order_id":"64904","cdeck_id":"10075009440","crm":"31188065","order_status":"yookassa_widget"}
2025-12-01 14:30:35 request.php - https://vivaherb.amocrm.ru/api/v4/leads/31188065 PATCH 400  {"errors":{"31188065":"Lead not found"},"title":"Bad Request","type":"https://httpstatus.es/400","status":400,"detail":"Invalid request body"}
2025-12-01 14:30:35 store_script.php - 64904 crm - 31188065 END []
2025-12-01 14:30:36 store_script.php - 66655 crm - 31331987 cdekid - 10093681196 {"order_id":"66655","cdeck_id":"10093681196","crm":"31331987","order_status":"yookassa_widget"}
2025-12-01 14:30:36 store_script.php - 66655 crm - 31331987 cdekid - 10093681196 trackNum_amoId - 417631 {"order_id":"66655","cdeck_id":"10093681196","crm":"31331987","order_status":"yookassa_widget"}
2025-12-01 14:30:36 request.php - https://vivaherb.amocrm.ru/api/v4/leads/31331987 PATCH 400  {"errors":{"31331987":"Lead not found"},"title":"Bad Request","type":"https://httpstatus.es/400","status":400,"detail":"Invalid request body"}
2025-12-01 14:30:37 store_script.php - 66655 crm - 31331987 END []
2025-12-01 14:30:37 store_script.php - 66657 crm - 31332069 cdekid - 10093687362 {"order_id":"66657","cdeck_id":"10093687362","crm":"31332069","order_status":"yookassa_widget"}
2025-12-01 14:30:37 store_script.php - 66657 crm - 31332069 cdekid - 10093687362 trackNum_amoId - 417631 {"order_id":"66657","cdeck_id":"10093687362","crm":"31332069","order_status":"yookassa_widget"}
2025-12-01 14:30:37 request.php - https://vivaherb.amocrm.ru/api/v4/leads/31332069 PATCH 400  {"errors":{"31332069":"Lead not found"},"title":"Bad Request","type":"https://httpstatus.es/400","status":400,"detail":"Invalid request body"}
2025-12-01 14:30:37 store_script.php - 66657 crm - 31332069 END []
2025-12-01 14:30:38 store_script.php - 66765 crm - 31341715 cdekid - 10095118494 {"order_id":"66765","cdeck_id":"10095118494","crm":"31341715","order_status":"cod"}
2025-12-01 14:30:38 store_script.php - 66765 crm - 31341715 cdekid - 10095118494 trackNum_amoId - 417631 {"order_id":"66765","cdeck_id":"10095118494","crm":"31341715","order_status":"cod"}
2025-12-01 14:30:38 request.php - https://vivaherb.amocrm.ru/api/v4/leads/31341715 PATCH 400  {"errors":{"31341715":"Lead not found"},"title":"Bad Request","type":"https://httpstatus.es/400","status":400,"detail":"Invalid request body"}
2025-12-01 14:30:38 request.php - https://vivaherb.amocrm.ru/api/v4/leads/31341715 PATCH 400  {"errors":{"31341715":"Lead not found"},"title":"Bad Request","type":"https://httpstatus.es/400","status":400,"detail":"Invalid request body"}
2025-12-01 14:30:39 store_script.php - 66765 crm - 31341715 END []
2025-12-01 14:30:39 store_script.php - 67842 crm - 31420031 cdekid - 10105128997 {"order_id":"67842","cdeck_id":"10105128997","crm":"31420031","order_status":"yookassa_widget"}
2025-12-01 14:30:39 store_script.php - 67842 crm - 31420031 cdekid - 10105128997 trackNum_amoId - 417631 {"order_id":"67842","cdeck_id":"10105128997","crm":"31420031","order_status":"yookassa_widget"}
2025-12-01 14:30:39 request.php - https://vivaherb.amocrm.ru/api/v4/leads/31420031 PATCH 400  {"errors":{"31420031":"Lead not found"},"title":"Bad Request","type":"https://httpstatus.es/400","status":400,"detail":"Invalid request body"}
2025-12-01 14:30:40 store_script.php - 67842 crm - 31420031 END []
2025-12-01 14:30:49 store_script.php - 70672 crm - 31684629 cdekid - 10137210974 {"order_id":"70672","cdeck_id":"10137210974","crm":"31684629","order_status":"yookassa_widget"}
2025-12-01 14:30:49 store_script.php - 70672 crm - 31684629 cdekid - 10137210974 trackNum_amoId - 417631 {"order_id":"70672","cdeck_id":"10137210974","crm":"31684629","order_status":"yookassa_widget"}
2025-12-01 14:30:50 request.php - https://vivaherb.amocrm.ru/api/v4/leads/31684629 PATCH 400  {"errors":{"31684629":"Lead not found"},"title":"Bad Request","type":"https://httpstatus.es/400","status":400,"detail":"Invalid request body"}
2025-12-01 14:30:50 store_script.php - 70672 crm - 31684629 END []
2025-12-01 14:30:55 store_script.php - 73935 crm - 31945623 cdekid - 10170059138 {"order_id":"73935","cdeck_id":"10170059138","crm":"31945623","order_status":"intellectmoney"}
2025-12-01 14:30:55 store_script.php - 73935 crm - 31945623 cdekid - 10170059138 trackNum_amoId - 417631 {"order_id":"73935","cdeck_id":"10170059138","crm":"31945623","order_status":"intellectmoney"}
2025-12-01 14:30:56 request.php - https://vivaherb.amocrm.ru/api/v4/leads/31945623 PATCH 400  {"errors":{"31945623":"Lead not found"},"title":"Bad Request","type":"https://httpstatus.es/400","status":400,"detail":"Invalid request body"}
2025-12-01 14:30:56 store_script.php - 73935 crm - 31945623 END []
2025-12-01 14:31:05 store_script.php - 76902 crm - 32081909 cdekid - 10192726003 {"order_id":"76902","cdeck_id":"10192726003","crm":"32081909","order_status":"intellectmoney"}
2025-12-01 14:31:05 store_script.php - 76902 crm - 32081909 cdekid - 10192726003 trackNum_amoId - 417631 {"order_id":"76902","cdeck_id":"10192726003","crm":"32081909","order_status":"intellectmoney"}
2025-12-01 14:31:07 store_script.php - 76902 crm - 32081909 get_oreder {"meta":{"href":"https://api.moysklad.ru/api/remap/1.2/entity/customerorder/647843a9-ce21-11f0-0a80-1c54008c7315","metadataHref":"https://api.moysklad.ru/api/remap/1.2/entity/customerorder/metadata","type":"customerorder","mediaType":"application/json","uuidHref":"https://online.moysklad.ru/app/#customerorder/edit?id=647843a9-ce21-11f0-0a80-1c54008c7315"},"id":"647843a9-ce21-11f0-0a80-1c54008c7315","accountId":"dc992fd7-e243-
2025-12-01 14:31:08 store_script.php - 76902 crm - 32081909 END []
2025-12-01 14:31:08 store_script.php - 76904 crm - 32081941 cdekid - 10192729990 {"order_id":"76904","cdeck_id":"10192729990","crm":"32081941","order_status":"intellectmoney"}
2025-12-01 14:31:08 store_script.php - 76904 crm - 32081941 cdekid - 10192729990 trackNum_amoId - 417631 {"order_id":"76904","cdeck_id":"10192729990","crm":"32081941","order_status":"intellectmoney"}
2025-12-01 14:31:09 store_script.php - 76904 crm - 32081941 get_oreder {"meta":{"href":"https://api.moysklad.ru/api/remap/1.2/entity/customerorder/be0c78a2-ce24-11f0-0a80-1635008bede2","metadataHref":"https://api.moysklad.ru/api/remap/1.2/entity/customerorder/metadata","type":"customerorder","mediaType":"application/json","uuidHref":"https://online.moysklad.ru/app/#customerorder/edit?id=be0c78a2-ce24-11f0-0a80-1635008bede2"},"id":"be0c78a2-ce24-11f0-0a80-1635008bede2","accountId":"dc992fd7-e243-
2025-12-01 14:31:10 store_script.php - 76904 crm - 32081941 END []
2025-12-01 15:15:19 store_script.php - 76917 crm - 32083671 cdekid - 10193124375 {"order_id":"76917","cdeck_id":"10193124375","crm":"32083671","order_status":"intellectmoney"}
2025-12-01 15:15:19 store_script.php - 76917 crm - 32083671 cdekid - 10193124375 trackNum_amoId - 417631 {"order_id":"76917","cdeck_id":"10193124375","crm":"32083671","order_status":"intellectmoney"}
2025-12-01 15:15:20 store_script.php - 76917 crm - 32083671 END []
2025-12-01 15:15:26 input data from webhook {"leads":{"status":[{"id":"32083671","status_id":"30471025","pipeline_id":"2139079","old_status_id":"30471022","old_pipeline_id":"2139079"}]},"account":{"id":"28662106","subdomain":"vivaherb"}}
2025-12-01 15:15:26 request to me https://vivaherb.ru/support/amo_mystore/scripts/amo_ms_export-order.php {"id":"32083671","status_id":"30471025"}
2025-12-01 15:15:26 input data from webhook {"id":"32083671","status_id":"30471025"}
2025-12-01 15:15:26 request to me id 32083671 "32083671"
2025-12-01 15:15:26 request to me successStatusArray Array ["30471025","44583808"]
2025-12-01 15:15:27 connect amo and myStore data "45312349"
2025-12-01 15:15:27 order data {"lead":{"id":32083671,"name":"Заказ VivaHerb от Егор Нагорнов","price":3030,"responsible_user_id":8670562,"group_id":0,"status_id":30471025,"pipeline_id":2139079,"loss_reason_id":null,"created_by":0,"updated_by":0,"created_at":1764591096,"updated_at":1764591320,"closed_at":null,"closest_task_at":null,"is_deleted":false,"custom_fields_values":[{"field_id":164511,"field_name":"ORDER_ID","field_code":null,"field_type":"textarea","values":[{"value":
2025-12-01 15:15:28 myStore product data {"context":{"employee":{"meta":{"href":"https://api.moysklad.ru/api/remap/1.2/context/employee","metadataHref":"https://api.moysklad.ru/api/remap/1.2/entity/employee/metadata","type":"employee","mediaType":"application/json"}}},"meta":{"href":"https://api.moysklad.ru/api/remap/1.2/entity/product?filter=article=4687205424617","type":"product","mediaType":"application/json","size":1,"limit":1000,"offset":0},"rows":[{"meta":{"href":"https://api.moysklad.ru/a
2025-12-01 15:15:28 myStore product data {"context":{"employee":{"meta":{"href":"https://api.moysklad.ru/api/remap/1.2/context/employee","metadataHref":"https://api.moysklad.ru/api/remap/1.2/entity/employee/metadata","type":"employee","mediaType":"application/json"}}},"meta":{"href":"https://api.moysklad.ru/api/remap/1.2/entity/service?filter=code=4687203150879","type":"service","mediaType":"application/json","size":1,"limit":1000,"offset":0},"rows":[{"meta":{"href":"https://api.moysklad.ru/api/
2025-12-01 15:15:28 connect amo and myStore data "Розничный покупатель"
2025-12-01 15:15:28 find customer in myStore {"context":{"employee":{"meta":{"href":"https://api.moysklad.ru/api/remap/1.2/context/employee","metadataHref":"https://api.moysklad.ru/api/remap/1.2/entity/employee/metadata","type":"employee","mediaType":"application/json"}}},"meta":{"href":"https://api.moysklad.ru/api/remap/1.2/entity/counterparty?filter=name=%D0%A0%D0%BE%D0%B7%D0%BD%D0%B8%D1%87%D0%BD%D1%8B%D0%B9+%D0%BF%D0%BE%D0%BA%D1%83%D0%BF%D0%B0%D1%82%D0%B5%D0%BB%D1%8C","type":"counterparty","m
2025-12-01 15:15:28 connect amo and myStore data "https://vivaherb.amocrm.ru/leads/detail/32083671"
2025-12-01 15:15:28 connect amo and myStore data "32083671"
2025-12-01 15:15:28 connect amo and myStore data {"meta":{"href":"https://api.moysklad.ru/api/remap/1.2/entity/customentity/f3b26dbe-f323-11ed-0a80-079f0039c17d/281d2ef1-f324-11ed-0a80-01b3003a16c1","metadataHref":"https://api.moysklad.ru/api/remap/1.2/context/companysettings/metadata/customEntities/f3b26dbe-f323-11ed-0a80-079f0039c17d","type":"customentity","mediaType":"application/json","uuidHref":"https://online.moysklad.ru/app/#custom_f3b26dbe-f323-11ed-0a80-079f0039c17d/edit?id=281d2ef1-f32
2025-12-01 15:15:28 connect amo and myStore data "Оплата через СБП"
2025-12-01 15:15:28 connect amo and myStore data "+79026053366"
2025-12-01 15:15:29 connect amo and myStore data {"postalCode":"454084","country":{"meta":{"href":"https://api.moysklad.ru/api/remap/1.2/entity/country/9df7c2c3-7782-4c5c-a8ed-1102af611608","metadataHref":"https://api.moysklad.ru/api/remap/1.2/entity/country/metadata","type":"country","mediaType":"application/json","uuidHref":"https://online.moysklad.ru/app/#country/edit?id=9df7c2c3-7782-4c5c-a8ed-1102af611608"},"id":"9df7c2c3-7782-4c5c-a8ed-1102af611608","updated":"2012-11-02 12:04:14.054","nam
2025-12-01 15:15:29 connect amo and myStore data "10193124375"
2025-12-01 15:15:29 connect amo and myStore data "0"
2025-12-01 15:15:29 connect amo and myStore data {"meta":{"href":"https://api.moysklad.ru/api/remap/1.2/entity/store/86afd9b6-f87d-11ed-0a80-0e2e002ec499","metadataHref":"https://api.moysklad.ru/api/remap/1.2/entity/store/metadata","type":"store","mediaType":"application/json","uuidHref":"https://online.moysklad.ru/app/#warehouse/edit?id=86afd9b6-f87d-11ed-0a80-0e2e002ec499"}}
2025-12-01 15:15:29 connect amo and myStore data {"meta":{"href":"https://api.moysklad.ru/api/remap/1.2/entity/project/5a0b3e18-e244-11ec-0a80-083900059d82","metadataHref":"https://api.moysklad.ru/api/remap/1.2/entity/project/metadata","type":"project","mediaType":"application/json","uuidHref":"https://online.moysklad.ru/app/#project/edit?id=5a0b3e18-e244-11ec-0a80-083900059d82"}}
2025-12-01 15:15:29 connect amo and myStore data "Егор Нагорнов"
2025-12-01 15:15:29 data for order creation {"attributes":[{"meta":{"href":"https://api.moysklad.ru/api/remap/1.2/entity/customerorder/metadata/attributes/f35f3cd6-f8b8-11ed-0a80-026c003acc8d","type":"attributemetadata","mediaType":"application/json"},"value":"https://vivaherb.amocrm.ru/leads/detail/32083671"},{"meta":{"href":"https://api.moysklad.ru/api/remap/1.2/entity/customerorder/metadata/attributes/5d2b3641-f88c-11ed-0a80-030300324bbf","type":"attributemetadata","mediaType":"application/js
2025-12-01 15:15:29 positions for order creation [{"quantity":2,"price":136066.48,"vat":5,"assortment":{"meta":{"href":"https://api.moysklad.ru/api/remap/1.2/entity/product/c90218ee-8a03-11ef-0a80-0e8c006c699e","metadataHref":"https://api.moysklad.ru/api/remap/1.2/entity/product/metadata","type":"product","mediaType":"application/json","uuidHref":"https://online.moysklad.ru/app/#good/edit?id=c9020f57-8a03-11ef-0a80-0e8c006c699c"}}},{"quantity":1,"price":30867.039999999997,"vat":5,"assortment":{"
2025-12-01 15:15:29 create new order {"meta":{"href":"https://api.moysklad.ru/api/remap/1.2/entity/customerorder/6d1408f9-ceaf-11f0-0a80-09e900a5457d","metadataHref":"https://api.moysklad.ru/api/remap/1.2/entity/customerorder/metadata","type":"customerorder","mediaType":"application/json","uuidHref":"https://online.moysklad.ru/app/#customerorder/edit?id=6d1408f9-ceaf-11f0-0a80-09e900a5457d"},"id":"6d1408f9-ceaf-11f0-0a80-09e900a5457d","accountId":"dc992fd7-e243-11ec-0a80-058e0000294e","owner":{"
2025-12-01 15:15:30 paymentInPrice 3030
2025-12-01 15:15:31 newPaymentIn {"meta":{"href":"https://api.moysklad.ru/api/remap/1.2/entity/paymentin/6e0fc964-ceaf-11f0-0a80-188600a67b6e","metadataHref":"https://api.moysklad.ru/api/remap/1.2/entity/paymentin/metadata","type":"paymentin","mediaType":"application/json","uuidHref":"https://online.moysklad.ru/app/#paymentin/edit?id=6e0fc964-ceaf-11f0-0a80-188600a67b6e"},"id":"6e0fc964-ceaf-11f0-0a80-188600a67b6e","accountId":"dc992fd7-e243-11ec-0a80-058e0000294e","owner":{"meta":{"href":"https
2025-12-01 15:15:31 OK ["OK"]
2025-12-01 15:30:10 store_script.php - 30509 crm - 27215649 cdekid - 1378035246 {"order_id":"30509","cdeck_id":"1378035246","crm":"27215649","order_status":"cod"}
2025-12-01 15:30:10 store_script.php - 30509 crm - 27215649 cdekid - 1378035246 trackNum_amoId - 417631 {"order_id":"30509","cdeck_id":"1378035246","crm":"27215649","order_status":"cod"}
2025-12-01 15:30:11 request.php - https://vivaherb.amocrm.ru/api/v4/leads/27215649 PATCH 400  {"errors":{"27215649":"Lead not found"},"title":"Bad Request","type":"https://httpstatus.es/400","status":400,"detail":"Invalid request body"}
2025-12-01 15:30:12 request.php - https://vivaherb.amocrm.ru/api/v4/leads/27215649 PATCH 400  {"errors":{"27215649":"Lead not found"},"title":"Bad Request","type":"https://httpstatus.es/400","status":400,"detail":"Invalid request body"}
2025-12-01 15:30:12 store_script.php - 30509 crm - 27215649 END []
2025-12-01 15:30:13 store_script.php - 30980 crm - 27451493 cdekid - 1384831846 {"order_id":"30980","cdeck_id":"1384831846","crm":"27451493","order_status":"yookassa_widget"}
2025-12-01 15:30:13 store_script.php - 30980 crm - 27451493 cdekid - 1384831846 trackNum_amoId - 417631 {"order_id":"30980","cdeck_id":"1384831846","crm":"27451493","order_status":"yookassa_widget"}
2025-12-01 15:30:14 request.php - https://vivaherb.amocrm.ru/api/v4/leads/27451493 PATCH 400  {"errors":{"27451493":"Lead not found"},"title":"Bad Request","type":"https://httpstatus.es/400","status":400,"detail":"Invalid request body"}
2025-12-01 15:30:14 store_script.php - 30980 crm - 27451493 END []
2025-12-01 15:30:14 store_script.php - 31159 crm - 27523369 cdekid - 1388417736 {"order_id":"31159","cdeck_id":"1388417736","crm":"27523369","order_status":"yookassa_widget"}
2025-12-01 15:30:14 store_script.php - 31159 crm - 27523369 cdekid - 1388417736 trackNum_amoId - 417631 {"order_id":"31159","cdeck_id":"1388417736","crm":"27523369","order_status":"yookassa_widget"}
2025-12-01 15:30:15 request.php - https://vivaherb.amocrm.ru/api/v4/leads/27523369 PATCH 400  {"errors":{"27523369":"Lead not found"},"title":"Bad Request","type":"https://httpstatus.es/400","status":400,"detail":"Invalid request body"}
2025-12-01 15:30:16 store_script.php - 31159 crm - 27523369 END []
2025-12-01 15:30:16 store_script.php - 31689 crm - 27678093 cdekid - 1394658580 {"order_id":"31689","cdeck_id":"1394658580","crm":"27678093","order_status":"cod"}
2025-12-01 15:30:16 store_script.php - 31689 crm - 27678093 cdekid - 1394658580 trackNum_amoId - 417631 {"order_id":"31689","cdeck_id":"1394658580","crm":"27678093","order_status":"cod"}
2025-12-01 15:30:17 request.php - https://vivaherb.amocrm.ru/api/v4/leads/27678093 PATCH 400  {"errors":{"27678093":"Lead not found"},"title":"Bad Request","type":"https://httpstatus.es/400","status":400,"detail":"Invalid request body"}
2025-12-01 15:30:17 request.php - https://vivaherb.amocrm.ru/api/v4/leads/27678093 PATCH 400  {"errors":{"27678093":"Lead not found"},"title":"Bad Request","type":"https://httpstatus.es/400","status":400,"detail":"Invalid request body"}
2025-12-01 15:30:18 store_script.php - 31689 crm - 27678093 END []
2025-12-01 15:30:18 store_script.php - 32666 crm - 28043619 cdekid - 1407999796 {"order_id":"32666","cdeck_id":"1407999796","crm":"28043619","order_status":"yookassa_widget"}
2025-12-01 15:30:18 store_script.php - 32666 crm - 28043619 cdekid - 1407999796 trackNum_amoId - 417631 {"order_id":"32666","cdeck_id":"1407999796","crm":"28043619","order_status":"yookassa_widget"}
2025-12-01 15:30:18 request.php - https://vivaherb.amocrm.ru/api/v4/leads/28043619 PATCH 400  {"errors":{"28043619":"Lead not found"},"title":"Bad Request","type":"https://httpstatus.es/400","status":400,"detail":"Invalid request body"}
2025-12-01 15:30:19 store_script.php - 32666 crm - 28043619 END []
2025-12-01 15:30:19 store_script.php - 35382 crm - 28949539 cdekid - 1440454117 {"order_id":"35382","cdeck_id":"1440454117","crm":"28949539","order_status":"yookassa_widget"}
2025-12-01 15:30:19 store_script.php - 35382 crm - 28949539 cdekid - 1440454117 trackNum_amoId - 417631 {"order_id":"35382","cdeck_id":"1440454117","crm":"28949539","order_status":"yookassa_widget"}
2025-12-01 15:30:20 request.php - https://vivaherb.amocrm.ru/api/v4/leads/28949539 PATCH 400  {"errors":{"28949539":"Lead not found"},"title":"Bad Request","type":"https://httpstatus.es/400","status":400,"detail":"Invalid request body"}
2025-12-01 15:30:21 store_script.php - 35382 crm - 28949539 END []
2025-12-01 15:30:21 store_script.php - 36740 crm - 29177633 cdekid - 1450621353 {"order_id":"36740","cdeck_id":"1450621353","crm":"29177633","order_status":"yookassa_widget"}
2025-12-01 15:30:21 store_script.php - 36740 crm - 29177633 cdekid - 1450621353 trackNum_amoId - 417631 {"order_id":"36740","cdeck_id":"1450621353","crm":"29177633","order_status":"yookassa_widget"}
2025-12-01 15:30:21 request.php - https://vivaherb.amocrm.ru/api/v4/leads/29177633 PATCH 400  {"errors":{"29177633":"Lead not found"},"title":"Bad Request","type":"https://httpstatus.es/400","status":400,"detail":"Invalid request body"}
2025-12-01 15:30:22 store_script.php - 36740 crm - 29177633 END []
2025-12-01 15:30:22 store_script.php - 43426 crm - 29759963 cdekid - 1492618495 {"order_id":"43426","cdeck_id":"1492618495","crm":"29759963","order_status":"cod"}
2025-12-01 15:30:22 store_script.php - 43426 crm - 29759963 cdekid - 1492618495 trackNum_amoId - 417631 {"order_id":"43426","cdeck_id":"1492618495","crm":"29759963","order_status":"cod"}
2025-12-01 15:30:23 request.php - https://vivaherb.amocrm.ru/api/v4/leads/29759963 PATCH 400  {"errors":{"29759963":"Lead not found"},"title":"Bad Request","type":"https://httpstatus.es/400","status":400,"detail":"Invalid request body"}
2025-12-01 15:30:23 request.php - https://vivaherb.amocrm.ru/api/v4/leads/29759963 PATCH 400  {"errors":{"29759963":"Lead not found"},"title":"Bad Request","type":"https://httpstatus.es/400","status":400,"detail":"Invalid request body"}
2025-12-01 15:30:24 store_script.php - 43426 crm - 29759963 END []
2025-12-01 15:30:24 store_script.php - 55743 crm - 30571295 cdekid - 10011353606 {"order_id":"55743","cdeck_id":"10011353606","crm":"30571295","order_status":"cod"}
2025-12-01 15:30:24 store_script.php - 55743 crm - 30571295 cdekid - 10011353606 trackNum_amoId - 417631 {"order_id":"55743","cdeck_id":"10011353606","crm":"30571295","order_status":"cod"}
2025-12-01 15:30:25 request.php - https://vivaherb.amocrm.ru/api/v4/leads/30571295 PATCH 400  {"errors":{"30571295":"Lead not found"},"title":"Bad Request","type":"https://httpstatus.es/400","status":400,"detail":"Invalid request body"}
2025-12-01 15:30:25 request.php - https://vivaherb.amocrm.ru/api/v4/leads/30571295 PATCH 400  {"errors":{"30571295":"Lead not found"},"title":"Bad Request","type":"https://httpstatus.es/400","status":400,"detail":"Invalid request body"}
2025-12-01 15:30:25 store_script.php - 55743 crm - 30571295 END []
2025-12-01 15:30:26 store_script.php - 56020 crm - 30580597 cdekid - 10012192492 {"order_id":"56020","cdeck_id":"10012192492","crm":"30580597","order_status":"intellectmoney"}
2025-12-01 15:30:26 store_script.php - 56020 crm - 30580597 cdekid - 10012192492 trackNum_amoId - 417631 {"order_id":"56020","cdeck_id":"10012192492","crm":"30580597","order_status":"intellectmoney"}
2025-12-01 15:30:26 request.php - https://vivaherb.amocrm.ru/api/v4/leads/30580597 PATCH 400  {"errors":{"30580597":"Lead not found"},"title":"Bad Request","type":"https://httpstatus.es/400","status":400,"detail":"Invalid request body"}
2025-12-01 15:30:26 store_script.php - 56020 crm - 30580597 END []
2025-12-01 15:30:27 store_script.php - 58805 crm - 30699429 cdekid - 10024732090 {"order_id":"58805","cdeck_id":"10024732090","crm":"30699429","order_status":"yookassa_widget"}
2025-12-01 15:30:27 store_script.php - 58805 crm - 30699429 cdekid - 10024732090 trackNum_amoId - 417631 {"order_id":"58805","cdeck_id":"10024732090","crm":"30699429","order_status":"yookassa_widget"}
2025-12-01 15:30:27 request.php - https://vivaherb.amocrm.ru/api/v4/leads/30699429 PATCH 400  {"errors":{"30699429":"Lead not found"},"title":"Bad Request","type":"https://httpstatus.es/400","status":400,"detail":"Invalid request body"}
2025-12-01 15:30:28 store_script.php - 58805 crm - 30699429 END []
2025-12-01 15:30:28 store_script.php - 58825 crm - 30700377 cdekid - 10024878326 {"order_id":"58825","cdeck_id":"10024878326","crm":"30700377","order_status":"yookassa_widget"}
2025-12-01 15:30:28 store_script.php - 58825 crm - 30700377 cdekid - 10024878326 trackNum_amoId - 417631 {"order_id":"58825","cdeck_id":"10024878326","crm":"30700377","order_status":"yookassa_widget"}
2025-12-01 15:30:28 request.php - https://vivaherb.amocrm.ru/api/v4/leads/30700377 PATCH 400  {"errors":{"30700377":"Lead not found"},"title":"Bad Request","type":"https://httpstatus.es/400","status":400,"detail":"Invalid request body"}
2025-12-01 15:30:29 store_script.php - 58825 crm - 30700377 END []
2025-12-01 15:30:29 store_script.php - 58891 crm - 30702185 cdekid - 10025084375 {"order_id":"58891","cdeck_id":"10025084375","crm":"30702185","order_status":"yookassa_widget"}
2025-12-01 15:30:29 store_script.php - 58891 crm - 30702185 cdekid - 10025084375 trackNum_amoId - 417631 {"order_id":"58891","cdeck_id":"10025084375","crm":"30702185","order_status":"yookassa_widget"}
2025-12-01 15:30:30 request.php - https://vivaherb.amocrm.ru/api/v4/leads/30702185 PATCH 400  {"errors":{"30702185":"Lead not found"},"title":"Bad Request","type":"https://httpstatus.es/400","status":400,"detail":"Invalid request body"}
2025-12-01 15:30:30 store_script.php - 58891 crm - 30702185 END []
2025-12-01 15:30:31 store_script.php - 59176 crm - 30706013 cdekid - 10025584176 {"order_id":"59176","cdeck_id":"10025584176","crm":"30706013","order_status":"yookassa_widget"}
2025-12-01 15:30:31 store_script.php - 59176 crm - 30706013 cdekid - 10025584176 trackNum_amoId - 417631 {"order_id":"59176","cdeck_id":"10025584176","crm":"30706013","order_status":"yookassa_widget"}
2025-12-01 15:30:31 request.php - https://vivaherb.amocrm.ru/api/v4/leads/30706013 PATCH 400  {"errors":{"30706013":"Lead not found"},"title":"Bad Request","type":"https://httpstatus.es/400","status":400,"detail":"Invalid request body"}
2025-12-01 15:30:32 store_script.php - 59176 crm - 30706013 END []
2025-12-01 15:30:32 store_script.php - 59181 crm - 30706069 cdekid - 10025587928 {"order_id":"59181","cdeck_id":"10025587928","crm":"30706069","order_status":"yookassa_widget"}
2025-12-01 15:30:32 store_script.php - 59181 crm - 30706069 cdekid - 10025587928 trackNum_amoId - 417631 {"order_id":"59181","cdeck_id":"10025587928","crm":"30706069","order_status":"yookassa_widget"}
2025-12-01 15:30:33 request.php - https://vivaherb.amocrm.ru/api/v4/leads/30706069 PATCH 400  {"errors":{"30706069":"Lead not found"},"title":"Bad Request","type":"https://httpstatus.es/400","status":400,"detail":"Invalid request body"}
2025-12-01 15:30:34 store_script.php - 59181 crm - 30706069 END []
2025-12-01 15:30:34 store_script.php - 59187 crm - 30706147 cdekid - 10025595773 {"order_id":"59187","cdeck_id":"10025595773","crm":"30706147","order_status":"yookassa_widget"}
2025-12-01 15:30:34 store_script.php - 59187 crm - 30706147 cdekid - 10025595773 trackNum_amoId - 417631 {"order_id":"59187","cdeck_id":"10025595773","crm":"30706147","order_status":"yookassa_widget"}
2025-12-01 15:30:34 request.php - https://vivaherb.amocrm.ru/api/v4/leads/30706147 PATCH 400  {"errors":{"30706147":"Lead not found"},"title":"Bad Request","type":"https://httpstatus.es/400","status":400,"detail":"Invalid request body"}
2025-12-01 15:30:34 store_script.php - 59187 crm - 30706147 END []
2025-12-01 15:30:35 store_script.php - 59188 crm - 30706175 cdekid - 10025597779 {"order_id":"59188","cdeck_id":"10025597779","crm":"30706175","order_status":"yookassa_widget"}
2025-12-01 15:30:35 store_script.php - 59188 crm - 30706175 cdekid - 10025597779 trackNum_amoId - 417631 {"order_id":"59188","cdeck_id":"10025597779","crm":"30706175","order_status":"yookassa_widget"}
2025-12-01 15:30:35 request.php - https://vivaherb.amocrm.ru/api/v4/leads/30706175 PATCH 400  {"errors":{"30706175":"Lead not found"},"title":"Bad Request","type":"https://httpstatus.es/400","status":400,"detail":"Invalid request body"}
2025-12-01 15:30:36 store_script.php - 59188 crm - 30706175 END []
2025-12-01 15:30:36 store_script.php - 61931 crm - 30957731 cdekid - 10044840842 {"order_id":"61931","cdeck_id":"10044840842","crm":"30957731","order_status":"yookassa_widget"}
2025-12-01 15:30:36 store_script.php - 61931 crm - 30957731 cdekid - 10044840842 trackNum_amoId - 417631 {"order_id":"61931","cdeck_id":"10044840842","crm":"30957731","order_status":"yookassa_widget"}
2025-12-01 15:30:37 request.php - https://vivaherb.amocrm.ru/api/v4/leads/30957731 PATCH 400  {"errors":{"30957731":"Lead not found"},"title":"Bad Request","type":"https://httpstatus.es/400","status":400,"detail":"Invalid request body"}
2025-12-01 15:30:37 store_script.php - 61931 crm - 30957731 END []
2025-12-01 15:30:38 store_script.php - 64064 crm - 31115305 cdekid - 10067371813 {"order_id":"64064","cdeck_id":"10067371813","crm":"31115305","order_status":"yookassa_widget"}
2025-12-01 15:30:38 store_script.php - 64064 crm - 31115305 cdekid - 10067371813 trackNum_amoId - 417631 {"order_id":"64064","cdeck_id":"10067371813","crm":"31115305","order_status":"yookassa_widget"}
2025-12-01 15:30:39 request.php - https://vivaherb.amocrm.ru/api/v4/leads/31115305 PATCH 400  {"errors":{"31115305":"Lead not found"},"title":"Bad Request","type":"https://httpstatus.es/400","status":400,"detail":"Invalid request body"}
2025-12-01 15:30:39 store_script.php - 64064 crm - 31115305 END []
2025-12-01 15:30:39 store_script.php - 64110 crm - 31117287 cdekid - 10067760566 {"order_id":"64110","cdeck_id":"10067760566","crm":"31117287","order_status":"yookassa_widget"}
2025-12-01 15:30:39 store_script.php - 64110 crm - 31117287 cdekid - 10067760566 trackNum_amoId - 417631 {"order_id":"64110","cdeck_id":"10067760566","crm":"31117287","order_status":"yookassa_widget"}
2025-12-01 15:30:39 request.php - https://vivaherb.amocrm.ru/api/v4/leads/31117287 PATCH 400  {"errors":{"31117287":"Lead not found"},"title":"Bad Request","type":"https://httpstatus.es/400","status":400,"detail":"Invalid request body"}
2025-12-01 15:30:40 store_script.php - 64110 crm - 31117287 END []
2025-12-01 15:30:40 store_script.php - 64904 crm - 31188065 cdekid - 10075009440 {"order_id":"64904","cdeck_id":"10075009440","crm":"31188065","order_status":"yookassa_widget"}
2025-12-01 15:30:40 store_script.php - 64904 crm - 31188065 cdekid - 10075009440 trackNum_amoId - 417631 {"order_id":"64904","cdeck_id":"10075009440","crm":"31188065","order_status":"yookassa_widget"}
2025-12-01 15:30:40 request.php - https://vivaherb.amocrm.ru/api/v4/leads/31188065 PATCH 400  {"errors":{"31188065":"Lead not found"},"title":"Bad Request","type":"https://httpstatus.es/400","status":400,"detail":"Invalid request body"}
2025-12-01 15:30:41 store_script.php - 64904 crm - 31188065 END []
2025-12-01 15:30:41 store_script.php - 66655 crm - 31331987 cdekid - 10093681196 {"order_id":"66655","cdeck_id":"10093681196","crm":"31331987","order_status":"yookassa_widget"}
2025-12-01 15:30:41 store_script.php - 66655 crm - 31331987 cdekid - 10093681196 trackNum_amoId - 417631 {"order_id":"66655","cdeck_id":"10093681196","crm":"31331987","order_status":"yookassa_widget"}
2025-12-01 15:30:42 request.php - https://vivaherb.amocrm.ru/api/v4/leads/31331987 PATCH 400  {"errors":{"31331987":"Lead not found"},"title":"Bad Request","type":"https://httpstatus.es/400","status":400,"detail":"Invalid request body"}
2025-12-01 15:30:42 store_script.php - 66655 crm - 31331987 END []
2025-12-01 15:30:42 store_script.php - 66657 crm - 31332069 cdekid - 10093687362 {"order_id":"66657","cdeck_id":"10093687362","crm":"31332069","order_status":"yookassa_widget"}
2025-12-01 15:30:42 store_script.php - 66657 crm - 31332069 cdekid - 10093687362 trackNum_amoId - 417631 {"order_id":"66657","cdeck_id":"10093687362","crm":"31332069","order_status":"yookassa_widget"}
2025-12-01 15:30:42 request.php - https://vivaherb.amocrm.ru/api/v4/leads/31332069 PATCH 400  {"errors":{"31332069":"Lead not found"},"title":"Bad Request","type":"https://httpstatus.es/400","status":400,"detail":"Invalid request body"}
2025-12-01 15:30:43 store_script.php - 66657 crm - 31332069 END []
2025-12-01 15:30:43 store_script.php - 66765 crm - 31341715 cdekid - 10095118494 {"order_id":"66765","cdeck_id":"10095118494","crm":"31341715","order_status":"cod"}
2025-12-01 15:30:43 store_script.php - 66765 crm - 31341715 cdekid - 10095118494 trackNum_amoId - 417631 {"order_id":"66765","cdeck_id":"10095118494","crm":"31341715","order_status":"cod"}
2025-12-01 15:30:43 request.php - https://vivaherb.amocrm.ru/api/v4/leads/31341715 PATCH 400  {"errors":{"31341715":"Lead not found"},"title":"Bad Request","type":"https://httpstatus.es/400","status":400,"detail":"Invalid request body"}
2025-12-01 15:30:43 request.php - https://vivaherb.amocrm.ru/api/v4/leads/31341715 PATCH 400  {"errors":{"31341715":"Lead not found"},"title":"Bad Request","type":"https://httpstatus.es/400","status":400,"detail":"Invalid request body"}
2025-12-01 15:30:44 store_script.php - 66765 crm - 31341715 END []
2025-12-01 15:30:44 store_script.php - 67842 crm - 31420031 cdekid - 10105128997 {"order_id":"67842","cdeck_id":"10105128997","crm":"31420031","order_status":"yookassa_widget"}
2025-12-01 15:30:44 store_script.php - 67842 crm - 31420031 cdekid - 10105128997 trackNum_amoId - 417631 {"order_id":"67842","cdeck_id":"10105128997","crm":"31420031","order_status":"yookassa_widget"}
2025-12-01 15:30:44 request.php - https://vivaherb.amocrm.ru/api/v4/leads/31420031 PATCH 400  {"errors":{"31420031":"Lead not found"},"title":"Bad Request","type":"https://httpstatus.es/400","status":400,"detail":"Invalid request body"}
2025-12-01 15:30:45 store_script.php - 67842 crm - 31420031 END []
2025-12-01 15:30:55 store_script.php - 70672 crm - 31684629 cdekid - 10137210974 {"order_id":"70672","cdeck_id":"10137210974","crm":"31684629","order_status":"yookassa_widget"}
2025-12-01 15:30:55 store_script.php - 70672 crm - 31684629 cdekid - 10137210974 trackNum_amoId - 417631 {"order_id":"70672","cdeck_id":"10137210974","crm":"31684629","order_status":"yookassa_widget"}
2025-12-01 15:30:55 request.php - https://vivaherb.amocrm.ru/api/v4/leads/31684629 PATCH 400  {"errors":{"31684629":"Lead not found"},"title":"Bad Request","type":"https://httpstatus.es/400","status":400,"detail":"Invalid request body"}
2025-12-01 15:30:55 store_script.php - 70672 crm - 31684629 END []
2025-12-01 15:31:01 store_script.php - 73935 crm - 31945623 cdekid - 10170059138 {"order_id":"73935","cdeck_id":"10170059138","crm":"31945623","order_status":"intellectmoney"}
2025-12-01 15:31:01 store_script.php - 73935 crm - 31945623 cdekid - 10170059138 trackNum_amoId - 417631 {"order_id":"73935","cdeck_id":"10170059138","crm":"31945623","order_status":"intellectmoney"}
2025-12-01 15:31:02 request.php - https://vivaherb.amocrm.ru/api/v4/leads/31945623 PATCH 400  {"errors":{"31945623":"Lead not found"},"title":"Bad Request","type":"https://httpstatus.es/400","status":400,"detail":"Invalid request body"}
2025-12-01 15:31:02 store_script.php - 73935 crm - 31945623 END []
2025-12-01 15:31:10 store_script.php - 76902 crm - 32081909 cdekid - 10192726003 {"order_id":"76902","cdeck_id":"10192726003","crm":"32081909","order_status":"intellectmoney"}
2025-12-01 15:31:10 store_script.php - 76902 crm - 32081909 cdekid - 10192726003 trackNum_amoId - 417631 {"order_id":"76902","cdeck_id":"10192726003","crm":"32081909","order_status":"intellectmoney"}
2025-12-01 15:31:11 store_script.php - 76902 crm - 32081909 get_oreder {"meta":{"href":"https://api.moysklad.ru/api/remap/1.2/entity/customerorder/647843a9-ce21-11f0-0a80-1c54008c7315","metadataHref":"https://api.moysklad.ru/api/remap/1.2/entity/customerorder/metadata","type":"customerorder","mediaType":"application/json","uuidHref":"https://online.moysklad.ru/app/#customerorder/edit?id=647843a9-ce21-11f0-0a80-1c54008c7315"},"id":"647843a9-ce21-11f0-0a80-1c54008c7315","accountId":"dc992fd7-e243-
2025-12-01 15:31:12 store_script.php - 76902 crm - 32081909 END []
2025-12-01 15:31:12 store_script.php - 76904 crm - 32081941 cdekid - 10192729990 {"order_id":"76904","cdeck_id":"10192729990","crm":"32081941","order_status":"intellectmoney"}
2025-12-01 15:31:12 store_script.php - 76904 crm - 32081941 cdekid - 10192729990 trackNum_amoId - 417631 {"order_id":"76904","cdeck_id":"10192729990","crm":"32081941","order_status":"intellectmoney"}
2025-12-01 15:31:13 store_script.php - 76904 crm - 32081941 get_oreder {"meta":{"href":"https://api.moysklad.ru/api/remap/1.2/entity/customerorder/be0c78a2-ce24-11f0-0a80-1635008bede2","metadataHref":"https://api.moysklad.ru/api/remap/1.2/entity/customerorder/metadata","type":"customerorder","mediaType":"application/json","uuidHref":"https://online.moysklad.ru/app/#customerorder/edit?id=be0c78a2-ce24-11f0-0a80-1635008bede2"},"id":"be0c78a2-ce24-11f0-0a80-1635008bede2","accountId":"dc992fd7-e243-
2025-12-01 15:31:14 store_script.php - 76904 crm - 32081941 END []
2025-12-01 15:31:15 store_script.php - 76917 crm - 32083671 cdekid - 10193124375 {"order_id":"76917","cdeck_id":"10193124375","crm":"32083671","order_status":"intellectmoney"}
2025-12-01 15:31:15 store_script.php - 76917 crm - 32083671 cdekid - 10193124375 trackNum_amoId - 417631 {"order_id":"76917","cdeck_id":"10193124375","crm":"32083671","order_status":"intellectmoney"}
2025-12-01 15:31:15 store_script.php - 76917 crm - 32083671 get_oreder {"meta":{"href":"https://api.moysklad.ru/api/remap/1.2/entity/customerorder/6d1408f9-ceaf-11f0-0a80-09e900a5457d","metadataHref":"https://api.moysklad.ru/api/remap/1.2/entity/customerorder/metadata","type":"customerorder","mediaType":"application/json","uuidHref":"https://online.moysklad.ru/app/#customerorder/edit?id=6d1408f9-ceaf-11f0-0a80-09e900a5457d"},"id":"6d1408f9-ceaf-11f0-0a80-09e900a5457d","accountId":"dc992fd7-e243-
2025-12-01 15:31:16 store_script.php - 76917 crm - 32083671 END []
2025-12-01 15:39:17 script 3 - input data from webhook {"id":"e919a371-cea8-11f0-0a80-163500a3421f","type":"CustomerOrder","requestId":"ed804464-3a82-4ac4-99ad-d1069b09c323"}
2025-12-01 15:39:17 script 3 - request to me https://vivaherb.ru/support/amo_mystore/scripts/amo_ms_order-sent.php?id=e919a371-cea8-11f0-0a80-163500a3421f&type=CustomerOrder&requestId=ed804464-3a82-4ac4-99ad-d1069b09c323 {"id":"e919a371-cea8-11f0-0a80-163500a3421f","status_id":"sent"}
2025-12-01 15:39:17 script 3 - input data from webhook {"id":"e919a371-cea8-11f0-0a80-163500a3421f","status_id":"sent"}
2025-12-01 15:39:17 script 3 - change status in Amo order [{"Тип запроса":"contacts","Сущность в Амо":"lead","Наименование поля в Амо":"id контакта","Имя или id поля в Амо":"_embedded.contacts.0.id"},{"Тип запроса":"counterparty","Сущность в Амо":"contacts","Сущность в МойСклад":"Имя контрагента","Имя или id поля в МойСклад":"name","Префикс":"Рознич
2025-12-01 15:39:17 script 3 - change status in Amo order [{"Воронка":"VivaHerb","id воронки":"2139079","Поле сделки":"Способ оплаты","id поля сделки":"421383","Значение поля сделки":"Оплата при получении","id значения поля сделки":"598425","Поменять на статус":"Наложки отправлены","Поменять на статус (id статуса)":"31303804"},{"Воронк�
2025-12-01 15:39:17 request.php - https://api.moysklad.ru/api/remap/1.2/entity/customerorder/e919a371-cea8-11f0-0a80-163500a3421f GET 401  {"errors":[{"error":"Ошибка аутентификации: Неправильный или просроченный ключ доступа","code":1056,"moreInfo":"https://dev.moysklad.ru/doc/api/remap/1.2/#/errors#error_1056"}]}
2025-12-01 15:39:17 MyStore request Error! {"error_code":401,"response":{"errors":[{"error":"Ошибка аутентификации: Неправильный или просроченный ключ доступа","code":1056,"moreInfo":"https://dev.moysklad.ru/doc/api/remap/1.2/#/errors#error_1056"}]}}
2025-12-01 15:39:17 First Authorize success {"access_token":"07d63c2d29e869649734910bd1d1aaff6361316e"}
2025-12-01 15:39:17 script 3 - find order in myStore {"meta":{"href":"https://api.moysklad.ru/api/remap/1.2/entity/customerorder/e919a371-cea8-11f0-0a80-163500a3421f","metadataHref":"https://api.moysklad.ru/api/remap/1.2/entity/customerorder/metadata","type":"customerorder","mediaType":"application/json","uuidHref":"https://online.moysklad.ru/app/#customerorder/edit?id=e919a371-cea8-11f0-0a80-163500a3421f"},"id":"e919a371-cea8-11f0-0a80-163500a3421f","accountId":"dc992fd7-e243-11ec-0a80-058e0000
2025-12-01 15:39:17 script 3 - id attribute amo "f35f3cd6-f8b8-11ed-0a80-026c003acc8d"
2025-12-01 15:39:17 script 3 - find track "10193142826"
2025-12-01 15:39:17 script 3 - find LeadId "32082489"
2025-12-01 15:39:18 script 3 - find CRM order {"id":32082489,"name":"Сделка #32082489","price":1691,"responsible_user_id":8670562,"group_id":0,"status_id":30471025,"pipeline_id":2139079,"loss_reason_id":null,"created_by":0,"updated_by":8123221,"created_at":1764574071,"updated_at":1764592624,"closed_at":null,"closest_task_at":null,"is_deleted":false,"custom_fields_values":[{"field_id":651021,"field_name":"_ym_counter","field_code":"_YM_COUNTER","field_type":"tracking_data","values":[{"value
2025-12-01 15:39:18 script 3 - get status 598423
2025-12-01 15:39:18 script 3 - get status 598423
2025-12-01 15:39:18 script 3 - set status "142"
2025-12-01 15:39:18 script 3 - push track number to Amo order {"id":32082489,"updated_at":1764592758,"_links":{"self":{"href":"https://vivaherb.amocrm.ru/api/v4/leads/32082489"}}}
2025-12-01 15:39:19 script 3 - change status in Amo order {"id":32082489,"updated_at":1764592758,"_links":{"self":{"href":"https://vivaherb.amocrm.ru/api/v4/leads/32082489"}}}
2025-12-01 16:27:25 store_script.php - 76919 crm - 32083899 cdekid - 10193182407 {"order_id":"76919","cdeck_id":"10193182407","crm":"32083899","order_status":"intellectmoney"}
2025-12-01 16:27:25 store_script.php - 76919 crm - 32083899 cdekid - 10193182407 trackNum_amoId - 417631 {"order_id":"76919","cdeck_id":"10193182407","crm":"32083899","order_status":"intellectmoney"}
2025-12-01 16:27:26 store_script.php - 76919 crm - 32083899 END []
2025-12-01 16:27:33 input data from webhook {"leads":{"status":[{"id":"32083899","status_id":"30471025","pipeline_id":"2139079","old_status_id":"30471022","old_pipeline_id":"2139079"}]},"account":{"id":"28662106","subdomain":"vivaherb"}}
2025-12-01 16:27:33 request to me https://vivaherb.ru/support/amo_mystore/scripts/amo_ms_export-order.php {"id":"32083899","status_id":"30471025"}
2025-12-01 16:27:33 input data from webhook {"id":"32083899","status_id":"30471025"}
2025-12-01 16:27:33 request to me id 32083899 "32083899"
2025-12-01 16:27:33 request to me successStatusArray Array ["30471025","44583808"]
2025-12-01 16:27:35 connect amo and myStore data "45404217"
2025-12-01 16:27:35 order data {"lead":{"id":32083899,"name":"Заказ VivaHerb от Ирина Пискунова","price":4882,"responsible_user_id":8670562,"group_id":0,"status_id":30471025,"pipeline_id":2139079,"loss_reason_id":null,"created_by":0,"updated_by":0,"created_at":1764595522,"updated_at":1764595646,"closed_at":null,"closest_task_at":null,"is_deleted":false,"custom_fields_values":[{"field_id":164511,"field_name":"ORDER_ID","field_code":null,"field_type":"textarea","values":[{"val
2025-12-01 16:27:36 myStore product data {"context":{"employee":{"meta":{"href":"https://api.moysklad.ru/api/remap/1.2/context/employee","metadataHref":"https://api.moysklad.ru/api/remap/1.2/entity/employee/metadata","type":"employee","mediaType":"application/json"}}},"meta":{"href":"https://api.moysklad.ru/api/remap/1.2/entity/product?filter=article=4687202267422","type":"product","mediaType":"application/json","size":1,"limit":1000,"offset":0},"rows":[{"meta":{"href":"https://api.moysklad.ru/a
2025-12-01 16:27:36 myStore product data {"context":{"employee":{"meta":{"href":"https://api.moysklad.ru/api/remap/1.2/context/employee","metadataHref":"https://api.moysklad.ru/api/remap/1.2/entity/employee/metadata","type":"employee","mediaType":"application/json"}}},"meta":{"href":"https://api.moysklad.ru/api/remap/1.2/entity/product?filter=article=4670169198564","type":"product","mediaType":"application/json","size":1,"limit":1000,"offset":0},"rows":[{"meta":{"href":"https://api.moysklad.ru/a
2025-12-01 16:27:36 myStore product data {"context":{"employee":{"meta":{"href":"https://api.moysklad.ru/api/remap/1.2/context/employee","metadataHref":"https://api.moysklad.ru/api/remap/1.2/entity/employee/metadata","type":"employee","mediaType":"application/json"}}},"meta":{"href":"https://api.moysklad.ru/api/remap/1.2/entity/service?filter=code=4687203150879","type":"service","mediaType":"application/json","size":1,"limit":1000,"offset":0},"rows":[{"meta":{"href":"https://api.moysklad.ru/api/
2025-12-01 16:27:36 connect amo and myStore data "Розничный покупатель"
2025-12-01 16:27:36 find customer in myStore {"context":{"employee":{"meta":{"href":"https://api.moysklad.ru/api/remap/1.2/context/employee","metadataHref":"https://api.moysklad.ru/api/remap/1.2/entity/employee/metadata","type":"employee","mediaType":"application/json"}}},"meta":{"href":"https://api.moysklad.ru/api/remap/1.2/entity/counterparty?filter=name=%D0%A0%D0%BE%D0%B7%D0%BD%D0%B8%D1%87%D0%BD%D1%8B%D0%B9+%D0%BF%D0%BE%D0%BA%D1%83%D0%BF%D0%B0%D1%82%D0%B5%D0%BB%D1%8C","type":"counterparty","m
2025-12-01 16:27:36 connect amo and myStore data "https://vivaherb.amocrm.ru/leads/detail/32083899"
2025-12-01 16:27:36 connect amo and myStore data "32083899"
2025-12-01 16:27:36 connect amo and myStore data {"meta":{"href":"https://api.moysklad.ru/api/remap/1.2/entity/customentity/f3b26dbe-f323-11ed-0a80-079f0039c17d/1167751a-f324-11ed-0a80-02e0003ae084","metadataHref":"https://api.moysklad.ru/api/remap/1.2/context/companysettings/metadata/customEntities/f3b26dbe-f323-11ed-0a80-079f0039c17d","type":"customentity","mediaType":"application/json","uuidHref":"https://online.moysklad.ru/app/#custom_f3b26dbe-f323-11ed-0a80-079f0039c17d/edit?id=1167751a-f32
2025-12-01 16:27:36 connect amo and myStore data "Оплата через СБП"
2025-12-01 16:27:36 connect amo and myStore data "+79679770879"
2025-12-01 16:27:37 connect amo and myStore data {"postalCode":"197706","country":{"meta":{"href":"https://api.moysklad.ru/api/remap/1.2/entity/country/9df7c2c3-7782-4c5c-a8ed-1102af611608","metadataHref":"https://api.moysklad.ru/api/remap/1.2/entity/country/metadata","type":"country","mediaType":"application/json","uuidHref":"https://online.moysklad.ru/app/#country/edit?id=9df7c2c3-7782-4c5c-a8ed-1102af611608"},"id":"9df7c2c3-7782-4c5c-a8ed-1102af611608","updated":"2012-11-02 12:04:14.054","nam
2025-12-01 16:27:37 connect amo and myStore data "10193182407"
2025-12-01 16:27:37 connect amo and myStore data "0"
2025-12-01 16:27:37 connect amo and myStore data {"meta":{"href":"https://api.moysklad.ru/api/remap/1.2/entity/store/86afd9b6-f87d-11ed-0a80-0e2e002ec499","metadataHref":"https://api.moysklad.ru/api/remap/1.2/entity/store/metadata","type":"store","mediaType":"application/json","uuidHref":"https://online.moysklad.ru/app/#warehouse/edit?id=86afd9b6-f87d-11ed-0a80-0e2e002ec499"}}
2025-12-01 16:27:37 connect amo and myStore data {"meta":{"href":"https://api.moysklad.ru/api/remap/1.2/entity/project/5a0b3e18-e244-11ec-0a80-083900059d82","metadataHref":"https://api.moysklad.ru/api/remap/1.2/entity/project/metadata","type":"project","mediaType":"application/json","uuidHref":"https://online.moysklad.ru/app/#project/edit?id=5a0b3e18-e244-11ec-0a80-083900059d82"}}
2025-12-01 16:27:37 connect amo and myStore data "Ирина Пискунова"
2025-12-01 16:27:37 data for order creation {"attributes":[{"meta":{"href":"https://api.moysklad.ru/api/remap/1.2/entity/customerorder/metadata/attributes/f35f3cd6-f8b8-11ed-0a80-026c003acc8d","type":"attributemetadata","mediaType":"application/json"},"value":"https://vivaherb.amocrm.ru/leads/detail/32083899"},{"meta":{"href":"https://api.moysklad.ru/api/remap/1.2/entity/customerorder/metadata/attributes/5d2b3641-f88c-11ed-0a80-030300324bbf","type":"attributemetadata","mediaType":"application/js
2025-12-01 16:27:37 positions for order creation [{"quantity":1,"price":178995.3256768559,"vat":5,"assortment":{"meta":{"href":"https://api.moysklad.ru/api/remap/1.2/entity/product/89586b2a-f6c9-11ec-0a80-027d0005d4c0","metadataHref":"https://api.moysklad.ru/api/remap/1.2/entity/product/metadata","type":"product","mediaType":"application/json","uuidHref":"https://online.moysklad.ru/app/#good/edit?id=895863bd-f6c9-11ec-0a80-027d0005d4be"}}},{"quantity":1,"price":278992.71432314406,"vat":5,"assort
2025-12-01 16:27:37 create new order {"meta":{"href":"https://api.moysklad.ru/api/remap/1.2/entity/customerorder/80b10cd8-ceb9-11f0-0a80-064d00a94c6b","metadataHref":"https://api.moysklad.ru/api/remap/1.2/entity/customerorder/metadata","type":"customerorder","mediaType":"application/json","uuidHref":"https://online.moysklad.ru/app/#customerorder/edit?id=80b10cd8-ceb9-11f0-0a80-064d00a94c6b"},"id":"80b10cd8-ceb9-11f0-0a80-064d00a94c6b","accountId":"dc992fd7-e243-11ec-0a80-058e0000294e","owner":{"
2025-12-01 16:27:38 paymentInPrice 4882
2025-12-01 16:27:38 newPaymentIn {"meta":{"href":"https://api.moysklad.ru/api/remap/1.2/entity/paymentin/8175a2c7-ceb9-11f0-0a80-188600a93270","metadataHref":"https://api.moysklad.ru/api/remap/1.2/entity/paymentin/metadata","type":"paymentin","mediaType":"application/json","uuidHref":"https://online.moysklad.ru/app/#paymentin/edit?id=8175a2c7-ceb9-11f0-0a80-188600a93270"},"id":"8175a2c7-ceb9-11f0-0a80-188600a93270","accountId":"dc992fd7-e243-11ec-0a80-058e0000294e","owner":{"meta":{"href":"https
2025-12-01 16:27:38 OK ["OK"]
2025-12-01 16:30:03 store_script.php - 30509 crm - 27215649 cdekid - 1378035246 {"order_id":"30509","cdeck_id":"1378035246","crm":"27215649","order_status":"cod"}
2025-12-01 16:30:03 store_script.php - 30509 crm - 27215649 cdekid - 1378035246 trackNum_amoId - 417631 {"order_id":"30509","cdeck_id":"1378035246","crm":"27215649","order_status":"cod"}
2025-12-01 16:30:03 request.php - https://vivaherb.amocrm.ru/api/v4/leads/27215649 PATCH 400  {"errors":{"27215649":"Lead not found"},"title":"Bad Request","type":"https://httpstatus.es/400","status":400,"detail":"Invalid request body"}
2025-12-01 16:30:04 request.php - https://vivaherb.amocrm.ru/api/v4/leads/27215649 PATCH 400  {"errors":{"27215649":"Lead not found"},"title":"Bad Request","type":"https://httpstatus.es/400","status":400,"detail":"Invalid request body"}
2025-12-01 16:30:05 store_script.php - 30509 crm - 27215649 END []
2025-12-01 16:30:05 store_script.php - 30980 crm - 27451493 cdekid - 1384831846 {"order_id":"30980","cdeck_id":"1384831846","crm":"27451493","order_status":"yookassa_widget"}
2025-12-01 16:30:05 store_script.php - 30980 crm - 27451493 cdekid - 1384831846 trackNum_amoId - 417631 {"order_id":"30980","cdeck_id":"1384831846","crm":"27451493","order_status":"yookassa_widget"}
2025-12-01 16:30:05 request.php - https://vivaherb.amocrm.ru/api/v4/leads/27451493 PATCH 400  {"errors":{"27451493":"Lead not found"},"title":"Bad Request","type":"https://httpstatus.es/400","status":400,"detail":"Invalid request body"}
2025-12-01 16:30:06 store_script.php - 30980 crm - 27451493 END []
2025-12-01 16:30:07 store_script.php - 31159 crm - 27523369 cdekid - 1388417736 {"order_id":"31159","cdeck_id":"1388417736","crm":"27523369","order_status":"yookassa_widget"}
2025-12-01 16:30:07 store_script.php - 31159 crm - 27523369 cdekid - 1388417736 trackNum_amoId - 417631 {"order_id":"31159","cdeck_id":"1388417736","crm":"27523369","order_status":"yookassa_widget"}
2025-12-01 16:30:07 request.php - https://vivaherb.amocrm.ru/api/v4/leads/27523369 PATCH 400  {"errors":{"27523369":"Lead not found"},"title":"Bad Request","type":"https://httpstatus.es/400","status":400,"detail":"Invalid request body"}
2025-12-01 16:30:08 store_script.php - 31159 crm - 27523369 END []
2025-12-01 16:30:08 store_script.php - 31689 crm - 27678093 cdekid - 1394658580 {"order_id":"31689","cdeck_id":"1394658580","crm":"27678093","order_status":"cod"}
2025-12-01 16:30:08 store_script.php - 31689 crm - 27678093 cdekid - 1394658580 trackNum_amoId - 417631 {"order_id":"31689","cdeck_id":"1394658580","crm":"27678093","order_status":"cod"}
2025-12-01 16:30:09 request.php - https://vivaherb.amocrm.ru/api/v4/leads/27678093 PATCH 400  {"errors":{"27678093":"Lead not found"},"title":"Bad Request","type":"https://httpstatus.es/400","status":400,"detail":"Invalid request body"}
2025-12-01 16:30:09 request.php - https://vivaherb.amocrm.ru/api/v4/leads/27678093 PATCH 400  {"errors":{"27678093":"Lead not found"},"title":"Bad Request","type":"https://httpstatus.es/400","status":400,"detail":"Invalid request body"}
2025-12-01 16:30:09 store_script.php - 31689 crm - 27678093 END []
2025-12-01 16:30:10 store_script.php - 32666 crm - 28043619 cdekid - 1407999796 {"order_id":"32666","cdeck_id":"1407999796","crm":"28043619","order_status":"yookassa_widget"}
2025-12-01 16:30:10 store_script.php - 32666 crm - 28043619 cdekid - 1407999796 trackNum_amoId - 417631 {"order_id":"32666","cdeck_id":"1407999796","crm":"28043619","order_status":"yookassa_widget"}
2025-12-01 16:30:10 request.php - https://vivaherb.amocrm.ru/api/v4/leads/28043619 PATCH 400  {"errors":{"28043619":"Lead not found"},"title":"Bad Request","type":"https://httpstatus.es/400","status":400,"detail":"Invalid request body"}
2025-12-01 16:30:11 store_script.php - 32666 crm - 28043619 END []
2025-12-01 16:30:11 store_script.php - 35382 crm - 28949539 cdekid - 1440454117 {"order_id":"35382","cdeck_id":"1440454117","crm":"28949539","order_status":"yookassa_widget"}
2025-12-01 16:30:11 store_script.php - 35382 crm - 28949539 cdekid - 1440454117 trackNum_amoId - 417631 {"order_id":"35382","cdeck_id":"1440454117","crm":"28949539","order_status":"yookassa_widget"}
2025-12-01 16:30:11 request.php - https://vivaherb.amocrm.ru/api/v4/leads/28949539 PATCH 400  {"errors":{"28949539":"Lead not found"},"title":"Bad Request","type":"https://httpstatus.es/400","status":400,"detail":"Invalid request body"}
2025-12-01 16:30:12 store_script.php - 35382 crm - 28949539 END []
2025-12-01 16:30:12 store_script.php - 36740 crm - 29177633 cdekid - 1450621353 {"order_id":"36740","cdeck_id":"1450621353","crm":"29177633","order_status":"yookassa_widget"}
2025-12-01 16:30:12 store_script.php - 36740 crm - 29177633 cdekid - 1450621353 trackNum_amoId - 417631 {"order_id":"36740","cdeck_id":"1450621353","crm":"29177633","order_status":"yookassa_widget"}
2025-12-01 16:30:13 request.php - https://vivaherb.amocrm.ru/api/v4/leads/29177633 PATCH 400  {"errors":{"29177633":"Lead not found"},"title":"Bad Request","type":"https://httpstatus.es/400","status":400,"detail":"Invalid request body"}
2025-12-01 16:30:13 store_script.php - 36740 crm - 29177633 END []
2025-12-01 16:30:13 store_script.php - 43426 crm - 29759963 cdekid - 1492618495 {"order_id":"43426","cdeck_id":"1492618495","crm":"29759963","order_status":"cod"}
2025-12-01 16:30:13 store_script.php - 43426 crm - 29759963 cdekid - 1492618495 trackNum_amoId - 417631 {"order_id":"43426","cdeck_id":"1492618495","crm":"29759963","order_status":"cod"}
2025-12-01 16:30:14 request.php - https://vivaherb.amocrm.ru/api/v4/leads/29759963 PATCH 400  {"errors":{"29759963":"Lead not found"},"title":"Bad Request","type":"https://httpstatus.es/400","status":400,"detail":"Invalid request body"}
2025-12-01 16:30:14 request.php - https://vivaherb.amocrm.ru/api/v4/leads/29759963 PATCH 400  {"errors":{"29759963":"Lead not found"},"title":"Bad Request","type":"https://httpstatus.es/400","status":400,"detail":"Invalid request body"}
2025-12-01 16:30:15 store_script.php - 43426 crm - 29759963 END []
2025-12-01 16:30:15 store_script.php - 55743 crm - 30571295 cdekid - 10011353606 {"order_id":"55743","cdeck_id":"10011353606","crm":"30571295","order_status":"cod"}
2025-12-01 16:30:15 store_script.php - 55743 crm - 30571295 cdekid - 10011353606 trackNum_amoId - 417631 {"order_id":"55743","cdeck_id":"10011353606","crm":"30571295","order_status":"cod"}
2025-12-01 16:30:16 request.php - https://vivaherb.amocrm.ru/api/v4/leads/30571295 PATCH 400  {"errors":{"30571295":"Lead not found"},"title":"Bad Request","type":"https://httpstatus.es/400","status":400,"detail":"Invalid request body"}
2025-12-01 16:30:16 request.php - https://vivaherb.amocrm.ru/api/v4/leads/30571295 PATCH 400  {"errors":{"30571295":"Lead not found"},"title":"Bad Request","type":"https://httpstatus.es/400","status":400,"detail":"Invalid request body"}
2025-12-01 16:30:17 store_script.php - 55743 crm - 30571295 END []
2025-12-01 16:30:17 store_script.php - 56020 crm - 30580597 cdekid - 10012192492 {"order_id":"56020","cdeck_id":"10012192492","crm":"30580597","order_status":"intellectmoney"}
2025-12-01 16:30:17 store_script.php - 56020 crm - 30580597 cdekid - 10012192492 trackNum_amoId - 417631 {"order_id":"56020","cdeck_id":"10012192492","crm":"30580597","order_status":"intellectmoney"}
2025-12-01 16:30:17 request.php - https://vivaherb.amocrm.ru/api/v4/leads/30580597 PATCH 400  {"errors":{"30580597":"Lead not found"},"title":"Bad Request","type":"https://httpstatus.es/400","status":400,"detail":"Invalid request body"}
2025-12-01 16:30:18 store_script.php - 56020 crm - 30580597 END []
2025-12-01 16:30:18 store_script.php - 58805 crm - 30699429 cdekid - 10024732090 {"order_id":"58805","cdeck_id":"10024732090","crm":"30699429","order_status":"yookassa_widget"}
2025-12-01 16:30:18 store_script.php - 58805 crm - 30699429 cdekid - 10024732090 trackNum_amoId - 417631 {"order_id":"58805","cdeck_id":"10024732090","crm":"30699429","order_status":"yookassa_widget"}
2025-12-01 16:30:18 request.php - https://vivaherb.amocrm.ru/api/v4/leads/30699429 PATCH 400  {"errors":{"30699429":"Lead not found"},"title":"Bad Request","type":"https://httpstatus.es/400","status":400,"detail":"Invalid request body"}
2025-12-01 16:30:20 store_script.php - 58805 crm - 30699429 END []
2025-12-01 16:30:20 store_script.php - 58825 crm - 30700377 cdekid - 10024878326 {"order_id":"58825","cdeck_id":"10024878326","crm":"30700377","order_status":"yookassa_widget"}
2025-12-01 16:30:20 store_script.php - 58825 crm - 30700377 cdekid - 10024878326 trackNum_amoId - 417631 {"order_id":"58825","cdeck_id":"10024878326","crm":"30700377","order_status":"yookassa_widget"}
2025-12-01 16:30:21 request.php - https://vivaherb.amocrm.ru/api/v4/leads/30700377 PATCH 400  {"errors":{"30700377":"Lead not found"},"title":"Bad Request","type":"https://httpstatus.es/400","status":400,"detail":"Invalid request body"}
2025-12-01 16:30:21 store_script.php - 58825 crm - 30700377 END []
2025-12-01 16:30:22 store_script.php - 58891 crm - 30702185 cdekid - 10025084375 {"order_id":"58891","cdeck_id":"10025084375","crm":"30702185","order_status":"yookassa_widget"}
2025-12-01 16:30:22 store_script.php - 58891 crm - 30702185 cdekid - 10025084375 trackNum_amoId - 417631 {"order_id":"58891","cdeck_id":"10025084375","crm":"30702185","order_status":"yookassa_widget"}
2025-12-01 16:30:22 request.php - https://vivaherb.amocrm.ru/api/v4/leads/30702185 PATCH 400  {"errors":{"30702185":"Lead not found"},"title":"Bad Request","type":"https://httpstatus.es/400","status":400,"detail":"Invalid request body"}
2025-12-01 16:30:22 store_script.php - 58891 crm - 30702185 END []
2025-12-01 16:30:22 store_script.php - 59176 crm - 30706013 cdekid - 10025584176 {"order_id":"59176","cdeck_id":"10025584176","crm":"30706013","order_status":"yookassa_widget"}
2025-12-01 16:30:22 store_script.php - 59176 crm - 30706013 cdekid - 10025584176 trackNum_amoId - 417631 {"order_id":"59176","cdeck_id":"10025584176","crm":"30706013","order_status":"yookassa_widget"}
2025-12-01 16:30:23 request.php - https://vivaherb.amocrm.ru/api/v4/leads/30706013 PATCH 400  {"errors":{"30706013":"Lead not found"},"title":"Bad Request","type":"https://httpstatus.es/400","status":400,"detail":"Invalid request body"}
2025-12-01 16:30:24 store_script.php - 59176 crm - 30706013 END []
2025-12-01 16:30:24 store_script.php - 59181 crm - 30706069 cdekid - 10025587928 {"order_id":"59181","cdeck_id":"10025587928","crm":"30706069","order_status":"yookassa_widget"}
2025-12-01 16:30:24 store_script.php - 59181 crm - 30706069 cdekid - 10025587928 trackNum_amoId - 417631 {"order_id":"59181","cdeck_id":"10025587928","crm":"30706069","order_status":"yookassa_widget"}
2025-12-01 16:30:24 request.php - https://vivaherb.amocrm.ru/api/v4/leads/30706069 PATCH 400  {"errors":{"30706069":"Lead not found"},"title":"Bad Request","type":"https://httpstatus.es/400","status":400,"detail":"Invalid request body"}
2025-12-01 16:30:26 store_script.php - 59181 crm - 30706069 END []
2025-12-01 16:30:26 store_script.php - 59187 crm - 30706147 cdekid - 10025595773 {"order_id":"59187","cdeck_id":"10025595773","crm":"30706147","order_status":"yookassa_widget"}
2025-12-01 16:30:26 store_script.php - 59187 crm - 30706147 cdekid - 10025595773 trackNum_amoId - 417631 {"order_id":"59187","cdeck_id":"10025595773","crm":"30706147","order_status":"yookassa_widget"}
2025-12-01 16:30:26 request.php - https://vivaherb.amocrm.ru/api/v4/leads/30706147 PATCH 400  {"errors":{"30706147":"Lead not found"},"title":"Bad Request","type":"https://httpstatus.es/400","status":400,"detail":"Invalid request body"}
2025-12-01 16:30:27 store_script.php - 59187 crm - 30706147 END []
2025-12-01 16:30:27 store_script.php - 59188 crm - 30706175 cdekid - 10025597779 {"order_id":"59188","cdeck_id":"10025597779","crm":"30706175","order_status":"yookassa_widget"}
2025-12-01 16:30:27 store_script.php - 59188 crm - 30706175 cdekid - 10025597779 trackNum_amoId - 417631 {"order_id":"59188","cdeck_id":"10025597779","crm":"30706175","order_status":"yookassa_widget"}
2025-12-01 16:30:27 request.php - https://vivaherb.amocrm.ru/api/v4/leads/30706175 PATCH 400  {"errors":{"30706175":"Lead not found"},"title":"Bad Request","type":"https://httpstatus.es/400","status":400,"detail":"Invalid request body"}
2025-12-01 16:30:27 store_script.php - 59188 crm - 30706175 END []
2025-12-01 16:30:28 store_script.php - 61931 crm - 30957731 cdekid - 10044840842 {"order_id":"61931","cdeck_id":"10044840842","crm":"30957731","order_status":"yookassa_widget"}
2025-12-01 16:30:28 store_script.php - 61931 crm - 30957731 cdekid - 10044840842 trackNum_amoId - 417631 {"order_id":"61931","cdeck_id":"10044840842","crm":"30957731","order_status":"yookassa_widget"}
2025-12-01 16:30:29 request.php - https://vivaherb.amocrm.ru/api/v4/leads/30957731 PATCH 400  {"errors":{"30957731":"Lead not found"},"title":"Bad Request","type":"https://httpstatus.es/400","status":400,"detail":"Invalid request body"}
2025-12-01 16:30:29 store_script.php - 61931 crm - 30957731 END []
2025-12-01 16:30:30 store_script.php - 64064 crm - 31115305 cdekid - 10067371813 {"order_id":"64064","cdeck_id":"10067371813","crm":"31115305","order_status":"yookassa_widget"}
2025-12-01 16:30:30 store_script.php - 64064 crm - 31115305 cdekid - 10067371813 trackNum_amoId - 417631 {"order_id":"64064","cdeck_id":"10067371813","crm":"31115305","order_status":"yookassa_widget"}
2025-12-01 16:30:31 request.php - https://vivaherb.amocrm.ru/api/v4/leads/31115305 PATCH 400  {"errors":{"31115305":"Lead not found"},"title":"Bad Request","type":"https://httpstatus.es/400","status":400,"detail":"Invalid request body"}
2025-12-01 16:30:31 store_script.php - 64064 crm - 31115305 END []
2025-12-01 16:30:31 store_script.php - 64110 crm - 31117287 cdekid - 10067760566 {"order_id":"64110","cdeck_id":"10067760566","crm":"31117287","order_status":"yookassa_widget"}
2025-12-01 16:30:31 store_script.php - 64110 crm - 31117287 cdekid - 10067760566 trackNum_amoId - 417631 {"order_id":"64110","cdeck_id":"10067760566","crm":"31117287","order_status":"yookassa_widget"}
2025-12-01 16:30:32 request.php - https://vivaherb.amocrm.ru/api/v4/leads/31117287 PATCH 400  {"errors":{"31117287":"Lead not found"},"title":"Bad Request","type":"https://httpstatus.es/400","status":400,"detail":"Invalid request body"}
2025-12-01 16:30:32 store_script.php - 64110 crm - 31117287 END []
2025-12-01 16:30:33 store_script.php - 64904 crm - 31188065 cdekid - 10075009440 {"order_id":"64904","cdeck_id":"10075009440","crm":"31188065","order_status":"yookassa_widget"}
2025-12-01 16:30:33 store_script.php - 64904 crm - 31188065 cdekid - 10075009440 trackNum_amoId - 417631 {"order_id":"64904","cdeck_id":"10075009440","crm":"31188065","order_status":"yookassa_widget"}
2025-12-01 16:30:33 request.php - https://vivaherb.amocrm.ru/api/v4/leads/31188065 PATCH 400  {"errors":{"31188065":"Lead not found"},"title":"Bad Request","type":"https://httpstatus.es/400","status":400,"detail":"Invalid request body"}
2025-12-01 16:30:33 store_script.php - 64904 crm - 31188065 END []
2025-12-01 16:30:34 store_script.php - 66655 crm - 31331987 cdekid - 10093681196 {"order_id":"66655","cdeck_id":"10093681196","crm":"31331987","order_status":"yookassa_widget"}
2025-12-01 16:30:34 store_script.php - 66655 crm - 31331987 cdekid - 10093681196 trackNum_amoId - 417631 {"order_id":"66655","cdeck_id":"10093681196","crm":"31331987","order_status":"yookassa_widget"}
2025-12-01 16:30:34 request.php - https://vivaherb.amocrm.ru/api/v4/leads/31331987 PATCH 400  {"errors":{"31331987":"Lead not found"},"title":"Bad Request","type":"https://httpstatus.es/400","status":400,"detail":"Invalid request body"}
2025-12-01 16:30:35 store_script.php - 66655 crm - 31331987 END []
2025-12-01 16:30:35 store_script.php - 66657 crm - 31332069 cdekid - 10093687362 {"order_id":"66657","cdeck_id":"10093687362","crm":"31332069","order_status":"yookassa_widget"}
2025-12-01 16:30:35 store_script.php - 66657 crm - 31332069 cdekid - 10093687362 trackNum_amoId - 417631 {"order_id":"66657","cdeck_id":"10093687362","crm":"31332069","order_status":"yookassa_widget"}
2025-12-01 16:30:35 request.php - https://vivaherb.amocrm.ru/api/v4/leads/31332069 PATCH 400  {"errors":{"31332069":"Lead not found"},"title":"Bad Request","type":"https://httpstatus.es/400","status":400,"detail":"Invalid request body"}
2025-12-01 16:30:36 store_script.php - 66657 crm - 31332069 END []
2025-12-01 16:30:36 store_script.php - 66765 crm - 31341715 cdekid - 10095118494 {"order_id":"66765","cdeck_id":"10095118494","crm":"31341715","order_status":"cod"}
2025-12-01 16:30:36 store_script.php - 66765 crm - 31341715 cdekid - 10095118494 trackNum_amoId - 417631 {"order_id":"66765","cdeck_id":"10095118494","crm":"31341715","order_status":"cod"}
2025-12-01 16:30:36 request.php - https://vivaherb.amocrm.ru/api/v4/leads/31341715 PATCH 400  {"errors":{"31341715":"Lead not found"},"title":"Bad Request","type":"https://httpstatus.es/400","status":400,"detail":"Invalid request body"}
2025-12-01 16:30:37 request.php - https://vivaherb.amocrm.ru/api/v4/leads/31341715 PATCH 400  {"errors":{"31341715":"Lead not found"},"title":"Bad Request","type":"https://httpstatus.es/400","status":400,"detail":"Invalid request body"}
2025-12-01 16:30:37 store_script.php - 66765 crm - 31341715 END []
2025-12-01 16:30:38 store_script.php - 67842 crm - 31420031 cdekid - 10105128997 {"order_id":"67842","cdeck_id":"10105128997","crm":"31420031","order_status":"yookassa_widget"}
2025-12-01 16:30:38 store_script.php - 67842 crm - 31420031 cdekid - 10105128997 trackNum_amoId - 417631 {"order_id":"67842","cdeck_id":"10105128997","crm":"31420031","order_status":"yookassa_widget"}
2025-12-01 16:30:38 request.php - https://vivaherb.amocrm.ru/api/v4/leads/31420031 PATCH 400  {"errors":{"31420031":"Lead not found"},"title":"Bad Request","type":"https://httpstatus.es/400","status":400,"detail":"Invalid request body"}
2025-12-01 16:30:38 store_script.php - 67842 crm - 31420031 END []
2025-12-01 16:30:48 store_script.php - 70672 crm - 31684629 cdekid - 10137210974 {"order_id":"70672","cdeck_id":"10137210974","crm":"31684629","order_status":"yookassa_widget"}
2025-12-01 16:30:48 store_script.php - 70672 crm - 31684629 cdekid - 10137210974 trackNum_amoId - 417631 {"order_id":"70672","cdeck_id":"10137210974","crm":"31684629","order_status":"yookassa_widget"}
2025-12-01 16:30:48 request.php - https://vivaherb.amocrm.ru/api/v4/leads/31684629 PATCH 400  {"errors":{"31684629":"Lead not found"},"title":"Bad Request","type":"https://httpstatus.es/400","status":400,"detail":"Invalid request body"}
2025-12-01 16:30:49 store_script.php - 70672 crm - 31684629 END []
2025-12-01 16:30:55 store_script.php - 73935 crm - 31945623 cdekid - 10170059138 {"order_id":"73935","cdeck_id":"10170059138","crm":"31945623","order_status":"intellectmoney"}
2025-12-01 16:30:55 store_script.php - 73935 crm - 31945623 cdekid - 10170059138 trackNum_amoId - 417631 {"order_id":"73935","cdeck_id":"10170059138","crm":"31945623","order_status":"intellectmoney"}
2025-12-01 16:30:55 request.php - https://vivaherb.amocrm.ru/api/v4/leads/31945623 PATCH 400  {"errors":{"31945623":"Lead not found"},"title":"Bad Request","type":"https://httpstatus.es/400","status":400,"detail":"Invalid request body"}
2025-12-01 16:30:55 store_script.php - 73935 crm - 31945623 END []
2025-12-01 16:31:03 store_script.php - 76902 crm - 32081909 cdekid - 10192726003 {"order_id":"76902","cdeck_id":"10192726003","crm":"32081909","order_status":"intellectmoney"}
2025-12-01 16:31:03 store_script.php - 76902 crm - 32081909 cdekid - 10192726003 trackNum_amoId - 417631 {"order_id":"76902","cdeck_id":"10192726003","crm":"32081909","order_status":"intellectmoney"}
2025-12-01 16:31:04 store_script.php - 76902 crm - 32081909 get_oreder {"meta":{"href":"https://api.moysklad.ru/api/remap/1.2/entity/customerorder/647843a9-ce21-11f0-0a80-1c54008c7315","metadataHref":"https://api.moysklad.ru/api/remap/1.2/entity/customerorder/metadata","type":"customerorder","mediaType":"application/json","uuidHref":"https://online.moysklad.ru/app/#customerorder/edit?id=647843a9-ce21-11f0-0a80-1c54008c7315"},"id":"647843a9-ce21-11f0-0a80-1c54008c7315","accountId":"dc992fd7-e243-
2025-12-01 16:31:04 store_script.php - 76902 crm - 32081909 END []
2025-12-01 16:31:04 store_script.php - 76904 crm - 32081941 cdekid - 10192729990 {"order_id":"76904","cdeck_id":"10192729990","crm":"32081941","order_status":"intellectmoney"}
2025-12-01 16:31:04 store_script.php - 76904 crm - 32081941 cdekid - 10192729990 trackNum_amoId - 417631 {"order_id":"76904","cdeck_id":"10192729990","crm":"32081941","order_status":"intellectmoney"}
2025-12-01 16:31:05 store_script.php - 76904 crm - 32081941 get_oreder {"meta":{"href":"https://api.moysklad.ru/api/remap/1.2/entity/customerorder/be0c78a2-ce24-11f0-0a80-1635008bede2","metadataHref":"https://api.moysklad.ru/api/remap/1.2/entity/customerorder/metadata","type":"customerorder","mediaType":"application/json","uuidHref":"https://online.moysklad.ru/app/#customerorder/edit?id=be0c78a2-ce24-11f0-0a80-1635008bede2"},"id":"be0c78a2-ce24-11f0-0a80-1635008bede2","accountId":"dc992fd7-e243-
2025-12-01 16:31:06 store_script.php - 76904 crm - 32081941 END []
2025-12-01 16:31:07 store_script.php - 76917 crm - 32083671 cdekid - 10193124375 {"order_id":"76917","cdeck_id":"10193124375","crm":"32083671","order_status":"intellectmoney"}
2025-12-01 16:31:07 store_script.php - 76917 crm - 32083671 cdekid - 10193124375 trackNum_amoId - 417631 {"order_id":"76917","cdeck_id":"10193124375","crm":"32083671","order_status":"intellectmoney"}
2025-12-01 16:31:08 store_script.php - 76917 crm - 32083671 get_oreder {"meta":{"href":"https://api.moysklad.ru/api/remap/1.2/entity/customerorder/6d1408f9-ceaf-11f0-0a80-09e900a5457d","metadataHref":"https://api.moysklad.ru/api/remap/1.2/entity/customerorder/metadata","type":"customerorder","mediaType":"application/json","uuidHref":"https://online.moysklad.ru/app/#customerorder/edit?id=6d1408f9-ceaf-11f0-0a80-09e900a5457d"},"id":"6d1408f9-ceaf-11f0-0a80-09e900a5457d","accountId":"dc992fd7-e243-
2025-12-01 16:31:08 store_script.php - 76917 crm - 32083671 END []
2025-12-01 16:31:09 store_script.php - 76919 crm - 32083899 cdekid - 10193182407 {"order_id":"76919","cdeck_id":"10193182407","crm":"32083899","order_status":"intellectmoney"}
2025-12-01 16:31:09 store_script.php - 76919 crm - 32083899 cdekid - 10193182407 trackNum_amoId - 417631 {"order_id":"76919","cdeck_id":"10193182407","crm":"32083899","order_status":"intellectmoney"}
2025-12-01 16:31:10 store_script.php - 76919 crm - 32083899 get_oreder {"meta":{"href":"https://api.moysklad.ru/api/remap/1.2/entity/customerorder/80b10cd8-ceb9-11f0-0a80-064d00a94c6b","metadataHref":"https://api.moysklad.ru/api/remap/1.2/entity/customerorder/metadata","type":"customerorder","mediaType":"application/json","uuidHref":"https://online.moysklad.ru/app/#customerorder/edit?id=80b10cd8-ceb9-11f0-0a80-064d00a94c6b"},"id":"80b10cd8-ceb9-11f0-0a80-064d00a94c6b","accountId":"dc992fd7-e243-
2025-12-01 16:31:11 store_script.php - 76919 crm - 32083899 END []
2025-12-01 17:30:12 store_script.php - 30509 crm - 27215649 cdekid - 1378035246 {"order_id":"30509","cdeck_id":"1378035246","crm":"27215649","order_status":"cod"}
2025-12-01 17:30:12 store_script.php - 30509 crm - 27215649 cdekid - 1378035246 trackNum_amoId - 417631 {"order_id":"30509","cdeck_id":"1378035246","crm":"27215649","order_status":"cod"}
2025-12-01 17:30:12 request.php - https://vivaherb.amocrm.ru/api/v4/leads/27215649 PATCH 400  {"errors":{"27215649":"Lead not found"},"title":"Bad Request","type":"https://httpstatus.es/400","status":400,"detail":"Invalid request body"}
2025-12-01 17:30:13 request.php - https://vivaherb.amocrm.ru/api/v4/leads/27215649 PATCH 400  {"errors":{"27215649":"Lead not found"},"title":"Bad Request","type":"https://httpstatus.es/400","status":400,"detail":"Invalid request body"}
2025-12-01 17:30:13 store_script.php - 30509 crm - 27215649 END []
2025-12-01 17:30:13 store_script.php - 30980 crm - 27451493 cdekid - 1384831846 {"order_id":"30980","cdeck_id":"1384831846","crm":"27451493","order_status":"yookassa_widget"}
2025-12-01 17:30:13 store_script.php - 30980 crm - 27451493 cdekid - 1384831846 trackNum_amoId - 417631 {"order_id":"30980","cdeck_id":"1384831846","crm":"27451493","order_status":"yookassa_widget"}
2025-12-01 17:30:14 request.php - https://vivaherb.amocrm.ru/api/v4/leads/27451493 PATCH 400  {"errors":{"27451493":"Lead not found"},"title":"Bad Request","type":"https://httpstatus.es/400","status":400,"detail":"Invalid request body"}
2025-12-01 17:30:15 store_script.php - 30980 crm - 27451493 END []
2025-12-01 17:30:15 store_script.php - 31159 crm - 27523369 cdekid - 1388417736 {"order_id":"31159","cdeck_id":"1388417736","crm":"27523369","order_status":"yookassa_widget"}
2025-12-01 17:30:15 store_script.php - 31159 crm - 27523369 cdekid - 1388417736 trackNum_amoId - 417631 {"order_id":"31159","cdeck_id":"1388417736","crm":"27523369","order_status":"yookassa_widget"}
2025-12-01 17:30:15 request.php - https://vivaherb.amocrm.ru/api/v4/leads/27523369 PATCH 400  {"errors":{"27523369":"Lead not found"},"title":"Bad Request","type":"https://httpstatus.es/400","status":400,"detail":"Invalid request body"}
2025-12-01 17:30:16 store_script.php - 31159 crm - 27523369 END []
2025-12-01 17:30:16 store_script.php - 31689 crm - 27678093 cdekid - 1394658580 {"order_id":"31689","cdeck_id":"1394658580","crm":"27678093","order_status":"cod"}
2025-12-01 17:30:16 store_script.php - 31689 crm - 27678093 cdekid - 1394658580 trackNum_amoId - 417631 {"order_id":"31689","cdeck_id":"1394658580","crm":"27678093","order_status":"cod"}
2025-12-01 17:30:17 request.php - https://vivaherb.amocrm.ru/api/v4/leads/27678093 PATCH 400  {"errors":{"27678093":"Lead not found"},"title":"Bad Request","type":"https://httpstatus.es/400","status":400,"detail":"Invalid request body"}
2025-12-01 17:30:17 request.php - https://vivaherb.amocrm.ru/api/v4/leads/27678093 PATCH 400  {"errors":{"27678093":"Lead not found"},"title":"Bad Request","type":"https://httpstatus.es/400","status":400,"detail":"Invalid request body"}
2025-12-01 17:30:18 store_script.php - 31689 crm - 27678093 END []
2025-12-01 17:30:18 store_script.php - 32666 crm - 28043619 cdekid - 1407999796 {"order_id":"32666","cdeck_id":"1407999796","crm":"28043619","order_status":"yookassa_widget"}
2025-12-01 17:30:18 store_script.php - 32666 crm - 28043619 cdekid - 1407999796 trackNum_amoId - 417631 {"order_id":"32666","cdeck_id":"1407999796","crm":"28043619","order_status":"yookassa_widget"}
2025-12-01 17:30:19 request.php - https://vivaherb.amocrm.ru/api/v4/leads/28043619 PATCH 400  {"errors":{"28043619":"Lead not found"},"title":"Bad Request","type":"https://httpstatus.es/400","status":400,"detail":"Invalid request body"}
2025-12-01 17:30:19 store_script.php - 32666 crm - 28043619 END []
2025-12-01 17:30:20 store_script.php - 35382 crm - 28949539 cdekid - 1440454117 {"order_id":"35382","cdeck_id":"1440454117","crm":"28949539","order_status":"yookassa_widget"}
2025-12-01 17:30:20 store_script.php - 35382 crm - 28949539 cdekid - 1440454117 trackNum_amoId - 417631 {"order_id":"35382","cdeck_id":"1440454117","crm":"28949539","order_status":"yookassa_widget"}
2025-12-01 17:30:20 request.php - https://vivaherb.amocrm.ru/api/v4/leads/28949539 PATCH 400  {"errors":{"28949539":"Lead not found"},"title":"Bad Request","type":"https://httpstatus.es/400","status":400,"detail":"Invalid request body"}
2025-12-01 17:30:20 store_script.php - 35382 crm - 28949539 END []
2025-12-01 17:30:21 store_script.php - 36740 crm - 29177633 cdekid - 1450621353 {"order_id":"36740","cdeck_id":"1450621353","crm":"29177633","order_status":"yookassa_widget"}
2025-12-01 17:30:21 store_script.php - 36740 crm - 29177633 cdekid - 1450621353 trackNum_amoId - 417631 {"order_id":"36740","cdeck_id":"1450621353","crm":"29177633","order_status":"yookassa_widget"}
2025-12-01 17:30:21 request.php - https://vivaherb.amocrm.ru/api/v4/leads/29177633 PATCH 400  {"errors":{"29177633":"Lead not found"},"title":"Bad Request","type":"https://httpstatus.es/400","status":400,"detail":"Invalid request body"}
2025-12-01 17:30:21 store_script.php - 36740 crm - 29177633 END []
2025-12-01 17:30:22 store_script.php - 43426 crm - 29759963 cdekid - 1492618495 {"order_id":"43426","cdeck_id":"1492618495","crm":"29759963","order_status":"cod"}
2025-12-01 17:30:22 store_script.php - 43426 crm - 29759963 cdekid - 1492618495 trackNum_amoId - 417631 {"order_id":"43426","cdeck_id":"1492618495","crm":"29759963","order_status":"cod"}
2025-12-01 17:30:22 request.php - https://vivaherb.amocrm.ru/api/v4/leads/29759963 PATCH 400  {"errors":{"29759963":"Lead not found"},"title":"Bad Request","type":"https://httpstatus.es/400","status":400,"detail":"Invalid request body"}
2025-12-01 17:30:23 request.php - https://vivaherb.amocrm.ru/api/v4/leads/29759963 PATCH 400  {"errors":{"29759963":"Lead not found"},"title":"Bad Request","type":"https://httpstatus.es/400","status":400,"detail":"Invalid request body"}
2025-12-01 17:30:23 store_script.php - 43426 crm - 29759963 END []
2025-12-01 17:30:23 store_script.php - 55743 crm - 30571295 cdekid - 10011353606 {"order_id":"55743","cdeck_id":"10011353606","crm":"30571295","order_status":"cod"}
2025-12-01 17:30:23 store_script.php - 55743 crm - 30571295 cdekid - 10011353606 trackNum_amoId - 417631 {"order_id":"55743","cdeck_id":"10011353606","crm":"30571295","order_status":"cod"}
2025-12-01 17:30:23 request.php - https://vivaherb.amocrm.ru/api/v4/leads/30571295 PATCH 400  {"errors":{"30571295":"Lead not found"},"title":"Bad Request","type":"https://httpstatus.es/400","status":400,"detail":"Invalid request body"}
2025-12-01 17:30:24 request.php - https://vivaherb.amocrm.ru/api/v4/leads/30571295 PATCH 400  {"errors":{"30571295":"Lead not found"},"title":"Bad Request","type":"https://httpstatus.es/400","status":400,"detail":"Invalid request body"}
2025-12-01 17:30:24 store_script.php - 55743 crm - 30571295 END []
2025-12-01 17:30:24 store_script.php - 56020 crm - 30580597 cdekid - 10012192492 {"order_id":"56020","cdeck_id":"10012192492","crm":"30580597","order_status":"intellectmoney"}
2025-12-01 17:30:24 store_script.php - 56020 crm - 30580597 cdekid - 10012192492 trackNum_amoId - 417631 {"order_id":"56020","cdeck_id":"10012192492","crm":"30580597","order_status":"intellectmoney"}
2025-12-01 17:30:24 request.php - https://vivaherb.amocrm.ru/api/v4/leads/30580597 PATCH 400  {"errors":{"30580597":"Lead not found"},"title":"Bad Request","type":"https://httpstatus.es/400","status":400,"detail":"Invalid request body"}
2025-12-01 17:30:25 store_script.php - 56020 crm - 30580597 END []
2025-12-01 17:30:25 store_script.php - 58805 crm - 30699429 cdekid - 10024732090 {"order_id":"58805","cdeck_id":"10024732090","crm":"30699429","order_status":"yookassa_widget"}
2025-12-01 17:30:25 store_script.php - 58805 crm - 30699429 cdekid - 10024732090 trackNum_amoId - 417631 {"order_id":"58805","cdeck_id":"10024732090","crm":"30699429","order_status":"yookassa_widget"}
2025-12-01 17:30:25 request.php - https://vivaherb.amocrm.ru/api/v4/leads/30699429 PATCH 400  {"errors":{"30699429":"Lead not found"},"title":"Bad Request","type":"https://httpstatus.es/400","status":400,"detail":"Invalid request body"}
2025-12-01 17:30:26 store_script.php - 58805 crm - 30699429 END []
2025-12-01 17:30:26 store_script.php - 58825 crm - 30700377 cdekid - 10024878326 {"order_id":"58825","cdeck_id":"10024878326","crm":"30700377","order_status":"yookassa_widget"}
2025-12-01 17:30:26 store_script.php - 58825 crm - 30700377 cdekid - 10024878326 trackNum_amoId - 417631 {"order_id":"58825","cdeck_id":"10024878326","crm":"30700377","order_status":"yookassa_widget"}
2025-12-01 17:30:26 request.php - https://vivaherb.amocrm.ru/api/v4/leads/30700377 PATCH 400  {"errors":{"30700377":"Lead not found"},"title":"Bad Request","type":"https://httpstatus.es/400","status":400,"detail":"Invalid request body"}
2025-12-01 17:30:27 store_script.php - 58825 crm - 30700377 END []
2025-12-01 17:30:27 store_script.php - 58891 crm - 30702185 cdekid - 10025084375 {"order_id":"58891","cdeck_id":"10025084375","crm":"30702185","order_status":"yookassa_widget"}
2025-12-01 17:30:27 store_script.php - 58891 crm - 30702185 cdekid - 10025084375 trackNum_amoId - 417631 {"order_id":"58891","cdeck_id":"10025084375","crm":"30702185","order_status":"yookassa_widget"}
2025-12-01 17:30:27 request.php - https://vivaherb.amocrm.ru/api/v4/leads/30702185 PATCH 400  {"errors":{"30702185":"Lead not found"},"title":"Bad Request","type":"https://httpstatus.es/400","status":400,"detail":"Invalid request body"}
2025-12-01 17:30:28 store_script.php - 58891 crm - 30702185 END []
2025-12-01 17:30:28 store_script.php - 59176 crm - 30706013 cdekid - 10025584176 {"order_id":"59176","cdeck_id":"10025584176","crm":"30706013","order_status":"yookassa_widget"}
2025-12-01 17:30:28 store_script.php - 59176 crm - 30706013 cdekid - 10025584176 trackNum_amoId - 417631 {"order_id":"59176","cdeck_id":"10025584176","crm":"30706013","order_status":"yookassa_widget"}
2025-12-01 17:30:28 request.php - https://vivaherb.amocrm.ru/api/v4/leads/30706013 PATCH 400  {"errors":{"30706013":"Lead not found"},"title":"Bad Request","type":"https://httpstatus.es/400","status":400,"detail":"Invalid request body"}
2025-12-01 17:30:29 store_script.php - 59176 crm - 30706013 END []
2025-12-01 17:30:29 store_script.php - 59181 crm - 30706069 cdekid - 10025587928 {"order_id":"59181","cdeck_id":"10025587928","crm":"30706069","order_status":"yookassa_widget"}
2025-12-01 17:30:29 store_script.php - 59181 crm - 30706069 cdekid - 10025587928 trackNum_amoId - 417631 {"order_id":"59181","cdeck_id":"10025587928","crm":"30706069","order_status":"yookassa_widget"}
2025-12-01 17:30:29 request.php - https://vivaherb.amocrm.ru/api/v4/leads/30706069 PATCH 400  {"errors":{"30706069":"Lead not found"},"title":"Bad Request","type":"https://httpstatus.es/400","status":400,"detail":"Invalid request body"}
2025-12-01 17:30:29 store_script.php - 59181 crm - 30706069 END []
2025-12-01 17:30:30 store_script.php - 59187 crm - 30706147 cdekid - 10025595773 {"order_id":"59187","cdeck_id":"10025595773","crm":"30706147","order_status":"yookassa_widget"}
2025-12-01 17:30:30 store_script.php - 59187 crm - 30706147 cdekid - 10025595773 trackNum_amoId - 417631 {"order_id":"59187","cdeck_id":"10025595773","crm":"30706147","order_status":"yookassa_widget"}
2025-12-01 17:30:30 request.php - https://vivaherb.amocrm.ru/api/v4/leads/30706147 PATCH 400  {"errors":{"30706147":"Lead not found"},"title":"Bad Request","type":"https://httpstatus.es/400","status":400,"detail":"Invalid request body"}
2025-12-01 17:30:30 store_script.php - 59187 crm - 30706147 END []
2025-12-01 17:30:31 store_script.php - 59188 crm - 30706175 cdekid - 10025597779 {"order_id":"59188","cdeck_id":"10025597779","crm":"30706175","order_status":"yookassa_widget"}
2025-12-01 17:30:31 store_script.php - 59188 crm - 30706175 cdekid - 10025597779 trackNum_amoId - 417631 {"order_id":"59188","cdeck_id":"10025597779","crm":"30706175","order_status":"yookassa_widget"}
2025-12-01 17:30:31 request.php - https://vivaherb.amocrm.ru/api/v4/leads/30706175 PATCH 400  {"errors":{"30706175":"Lead not found"},"title":"Bad Request","type":"https://httpstatus.es/400","status":400,"detail":"Invalid request body"}
2025-12-01 17:30:31 store_script.php - 59188 crm - 30706175 END []
2025-12-01 17:30:32 store_script.php - 61931 crm - 30957731 cdekid - 10044840842 {"order_id":"61931","cdeck_id":"10044840842","crm":"30957731","order_status":"yookassa_widget"}
2025-12-01 17:30:32 store_script.php - 61931 crm - 30957731 cdekid - 10044840842 trackNum_amoId - 417631 {"order_id":"61931","cdeck_id":"10044840842","crm":"30957731","order_status":"yookassa_widget"}
2025-12-01 17:30:32 request.php - https://vivaherb.amocrm.ru/api/v4/leads/30957731 PATCH 400  {"errors":{"30957731":"Lead not found"},"title":"Bad Request","type":"https://httpstatus.es/400","status":400,"detail":"Invalid request body"}
2025-12-01 17:30:32 store_script.php - 61931 crm - 30957731 END []
2025-12-01 17:30:33 store_script.php - 64064 crm - 31115305 cdekid - 10067371813 {"order_id":"64064","cdeck_id":"10067371813","crm":"31115305","order_status":"yookassa_widget"}
2025-12-01 17:30:33 store_script.php - 64064 crm - 31115305 cdekid - 10067371813 trackNum_amoId - 417631 {"order_id":"64064","cdeck_id":"10067371813","crm":"31115305","order_status":"yookassa_widget"}
2025-12-01 17:30:33 request.php - https://vivaherb.amocrm.ru/api/v4/leads/31115305 PATCH 400  {"errors":{"31115305":"Lead not found"},"title":"Bad Request","type":"https://httpstatus.es/400","status":400,"detail":"Invalid request body"}
2025-12-01 17:30:34 store_script.php - 64064 crm - 31115305 END []
2025-12-01 17:30:34 store_script.php - 64110 crm - 31117287 cdekid - 10067760566 {"order_id":"64110","cdeck_id":"10067760566","crm":"31117287","order_status":"yookassa_widget"}
2025-12-01 17:30:34 store_script.php - 64110 crm - 31117287 cdekid - 10067760566 trackNum_amoId - 417631 {"order_id":"64110","cdeck_id":"10067760566","crm":"31117287","order_status":"yookassa_widget"}
2025-12-01 17:30:34 request.php - https://vivaherb.amocrm.ru/api/v4/leads/31117287 PATCH 400  {"errors":{"31117287":"Lead not found"},"title":"Bad Request","type":"https://httpstatus.es/400","status":400,"detail":"Invalid request body"}
2025-12-01 17:30:35 store_script.php - 64110 crm - 31117287 END []
2025-12-01 17:30:35 store_script.php - 64904 crm - 31188065 cdekid - 10075009440 {"order_id":"64904","cdeck_id":"10075009440","crm":"31188065","order_status":"yookassa_widget"}
2025-12-01 17:30:35 store_script.php - 64904 crm - 31188065 cdekid - 10075009440 trackNum_amoId - 417631 {"order_id":"64904","cdeck_id":"10075009440","crm":"31188065","order_status":"yookassa_widget"}
2025-12-01 17:30:35 request.php - https://vivaherb.amocrm.ru/api/v4/leads/31188065 PATCH 400  {"errors":{"31188065":"Lead not found"},"title":"Bad Request","type":"https://httpstatus.es/400","status":400,"detail":"Invalid request body"}
2025-12-01 17:30:35 store_script.php - 64904 crm - 31188065 END []
2025-12-01 17:30:36 store_script.php - 66655 crm - 31331987 cdekid - 10093681196 {"order_id":"66655","cdeck_id":"10093681196","crm":"31331987","order_status":"yookassa_widget"}
2025-12-01 17:30:36 store_script.php - 66655 crm - 31331987 cdekid - 10093681196 trackNum_amoId - 417631 {"order_id":"66655","cdeck_id":"10093681196","crm":"31331987","order_status":"yookassa_widget"}
2025-12-01 17:30:36 request.php - https://vivaherb.amocrm.ru/api/v4/leads/31331987 PATCH 400  {"errors":{"31331987":"Lead not found"},"title":"Bad Request","type":"https://httpstatus.es/400","status":400,"detail":"Invalid request body"}
2025-12-01 17:30:36 store_script.php - 66655 crm - 31331987 END []
2025-12-01 17:30:37 store_script.php - 66657 crm - 31332069 cdekid - 10093687362 {"order_id":"66657","cdeck_id":"10093687362","crm":"31332069","order_status":"yookassa_widget"}
2025-12-01 17:30:37 store_script.php - 66657 crm - 31332069 cdekid - 10093687362 trackNum_amoId - 417631 {"order_id":"66657","cdeck_id":"10093687362","crm":"31332069","order_status":"yookassa_widget"}
2025-12-01 17:30:37 request.php - https://vivaherb.amocrm.ru/api/v4/leads/31332069 PATCH 400  {"errors":{"31332069":"Lead not found"},"title":"Bad Request","type":"https://httpstatus.es/400","status":400,"detail":"Invalid request body"}
2025-12-01 17:30:37 store_script.php - 66657 crm - 31332069 END []
2025-12-01 17:30:37 store_script.php - 66765 crm - 31341715 cdekid - 10095118494 {"order_id":"66765","cdeck_id":"10095118494","crm":"31341715","order_status":"cod"}
2025-12-01 17:30:37 store_script.php - 66765 crm - 31341715 cdekid - 10095118494 trackNum_amoId - 417631 {"order_id":"66765","cdeck_id":"10095118494","crm":"31341715","order_status":"cod"}
2025-12-01 17:30:38 request.php - https://vivaherb.amocrm.ru/api/v4/leads/31341715 PATCH 400  {"errors":{"31341715":"Lead not found"},"title":"Bad Request","type":"https://httpstatus.es/400","status":400,"detail":"Invalid request body"}
2025-12-01 17:30:38 request.php - https://vivaherb.amocrm.ru/api/v4/leads/31341715 PATCH 400  {"errors":{"31341715":"Lead not found"},"title":"Bad Request","type":"https://httpstatus.es/400","status":400,"detail":"Invalid request body"}
2025-12-01 17:30:38 store_script.php - 66765 crm - 31341715 END []
2025-12-01 17:30:38 store_script.php - 67842 crm - 31420031 cdekid - 10105128997 {"order_id":"67842","cdeck_id":"10105128997","crm":"31420031","order_status":"yookassa_widget"}
2025-12-01 17:30:38 store_script.php - 67842 crm - 31420031 cdekid - 10105128997 trackNum_amoId - 417631 {"order_id":"67842","cdeck_id":"10105128997","crm":"31420031","order_status":"yookassa_widget"}
2025-12-01 17:30:39 request.php - https://vivaherb.amocrm.ru/api/v4/leads/31420031 PATCH 400  {"errors":{"31420031":"Lead not found"},"title":"Bad Request","type":"https://httpstatus.es/400","status":400,"detail":"Invalid request body"}
2025-12-01 17:30:39 store_script.php - 67842 crm - 31420031 END []
2025-12-01 17:30:49 store_script.php - 70672 crm - 31684629 cdekid - 10137210974 {"order_id":"70672","cdeck_id":"10137210974","crm":"31684629","order_status":"yookassa_widget"}
2025-12-01 17:30:49 store_script.php - 70672 crm - 31684629 cdekid - 10137210974 trackNum_amoId - 417631 {"order_id":"70672","cdeck_id":"10137210974","crm":"31684629","order_status":"yookassa_widget"}
2025-12-01 17:30:49 request.php - https://vivaherb.amocrm.ru/api/v4/leads/31684629 PATCH 400  {"errors":{"31684629":"Lead not found"},"title":"Bad Request","type":"https://httpstatus.es/400","status":400,"detail":"Invalid request body"}
2025-12-01 17:30:49 store_script.php - 70672 crm - 31684629 END []
2025-12-01 17:30:55 store_script.php - 73935 crm - 31945623 cdekid - 10170059138 {"order_id":"73935","cdeck_id":"10170059138","crm":"31945623","order_status":"intellectmoney"}
2025-12-01 17:30:55 store_script.php - 73935 crm - 31945623 cdekid - 10170059138 trackNum_amoId - 417631 {"order_id":"73935","cdeck_id":"10170059138","crm":"31945623","order_status":"intellectmoney"}
2025-12-01 17:30:55 request.php - https://vivaherb.amocrm.ru/api/v4/leads/31945623 PATCH 400  {"errors":{"31945623":"Lead not found"},"title":"Bad Request","type":"https://httpstatus.es/400","status":400,"detail":"Invalid request body"}
2025-12-01 17:30:56 store_script.php - 73935 crm - 31945623 END []
2025-12-01 17:31:03 store_script.php - 76902 crm - 32081909 cdekid - 10192726003 {"order_id":"76902","cdeck_id":"10192726003","crm":"32081909","order_status":"intellectmoney"}
2025-12-01 17:31:03 store_script.php - 76902 crm - 32081909 cdekid - 10192726003 trackNum_amoId - 417631 {"order_id":"76902","cdeck_id":"10192726003","crm":"32081909","order_status":"intellectmoney"}
2025-12-01 17:31:04 store_script.php - 76902 crm - 32081909 get_oreder {"meta":{"href":"https://api.moysklad.ru/api/remap/1.2/entity/customerorder/647843a9-ce21-11f0-0a80-1c54008c7315","metadataHref":"https://api.moysklad.ru/api/remap/1.2/entity/customerorder/metadata","type":"customerorder","mediaType":"application/json","uuidHref":"https://online.moysklad.ru/app/#customerorder/edit?id=647843a9-ce21-11f0-0a80-1c54008c7315"},"id":"647843a9-ce21-11f0-0a80-1c54008c7315","accountId":"dc992fd7-e243-
2025-12-01 17:31:05 store_script.php - 76902 crm - 32081909 END []
2025-12-01 17:31:05 store_script.php - 76904 crm - 32081941 cdekid - 10192729990 {"order_id":"76904","cdeck_id":"10192729990","crm":"32081941","order_status":"intellectmoney"}
2025-12-01 17:31:05 store_script.php - 76904 crm - 32081941 cdekid - 10192729990 trackNum_amoId - 417631 {"order_id":"76904","cdeck_id":"10192729990","crm":"32081941","order_status":"intellectmoney"}
2025-12-01 17:31:06 store_script.php - 76904 crm - 32081941 get_oreder {"meta":{"href":"https://api.moysklad.ru/api/remap/1.2/entity/customerorder/be0c78a2-ce24-11f0-0a80-1635008bede2","metadataHref":"https://api.moysklad.ru/api/remap/1.2/entity/customerorder/metadata","type":"customerorder","mediaType":"application/json","uuidHref":"https://online.moysklad.ru/app/#customerorder/edit?id=be0c78a2-ce24-11f0-0a80-1635008bede2"},"id":"be0c78a2-ce24-11f0-0a80-1635008bede2","accountId":"dc992fd7-e243-
2025-12-01 17:31:06 store_script.php - 76904 crm - 32081941 END []
2025-12-01 17:31:07 store_script.php - 76917 crm - 32083671 cdekid - 10193124375 {"order_id":"76917","cdeck_id":"10193124375","crm":"32083671","order_status":"intellectmoney"}
2025-12-01 17:31:07 store_script.php - 76917 crm - 32083671 cdekid - 10193124375 trackNum_amoId - 417631 {"order_id":"76917","cdeck_id":"10193124375","crm":"32083671","order_status":"intellectmoney"}
2025-12-01 17:31:08 store_script.php - 76917 crm - 32083671 get_oreder {"meta":{"href":"https://api.moysklad.ru/api/remap/1.2/entity/customerorder/6d1408f9-ceaf-11f0-0a80-09e900a5457d","metadataHref":"https://api.moysklad.ru/api/remap/1.2/entity/customerorder/metadata","type":"customerorder","mediaType":"application/json","uuidHref":"https://online.moysklad.ru/app/#customerorder/edit?id=6d1408f9-ceaf-11f0-0a80-09e900a5457d"},"id":"6d1408f9-ceaf-11f0-0a80-09e900a5457d","accountId":"dc992fd7-e243-
2025-12-01 17:31:08 store_script.php - 76917 crm - 32083671 END []
2025-12-01 17:31:08 store_script.php - 76919 crm - 32083899 cdekid - 10193182407 {"order_id":"76919","cdeck_id":"10193182407","crm":"32083899","order_status":"intellectmoney"}
2025-12-01 17:31:08 store_script.php - 76919 crm - 32083899 cdekid - 10193182407 trackNum_amoId - 417631 {"order_id":"76919","cdeck_id":"10193182407","crm":"32083899","order_status":"intellectmoney"}
2025-12-01 17:31:09 store_script.php - 76919 crm - 32083899 get_oreder {"meta":{"href":"https://api.moysklad.ru/api/remap/1.2/entity/customerorder/80b10cd8-ceb9-11f0-0a80-064d00a94c6b","metadataHref":"https://api.moysklad.ru/api/remap/1.2/entity/customerorder/metadata","type":"customerorder","mediaType":"application/json","uuidHref":"https://online.moysklad.ru/app/#customerorder/edit?id=80b10cd8-ceb9-11f0-0a80-064d00a94c6b"},"id":"80b10cd8-ceb9-11f0-0a80-064d00a94c6b","accountId":"dc992fd7-e243-
2025-12-01 17:31:09 store_script.php - 76919 crm - 32083899 END []
2025-12-01 18:30:00 store_script.php - 30509 crm - 27215649 cdekid - 1378035246 {"order_id":"30509","cdeck_id":"1378035246","crm":"27215649","order_status":"cod"}
2025-12-01 18:30:00 store_script.php - 30509 crm - 27215649 cdekid - 1378035246 trackNum_amoId - 417631 {"order_id":"30509","cdeck_id":"1378035246","crm":"27215649","order_status":"cod"}
2025-12-01 18:30:01 request.php - https://vivaherb.amocrm.ru/api/v4/leads/27215649 PATCH 400  {"errors":{"27215649":"Lead not found"},"title":"Bad Request","type":"https://httpstatus.es/400","status":400,"detail":"Invalid request body"}
2025-12-01 18:30:01 request.php - https://vivaherb.amocrm.ru/api/v4/leads/27215649 PATCH 400  {"errors":{"27215649":"Lead not found"},"title":"Bad Request","type":"https://httpstatus.es/400","status":400,"detail":"Invalid request body"}
2025-12-01 18:30:02 store_script.php - 30509 crm - 27215649 END []
2025-12-01 18:30:02 store_script.php - 30980 crm - 27451493 cdekid - 1384831846 {"order_id":"30980","cdeck_id":"1384831846","crm":"27451493","order_status":"yookassa_widget"}
2025-12-01 18:30:02 store_script.php - 30980 crm - 27451493 cdekid - 1384831846 trackNum_amoId - 417631 {"order_id":"30980","cdeck_id":"1384831846","crm":"27451493","order_status":"yookassa_widget"}
2025-12-01 18:30:02 request.php - https://vivaherb.amocrm.ru/api/v4/leads/27451493 PATCH 400  {"errors":{"27451493":"Lead not found"},"title":"Bad Request","type":"https://httpstatus.es/400","status":400,"detail":"Invalid request body"}
2025-12-01 18:30:03 store_script.php - 30980 crm - 27451493 END []
2025-12-01 18:30:04 store_script.php - 31159 crm - 27523369 cdekid - 1388417736 {"order_id":"31159","cdeck_id":"1388417736","crm":"27523369","order_status":"yookassa_widget"}
2025-12-01 18:30:04 store_script.php - 31159 crm - 27523369 cdekid - 1388417736 trackNum_amoId - 417631 {"order_id":"31159","cdeck_id":"1388417736","crm":"27523369","order_status":"yookassa_widget"}
2025-12-01 18:30:04 request.php - https://vivaherb.amocrm.ru/api/v4/leads/27523369 PATCH 400  {"errors":{"27523369":"Lead not found"},"title":"Bad Request","type":"https://httpstatus.es/400","status":400,"detail":"Invalid request body"}
2025-12-01 18:30:04 store_script.php - 31159 crm - 27523369 END []
2025-12-01 18:30:05 store_script.php - 31689 crm - 27678093 cdekid - 1394658580 {"order_id":"31689","cdeck_id":"1394658580","crm":"27678093","order_status":"cod"}
2025-12-01 18:30:05 store_script.php - 31689 crm - 27678093 cdekid - 1394658580 trackNum_amoId - 417631 {"order_id":"31689","cdeck_id":"1394658580","crm":"27678093","order_status":"cod"}
2025-12-01 18:30:06 request.php - https://vivaherb.amocrm.ru/api/v4/leads/27678093 PATCH 400  {"errors":{"27678093":"Lead not found"},"title":"Bad Request","type":"https://httpstatus.es/400","status":400,"detail":"Invalid request body"}
2025-12-01 18:30:06 request.php - https://vivaherb.amocrm.ru/api/v4/leads/27678093 PATCH 400  {"errors":{"27678093":"Lead not found"},"title":"Bad Request","type":"https://httpstatus.es/400","status":400,"detail":"Invalid request body"}
2025-12-01 18:30:07 store_script.php - 31689 crm - 27678093 END []
2025-12-01 18:30:07 store_script.php - 32666 crm - 28043619 cdekid - 1407999796 {"order_id":"32666","cdeck_id":"1407999796","crm":"28043619","order_status":"yookassa_widget"}
2025-12-01 18:30:07 store_script.php - 32666 crm - 28043619 cdekid - 1407999796 trackNum_amoId - 417631 {"order_id":"32666","cdeck_id":"1407999796","crm":"28043619","order_status":"yookassa_widget"}
2025-12-01 18:30:08 request.php - https://vivaherb.amocrm.ru/api/v4/leads/28043619 PATCH 400  {"errors":{"28043619":"Lead not found"},"title":"Bad Request","type":"https://httpstatus.es/400","status":400,"detail":"Invalid request body"}
2025-12-01 18:30:08 store_script.php - 32666 crm - 28043619 END []
2025-12-01 18:30:09 store_script.php - 35382 crm - 28949539 cdekid - 1440454117 {"order_id":"35382","cdeck_id":"1440454117","crm":"28949539","order_status":"yookassa_widget"}
2025-12-01 18:30:09 store_script.php - 35382 crm - 28949539 cdekid - 1440454117 trackNum_amoId - 417631 {"order_id":"35382","cdeck_id":"1440454117","crm":"28949539","order_status":"yookassa_widget"}
2025-12-01 18:30:09 request.php - https://vivaherb.amocrm.ru/api/v4/leads/28949539 PATCH 400  {"errors":{"28949539":"Lead not found"},"title":"Bad Request","type":"https://httpstatus.es/400","status":400,"detail":"Invalid request body"}
2025-12-01 18:30:10 store_script.php - 35382 crm - 28949539 END []
2025-12-01 18:30:10 store_script.php - 36740 crm - 29177633 cdekid - 1450621353 {"order_id":"36740","cdeck_id":"1450621353","crm":"29177633","order_status":"yookassa_widget"}
2025-12-01 18:30:10 store_script.php - 36740 crm - 29177633 cdekid - 1450621353 trackNum_amoId - 417631 {"order_id":"36740","cdeck_id":"1450621353","crm":"29177633","order_status":"yookassa_widget"}
2025-12-01 18:30:11 request.php - https://vivaherb.amocrm.ru/api/v4/leads/29177633 PATCH 400  {"errors":{"29177633":"Lead not found"},"title":"Bad Request","type":"https://httpstatus.es/400","status":400,"detail":"Invalid request body"}
2025-12-01 18:30:11 store_script.php - 36740 crm - 29177633 END []
2025-12-01 18:30:12 store_script.php - 43426 crm - 29759963 cdekid - 1492618495 {"order_id":"43426","cdeck_id":"1492618495","crm":"29759963","order_status":"cod"}
2025-12-01 18:30:12 store_script.php - 43426 crm - 29759963 cdekid - 1492618495 trackNum_amoId - 417631 {"order_id":"43426","cdeck_id":"1492618495","crm":"29759963","order_status":"cod"}
2025-12-01 18:30:12 request.php - https://vivaherb.amocrm.ru/api/v4/leads/29759963 PATCH 400  {"errors":{"29759963":"Lead not found"},"title":"Bad Request","type":"https://httpstatus.es/400","status":400,"detail":"Invalid request body"}
2025-12-01 18:30:13 request.php - https://vivaherb.amocrm.ru/api/v4/leads/29759963 PATCH 400  {"errors":{"29759963":"Lead not found"},"title":"Bad Request","type":"https://httpstatus.es/400","status":400,"detail":"Invalid request body"}
2025-12-01 18:30:13 store_script.php - 43426 crm - 29759963 END []
2025-12-01 18:30:13 store_script.php - 55743 crm - 30571295 cdekid - 10011353606 {"order_id":"55743","cdeck_id":"10011353606","crm":"30571295","order_status":"cod"}
2025-12-01 18:30:13 store_script.php - 55743 crm - 30571295 cdekid - 10011353606 trackNum_amoId - 417631 {"order_id":"55743","cdeck_id":"10011353606","crm":"30571295","order_status":"cod"}
2025-12-01 18:30:14 request.php - https://vivaherb.amocrm.ru/api/v4/leads/30571295 PATCH 400  {"errors":{"30571295":"Lead not found"},"title":"Bad Request","type":"https://httpstatus.es/400","status":400,"detail":"Invalid request body"}
2025-12-01 18:30:14 request.php - https://vivaherb.amocrm.ru/api/v4/leads/30571295 PATCH 400  {"errors":{"30571295":"Lead not found"},"title":"Bad Request","type":"https://httpstatus.es/400","status":400,"detail":"Invalid request body"}
2025-12-01 18:30:15 store_script.php - 55743 crm - 30571295 END []
2025-12-01 18:30:15 store_script.php - 56020 crm - 30580597 cdekid - 10012192492 {"order_id":"56020","cdeck_id":"10012192492","crm":"30580597","order_status":"intellectmoney"}
2025-12-01 18:30:15 store_script.php - 56020 crm - 30580597 cdekid - 10012192492 trackNum_amoId - 417631 {"order_id":"56020","cdeck_id":"10012192492","crm":"30580597","order_status":"intellectmoney"}
2025-12-01 18:30:16 request.php - https://vivaherb.amocrm.ru/api/v4/leads/30580597 PATCH 400  {"errors":{"30580597":"Lead not found"},"title":"Bad Request","type":"https://httpstatus.es/400","status":400,"detail":"Invalid request body"}
2025-12-01 18:30:17 store_script.php - 56020 crm - 30580597 END []
2025-12-01 18:30:17 store_script.php - 58805 crm - 30699429 cdekid - 10024732090 {"order_id":"58805","cdeck_id":"10024732090","crm":"30699429","order_status":"yookassa_widget"}
2025-12-01 18:30:17 store_script.php - 58805 crm - 30699429 cdekid - 10024732090 trackNum_amoId - 417631 {"order_id":"58805","cdeck_id":"10024732090","crm":"30699429","order_status":"yookassa_widget"}
2025-12-01 18:30:18 request.php - https://vivaherb.amocrm.ru/api/v4/leads/30699429 PATCH 400  {"errors":{"30699429":"Lead not found"},"title":"Bad Request","type":"https://httpstatus.es/400","status":400,"detail":"Invalid request body"}
2025-12-01 18:30:18 store_script.php - 58805 crm - 30699429 END []
2025-12-01 18:30:18 store_script.php - 58825 crm - 30700377 cdekid - 10024878326 {"order_id":"58825","cdeck_id":"10024878326","crm":"30700377","order_status":"yookassa_widget"}
2025-12-01 18:30:18 store_script.php - 58825 crm - 30700377 cdekid - 10024878326 trackNum_amoId - 417631 {"order_id":"58825","cdeck_id":"10024878326","crm":"30700377","order_status":"yookassa_widget"}
2025-12-01 18:30:18 request.php - https://vivaherb.amocrm.ru/api/v4/leads/30700377 PATCH 400  {"errors":{"30700377":"Lead not found"},"title":"Bad Request","type":"https://httpstatus.es/400","status":400,"detail":"Invalid request body"}
2025-12-01 18:30:19 store_script.php - 58825 crm - 30700377 END []
2025-12-01 18:30:19 store_script.php - 58891 crm - 30702185 cdekid - 10025084375 {"order_id":"58891","cdeck_id":"10025084375","crm":"30702185","order_status":"yookassa_widget"}
2025-12-01 18:30:19 store_script.php - 58891 crm - 30702185 cdekid - 10025084375 trackNum_amoId - 417631 {"order_id":"58891","cdeck_id":"10025084375","crm":"30702185","order_status":"yookassa_widget"}
2025-12-01 18:30:20 request.php - https://vivaherb.amocrm.ru/api/v4/leads/30702185 PATCH 400  {"errors":{"30702185":"Lead not found"},"title":"Bad Request","type":"https://httpstatus.es/400","status":400,"detail":"Invalid request body"}
2025-12-01 18:30:20 store_script.php - 58891 crm - 30702185 END []
2025-12-01 18:30:20 store_script.php - 59176 crm - 30706013 cdekid - 10025584176 {"order_id":"59176","cdeck_id":"10025584176","crm":"30706013","order_status":"yookassa_widget"}
2025-12-01 18:30:20 store_script.php - 59176 crm - 30706013 cdekid - 10025584176 trackNum_amoId - 417631 {"order_id":"59176","cdeck_id":"10025584176","crm":"30706013","order_status":"yookassa_widget"}
2025-12-01 18:30:21 request.php - https://vivaherb.amocrm.ru/api/v4/leads/30706013 PATCH 400  {"errors":{"30706013":"Lead not found"},"title":"Bad Request","type":"https://httpstatus.es/400","status":400,"detail":"Invalid request body"}
2025-12-01 18:30:21 store_script.php - 59176 crm - 30706013 END []
2025-12-01 18:30:22 store_script.php - 59181 crm - 30706069 cdekid - 10025587928 {"order_id":"59181","cdeck_id":"10025587928","crm":"30706069","order_status":"yookassa_widget"}
2025-12-01 18:30:22 store_script.php - 59181 crm - 30706069 cdekid - 10025587928 trackNum_amoId - 417631 {"order_id":"59181","cdeck_id":"10025587928","crm":"30706069","order_status":"yookassa_widget"}
2025-12-01 18:30:22 request.php - https://vivaherb.amocrm.ru/api/v4/leads/30706069 PATCH 400  {"errors":{"30706069":"Lead not found"},"title":"Bad Request","type":"https://httpstatus.es/400","status":400,"detail":"Invalid request body"}
2025-12-01 18:30:22 store_script.php - 59181 crm - 30706069 END []
2025-12-01 18:30:23 store_script.php - 59187 crm - 30706147 cdekid - 10025595773 {"order_id":"59187","cdeck_id":"10025595773","crm":"30706147","order_status":"yookassa_widget"}
2025-12-01 18:30:23 store_script.php - 59187 crm - 30706147 cdekid - 10025595773 trackNum_amoId - 417631 {"order_id":"59187","cdeck_id":"10025595773","crm":"30706147","order_status":"yookassa_widget"}
2025-12-01 18:30:23 request.php - https://vivaherb.amocrm.ru/api/v4/leads/30706147 PATCH 400  {"errors":{"30706147":"Lead not found"},"title":"Bad Request","type":"https://httpstatus.es/400","status":400,"detail":"Invalid request body"}
2025-12-01 18:30:23 store_script.php - 59187 crm - 30706147 END []
2025-12-01 18:30:24 store_script.php - 59188 crm - 30706175 cdekid - 10025597779 {"order_id":"59188","cdeck_id":"10025597779","crm":"30706175","order_status":"yookassa_widget"}
2025-12-01 18:30:24 store_script.php - 59188 crm - 30706175 cdekid - 10025597779 trackNum_amoId - 417631 {"order_id":"59188","cdeck_id":"10025597779","crm":"30706175","order_status":"yookassa_widget"}
2025-12-01 18:30:24 request.php - https://vivaherb.amocrm.ru/api/v4/leads/30706175 PATCH 400  {"errors":{"30706175":"Lead not found"},"title":"Bad Request","type":"https://httpstatus.es/400","status":400,"detail":"Invalid request body"}
2025-12-01 18:30:24 store_script.php - 59188 crm - 30706175 END []
2025-12-01 18:30:25 store_script.php - 61931 crm - 30957731 cdekid - 10044840842 {"order_id":"61931","cdeck_id":"10044840842","crm":"30957731","order_status":"yookassa_widget"}
2025-12-01 18:30:25 store_script.php - 61931 crm - 30957731 cdekid - 10044840842 trackNum_amoId - 417631 {"order_id":"61931","cdeck_id":"10044840842","crm":"30957731","order_status":"yookassa_widget"}
2025-12-01 18:30:25 request.php - https://vivaherb.amocrm.ru/api/v4/leads/30957731 PATCH 400  {"errors":{"30957731":"Lead not found"},"title":"Bad Request","type":"https://httpstatus.es/400","status":400,"detail":"Invalid request body"}
2025-12-01 18:30:25 store_script.php - 61931 crm - 30957731 END []
2025-12-01 18:30:26 store_script.php - 64064 crm - 31115305 cdekid - 10067371813 {"order_id":"64064","cdeck_id":"10067371813","crm":"31115305","order_status":"yookassa_widget"}
2025-12-01 18:30:26 store_script.php - 64064 crm - 31115305 cdekid - 10067371813 trackNum_amoId - 417631 {"order_id":"64064","cdeck_id":"10067371813","crm":"31115305","order_status":"yookassa_widget"}
2025-12-01 18:30:27 request.php - https://vivaherb.amocrm.ru/api/v4/leads/31115305 PATCH 400  {"errors":{"31115305":"Lead not found"},"title":"Bad Request","type":"https://httpstatus.es/400","status":400,"detail":"Invalid request body"}
2025-12-01 18:30:27 store_script.php - 64064 crm - 31115305 END []
2025-12-01 18:30:27 store_script.php - 64110 crm - 31117287 cdekid - 10067760566 {"order_id":"64110","cdeck_id":"10067760566","crm":"31117287","order_status":"yookassa_widget"}
2025-12-01 18:30:27 store_script.php - 64110 crm - 31117287 cdekid - 10067760566 trackNum_amoId - 417631 {"order_id":"64110","cdeck_id":"10067760566","crm":"31117287","order_status":"yookassa_widget"}
2025-12-01 18:30:27 request.php - https://vivaherb.amocrm.ru/api/v4/leads/31117287 PATCH 400  {"errors":{"31117287":"Lead not found"},"title":"Bad Request","type":"https://httpstatus.es/400","status":400,"detail":"Invalid request body"}
2025-12-01 18:30:27 store_script.php - 64110 crm - 31117287 END []
2025-12-01 18:30:28 store_script.php - 64904 crm - 31188065 cdekid - 10075009440 {"order_id":"64904","cdeck_id":"10075009440","crm":"31188065","order_status":"yookassa_widget"}
2025-12-01 18:30:28 store_script.php - 64904 crm - 31188065 cdekid - 10075009440 trackNum_amoId - 417631 {"order_id":"64904","cdeck_id":"10075009440","crm":"31188065","order_status":"yookassa_widget"}
2025-12-01 18:30:28 request.php - https://vivaherb.amocrm.ru/api/v4/leads/31188065 PATCH 400  {"errors":{"31188065":"Lead not found"},"title":"Bad Request","type":"https://httpstatus.es/400","status":400,"detail":"Invalid request body"}
2025-12-01 18:30:28 store_script.php - 64904 crm - 31188065 END []
2025-12-01 18:30:29 store_script.php - 66655 crm - 31331987 cdekid - 10093681196 {"order_id":"66655","cdeck_id":"10093681196","crm":"31331987","order_status":"yookassa_widget"}
2025-12-01 18:30:29 store_script.php - 66655 crm - 31331987 cdekid - 10093681196 trackNum_amoId - 417631 {"order_id":"66655","cdeck_id":"10093681196","crm":"31331987","order_status":"yookassa_widget"}
2025-12-01 18:30:29 request.php - https://vivaherb.amocrm.ru/api/v4/leads/31331987 PATCH 400  {"errors":{"31331987":"Lead not found"},"title":"Bad Request","type":"https://httpstatus.es/400","status":400,"detail":"Invalid request body"}
2025-12-01 18:30:29 store_script.php - 66655 crm - 31331987 END []
2025-12-01 18:30:29 store_script.php - 66657 crm - 31332069 cdekid - 10093687362 {"order_id":"66657","cdeck_id":"10093687362","crm":"31332069","order_status":"yookassa_widget"}
2025-12-01 18:30:29 store_script.php - 66657 crm - 31332069 cdekid - 10093687362 trackNum_amoId - 417631 {"order_id":"66657","cdeck_id":"10093687362","crm":"31332069","order_status":"yookassa_widget"}
2025-12-01 18:30:30 request.php - https://vivaherb.amocrm.ru/api/v4/leads/31332069 PATCH 400  {"errors":{"31332069":"Lead not found"},"title":"Bad Request","type":"https://httpstatus.es/400","status":400,"detail":"Invalid request body"}
2025-12-01 18:30:30 store_script.php - 66657 crm - 31332069 END []
2025-12-01 18:30:30 store_script.php - 66765 crm - 31341715 cdekid - 10095118494 {"order_id":"66765","cdeck_id":"10095118494","crm":"31341715","order_status":"cod"}
2025-12-01 18:30:30 store_script.php - 66765 crm - 31341715 cdekid - 10095118494 trackNum_amoId - 417631 {"order_id":"66765","cdeck_id":"10095118494","crm":"31341715","order_status":"cod"}
2025-12-01 18:30:30 request.php - https://vivaherb.amocrm.ru/api/v4/leads/31341715 PATCH 400  {"errors":{"31341715":"Lead not found"},"title":"Bad Request","type":"https://httpstatus.es/400","status":400,"detail":"Invalid request body"}
2025-12-01 18:30:31 request.php - https://vivaherb.amocrm.ru/api/v4/leads/31341715 PATCH 400  {"errors":{"31341715":"Lead not found"},"title":"Bad Request","type":"https://httpstatus.es/400","status":400,"detail":"Invalid request body"}
2025-12-01 18:30:31 store_script.php - 66765 crm - 31341715 END []
2025-12-01 18:30:31 store_script.php - 67842 crm - 31420031 cdekid - 10105128997 {"order_id":"67842","cdeck_id":"10105128997","crm":"31420031","order_status":"yookassa_widget"}
2025-12-01 18:30:31 store_script.php - 67842 crm - 31420031 cdekid - 10105128997 trackNum_amoId - 417631 {"order_id":"67842","cdeck_id":"10105128997","crm":"31420031","order_status":"yookassa_widget"}
2025-12-01 18:30:31 request.php - https://vivaherb.amocrm.ru/api/v4/leads/31420031 PATCH 400  {"errors":{"31420031":"Lead not found"},"title":"Bad Request","type":"https://httpstatus.es/400","status":400,"detail":"Invalid request body"}
2025-12-01 18:30:32 store_script.php - 67842 crm - 31420031 END []
2025-12-01 18:30:40 store_script.php - 70672 crm - 31684629 cdekid - 10137210974 {"order_id":"70672","cdeck_id":"10137210974","crm":"31684629","order_status":"yookassa_widget"}
2025-12-01 18:30:40 store_script.php - 70672 crm - 31684629 cdekid - 10137210974 trackNum_amoId - 417631 {"order_id":"70672","cdeck_id":"10137210974","crm":"31684629","order_status":"yookassa_widget"}
2025-12-01 18:30:41 request.php - https://vivaherb.amocrm.ru/api/v4/leads/31684629 PATCH 400  {"errors":{"31684629":"Lead not found"},"title":"Bad Request","type":"https://httpstatus.es/400","status":400,"detail":"Invalid request body"}
2025-12-01 18:30:41 store_script.php - 70672 crm - 31684629 END []
2025-12-01 18:30:47 store_script.php - 73935 crm - 31945623 cdekid - 10170059138 {"order_id":"73935","cdeck_id":"10170059138","crm":"31945623","order_status":"intellectmoney"}
2025-12-01 18:30:47 store_script.php - 73935 crm - 31945623 cdekid - 10170059138 trackNum_amoId - 417631 {"order_id":"73935","cdeck_id":"10170059138","crm":"31945623","order_status":"intellectmoney"}
2025-12-01 18:30:47 request.php - https://vivaherb.amocrm.ru/api/v4/leads/31945623 PATCH 400  {"errors":{"31945623":"Lead not found"},"title":"Bad Request","type":"https://httpstatus.es/400","status":400,"detail":"Invalid request body"}
2025-12-01 18:30:47 store_script.php - 73935 crm - 31945623 END []
2025-12-01 18:30:55 store_script.php - 76902 crm - 32081909 cdekid - 10192726003 {"order_id":"76902","cdeck_id":"10192726003","crm":"32081909","order_status":"intellectmoney"}
2025-12-01 18:30:55 store_script.php - 76902 crm - 32081909 cdekid - 10192726003 trackNum_amoId - 417631 {"order_id":"76902","cdeck_id":"10192726003","crm":"32081909","order_status":"intellectmoney"}
2025-12-01 18:30:56 store_script.php - 76902 crm - 32081909 get_oreder {"meta":{"href":"https://api.moysklad.ru/api/remap/1.2/entity/customerorder/647843a9-ce21-11f0-0a80-1c54008c7315","metadataHref":"https://api.moysklad.ru/api/remap/1.2/entity/customerorder/metadata","type":"customerorder","mediaType":"application/json","uuidHref":"https://online.moysklad.ru/app/#customerorder/edit?id=647843a9-ce21-11f0-0a80-1c54008c7315"},"id":"647843a9-ce21-11f0-0a80-1c54008c7315","accountId":"dc992fd7-e243-
2025-12-01 18:30:57 store_script.php - 76902 crm - 32081909 END []
2025-12-01 18:30:57 store_script.php - 76904 crm - 32081941 cdekid - 10192729990 {"order_id":"76904","cdeck_id":"10192729990","crm":"32081941","order_status":"intellectmoney"}
2025-12-01 18:30:57 store_script.php - 76904 crm - 32081941 cdekid - 10192729990 trackNum_amoId - 417631 {"order_id":"76904","cdeck_id":"10192729990","crm":"32081941","order_status":"intellectmoney"}
2025-12-01 18:30:57 store_script.php - 76904 crm - 32081941 get_oreder {"meta":{"href":"https://api.moysklad.ru/api/remap/1.2/entity/customerorder/be0c78a2-ce24-11f0-0a80-1635008bede2","metadataHref":"https://api.moysklad.ru/api/remap/1.2/entity/customerorder/metadata","type":"customerorder","mediaType":"application/json","uuidHref":"https://online.moysklad.ru/app/#customerorder/edit?id=be0c78a2-ce24-11f0-0a80-1635008bede2"},"id":"be0c78a2-ce24-11f0-0a80-1635008bede2","accountId":"dc992fd7-e243-
2025-12-01 18:30:58 store_script.php - 76904 crm - 32081941 END []
2025-12-01 18:30:59 store_script.php - 76917 crm - 32083671 cdekid - 10193124375 {"order_id":"76917","cdeck_id":"10193124375","crm":"32083671","order_status":"intellectmoney"}
2025-12-01 18:30:59 store_script.php - 76917 crm - 32083671 cdekid - 10193124375 trackNum_amoId - 417631 {"order_id":"76917","cdeck_id":"10193124375","crm":"32083671","order_status":"intellectmoney"}
2025-12-01 18:30:59 store_script.php - 76917 crm - 32083671 get_oreder {"meta":{"href":"https://api.moysklad.ru/api/remap/1.2/entity/customerorder/6d1408f9-ceaf-11f0-0a80-09e900a5457d","metadataHref":"https://api.moysklad.ru/api/remap/1.2/entity/customerorder/metadata","type":"customerorder","mediaType":"application/json","uuidHref":"https://online.moysklad.ru/app/#customerorder/edit?id=6d1408f9-ceaf-11f0-0a80-09e900a5457d"},"id":"6d1408f9-ceaf-11f0-0a80-09e900a5457d","accountId":"dc992fd7-e243-
2025-12-01 18:31:00 store_script.php - 76917 crm - 32083671 END []
2025-12-01 18:31:00 store_script.php - 76919 crm - 32083899 cdekid - 10193182407 {"order_id":"76919","cdeck_id":"10193182407","crm":"32083899","order_status":"intellectmoney"}
2025-12-01 18:31:00 store_script.php - 76919 crm - 32083899 cdekid - 10193182407 trackNum_amoId - 417631 {"order_id":"76919","cdeck_id":"10193182407","crm":"32083899","order_status":"intellectmoney"}
2025-12-01 18:31:01 store_script.php - 76919 crm - 32083899 get_oreder {"meta":{"href":"https://api.moysklad.ru/api/remap/1.2/entity/customerorder/80b10cd8-ceb9-11f0-0a80-064d00a94c6b","metadataHref":"https://api.moysklad.ru/api/remap/1.2/entity/customerorder/metadata","type":"customerorder","mediaType":"application/json","uuidHref":"https://online.moysklad.ru/app/#customerorder/edit?id=80b10cd8-ceb9-11f0-0a80-064d00a94c6b"},"id":"80b10cd8-ceb9-11f0-0a80-064d00a94c6b","accountId":"dc992fd7-e243-
2025-12-01 18:31:01 store_script.php - 76919 crm - 32083899 END []
2025-12-01 19:30:11 store_script.php - 30509 crm - 27215649 cdekid - 1378035246 {"order_id":"30509","cdeck_id":"1378035246","crm":"27215649","order_status":"cod"}
2025-12-01 19:30:11 store_script.php - 30509 crm - 27215649 cdekid - 1378035246 trackNum_amoId - 417631 {"order_id":"30509","cdeck_id":"1378035246","crm":"27215649","order_status":"cod"}
2025-12-01 19:30:11 request.php - https://vivaherb.amocrm.ru/api/v4/leads/27215649 PATCH 400  {"errors":{"27215649":"Lead not found"},"title":"Bad Request","type":"https://httpstatus.es/400","status":400,"detail":"Invalid request body"}
2025-12-01 19:30:12 request.php - https://vivaherb.amocrm.ru/api/v4/leads/27215649 PATCH 400  {"errors":{"27215649":"Lead not found"},"title":"Bad Request","type":"https://httpstatus.es/400","status":400,"detail":"Invalid request body"}
2025-12-01 19:30:12 store_script.php - 30509 crm - 27215649 END []
2025-12-01 19:30:15 store_script.php - 30980 crm - 27451493 cdekid - 1384831846 {"order_id":"30980","cdeck_id":"1384831846","crm":"27451493","order_status":"yookassa_widget"}
2025-12-01 19:30:15 store_script.php - 30980 crm - 27451493 cdekid - 1384831846 trackNum_amoId - 417631 {"order_id":"30980","cdeck_id":"1384831846","crm":"27451493","order_status":"yookassa_widget"}
2025-12-01 19:30:15 request.php - https://vivaherb.amocrm.ru/api/v4/leads/27451493 PATCH 400  {"errors":{"27451493":"Lead not found"},"title":"Bad Request","type":"https://httpstatus.es/400","status":400,"detail":"Invalid request body"}
2025-12-01 19:30:16 store_script.php - 30980 crm - 27451493 END []
2025-12-01 19:30:16 store_script.php - 31159 crm - 27523369 cdekid - 1388417736 {"order_id":"31159","cdeck_id":"1388417736","crm":"27523369","order_status":"yookassa_widget"}
2025-12-01 19:30:16 store_script.php - 31159 crm - 27523369 cdekid - 1388417736 trackNum_amoId - 417631 {"order_id":"31159","cdeck_id":"1388417736","crm":"27523369","order_status":"yookassa_widget"}
2025-12-01 19:30:16 request.php - https://vivaherb.amocrm.ru/api/v4/leads/27523369 PATCH 400  {"errors":{"27523369":"Lead not found"},"title":"Bad Request","type":"https://httpstatus.es/400","status":400,"detail":"Invalid request body"}
2025-12-01 19:30:16 store_script.php - 31159 crm - 27523369 END []
2025-12-01 19:30:17 store_script.php - 31689 crm - 27678093 cdekid - 1394658580 {"order_id":"31689","cdeck_id":"1394658580","crm":"27678093","order_status":"cod"}
2025-12-01 19:30:17 store_script.php - 31689 crm - 27678093 cdekid - 1394658580 trackNum_amoId - 417631 {"order_id":"31689","cdeck_id":"1394658580","crm":"27678093","order_status":"cod"}
2025-12-01 19:30:17 request.php - https://vivaherb.amocrm.ru/api/v4/leads/27678093 PATCH 400  {"errors":{"27678093":"Lead not found"},"title":"Bad Request","type":"https://httpstatus.es/400","status":400,"detail":"Invalid request body"}
2025-12-01 19:30:17 request.php - https://vivaherb.amocrm.ru/api/v4/leads/27678093 PATCH 400  {"errors":{"27678093":"Lead not found"},"title":"Bad Request","type":"https://httpstatus.es/400","status":400,"detail":"Invalid request body"}
2025-12-01 19:30:18 store_script.php - 31689 crm - 27678093 END []
2025-12-01 19:30:18 store_script.php - 32666 crm - 28043619 cdekid - 1407999796 {"order_id":"32666","cdeck_id":"1407999796","crm":"28043619","order_status":"yookassa_widget"}
2025-12-01 19:30:18 store_script.php - 32666 crm - 28043619 cdekid - 1407999796 trackNum_amoId - 417631 {"order_id":"32666","cdeck_id":"1407999796","crm":"28043619","order_status":"yookassa_widget"}
2025-12-01 19:30:18 request.php - https://vivaherb.amocrm.ru/api/v4/leads/28043619 PATCH 400  {"errors":{"28043619":"Lead not found"},"title":"Bad Request","type":"https://httpstatus.es/400","status":400,"detail":"Invalid request body"}
2025-12-01 19:30:18 store_script.php - 32666 crm - 28043619 END []
2025-12-01 19:30:19 store_script.php - 35382 crm - 28949539 cdekid - 1440454117 {"order_id":"35382","cdeck_id":"1440454117","crm":"28949539","order_status":"yookassa_widget"}
2025-12-01 19:30:19 store_script.php - 35382 crm - 28949539 cdekid - 1440454117 trackNum_amoId - 417631 {"order_id":"35382","cdeck_id":"1440454117","crm":"28949539","order_status":"yookassa_widget"}
2025-12-01 19:30:19 request.php - https://vivaherb.amocrm.ru/api/v4/leads/28949539 PATCH 400  {"errors":{"28949539":"Lead not found"},"title":"Bad Request","type":"https://httpstatus.es/400","status":400,"detail":"Invalid request body"}
2025-12-01 19:30:19 store_script.php - 35382 crm - 28949539 END []
2025-12-01 19:30:19 store_script.php - 36740 crm - 29177633 cdekid - 1450621353 {"order_id":"36740","cdeck_id":"1450621353","crm":"29177633","order_status":"yookassa_widget"}
2025-12-01 19:30:19 store_script.php - 36740 crm - 29177633 cdekid - 1450621353 trackNum_amoId - 417631 {"order_id":"36740","cdeck_id":"1450621353","crm":"29177633","order_status":"yookassa_widget"}
2025-12-01 19:30:20 request.php - https://vivaherb.amocrm.ru/api/v4/leads/29177633 PATCH 400  {"errors":{"29177633":"Lead not found"},"title":"Bad Request","type":"https://httpstatus.es/400","status":400,"detail":"Invalid request body"}
2025-12-01 19:30:20 store_script.php - 36740 crm - 29177633 END []
2025-12-01 19:30:20 store_script.php - 43426 crm - 29759963 cdekid - 1492618495 {"order_id":"43426","cdeck_id":"1492618495","crm":"29759963","order_status":"cod"}
2025-12-01 19:30:20 store_script.php - 43426 crm - 29759963 cdekid - 1492618495 trackNum_amoId - 417631 {"order_id":"43426","cdeck_id":"1492618495","crm":"29759963","order_status":"cod"}
2025-12-01 19:30:21 request.php - https://vivaherb.amocrm.ru/api/v4/leads/29759963 PATCH 400  {"errors":{"29759963":"Lead not found"},"title":"Bad Request","type":"https://httpstatus.es/400","status":400,"detail":"Invalid request body"}
2025-12-01 19:30:21 request.php - https://vivaherb.amocrm.ru/api/v4/leads/29759963 PATCH 400  {"errors":{"29759963":"Lead not found"},"title":"Bad Request","type":"https://httpstatus.es/400","status":400,"detail":"Invalid request body"}
2025-12-01 19:30:21 store_script.php - 43426 crm - 29759963 END []
2025-12-01 19:30:21 store_script.php - 55743 crm - 30571295 cdekid - 10011353606 {"order_id":"55743","cdeck_id":"10011353606","crm":"30571295","order_status":"cod"}
2025-12-01 19:30:21 store_script.php - 55743 crm - 30571295 cdekid - 10011353606 trackNum_amoId - 417631 {"order_id":"55743","cdeck_id":"10011353606","crm":"30571295","order_status":"cod"}
2025-12-01 19:30:22 request.php - https://vivaherb.amocrm.ru/api/v4/leads/30571295 PATCH 400  {"errors":{"30571295":"Lead not found"},"title":"Bad Request","type":"https://httpstatus.es/400","status":400,"detail":"Invalid request body"}
2025-12-01 19:30:22 request.php - https://vivaherb.amocrm.ru/api/v4/leads/30571295 PATCH 400  {"errors":{"30571295":"Lead not found"},"title":"Bad Request","type":"https://httpstatus.es/400","status":400,"detail":"Invalid request body"}
2025-12-01 19:30:22 store_script.php - 55743 crm - 30571295 END []
2025-12-01 19:30:22 store_script.php - 56020 crm - 30580597 cdekid - 10012192492 {"order_id":"56020","cdeck_id":"10012192492","crm":"30580597","order_status":"intellectmoney"}
2025-12-01 19:30:22 store_script.php - 56020 crm - 30580597 cdekid - 10012192492 trackNum_amoId - 417631 {"order_id":"56020","cdeck_id":"10012192492","crm":"30580597","order_status":"intellectmoney"}
2025-12-01 19:30:23 request.php - https://vivaherb.amocrm.ru/api/v4/leads/30580597 PATCH 400  {"errors":{"30580597":"Lead not found"},"title":"Bad Request","type":"https://httpstatus.es/400","status":400,"detail":"Invalid request body"}
2025-12-01 19:30:23 store_script.php - 56020 crm - 30580597 END []
2025-12-01 19:30:23 store_script.php - 58805 crm - 30699429 cdekid - 10024732090 {"order_id":"58805","cdeck_id":"10024732090","crm":"30699429","order_status":"yookassa_widget"}
2025-12-01 19:30:23 store_script.php - 58805 crm - 30699429 cdekid - 10024732090 trackNum_amoId - 417631 {"order_id":"58805","cdeck_id":"10024732090","crm":"30699429","order_status":"yookassa_widget"}
2025-12-01 19:30:23 request.php - https://vivaherb.amocrm.ru/api/v4/leads/30699429 PATCH 400  {"errors":{"30699429":"Lead not found"},"title":"Bad Request","type":"https://httpstatus.es/400","status":400,"detail":"Invalid request body"}
2025-12-01 19:30:23 store_script.php - 58805 crm - 30699429 END []
2025-12-01 19:30:24 store_script.php - 58825 crm - 30700377 cdekid - 10024878326 {"order_id":"58825","cdeck_id":"10024878326","crm":"30700377","order_status":"yookassa_widget"}
2025-12-01 19:30:24 store_script.php - 58825 crm - 30700377 cdekid - 10024878326 trackNum_amoId - 417631 {"order_id":"58825","cdeck_id":"10024878326","crm":"30700377","order_status":"yookassa_widget"}
2025-12-01 19:30:24 request.php - https://vivaherb.amocrm.ru/api/v4/leads/30700377 PATCH 400  {"errors":{"30700377":"Lead not found"},"title":"Bad Request","type":"https://httpstatus.es/400","status":400,"detail":"Invalid request body"}
2025-12-01 19:30:24 store_script.php - 58825 crm - 30700377 END []
2025-12-01 19:30:25 store_script.php - 58891 crm - 30702185 cdekid - 10025084375 {"order_id":"58891","cdeck_id":"10025084375","crm":"30702185","order_status":"yookassa_widget"}
2025-12-01 19:30:25 store_script.php - 58891 crm - 30702185 cdekid - 10025084375 trackNum_amoId - 417631 {"order_id":"58891","cdeck_id":"10025084375","crm":"30702185","order_status":"yookassa_widget"}
2025-12-01 19:30:25 request.php - https://vivaherb.amocrm.ru/api/v4/leads/30702185 PATCH 400  {"errors":{"30702185":"Lead not found"},"title":"Bad Request","type":"https://httpstatus.es/400","status":400,"detail":"Invalid request body"}
2025-12-01 19:30:25 store_script.php - 58891 crm - 30702185 END []
2025-12-01 19:30:25 store_script.php - 59176 crm - 30706013 cdekid - 10025584176 {"order_id":"59176","cdeck_id":"10025584176","crm":"30706013","order_status":"yookassa_widget"}
2025-12-01 19:30:25 store_script.php - 59176 crm - 30706013 cdekid - 10025584176 trackNum_amoId - 417631 {"order_id":"59176","cdeck_id":"10025584176","crm":"30706013","order_status":"yookassa_widget"}
2025-12-01 19:30:25 request.php - https://vivaherb.amocrm.ru/api/v4/leads/30706013 PATCH 400  {"errors":{"30706013":"Lead not found"},"title":"Bad Request","type":"https://httpstatus.es/400","status":400,"detail":"Invalid request body"}
2025-12-01 19:30:26 store_script.php - 59176 crm - 30706013 END []
2025-12-01 19:30:26 store_script.php - 59181 crm - 30706069 cdekid - 10025587928 {"order_id":"59181","cdeck_id":"10025587928","crm":"30706069","order_status":"yookassa_widget"}
2025-12-01 19:30:26 store_script.php - 59181 crm - 30706069 cdekid - 10025587928 trackNum_amoId - 417631 {"order_id":"59181","cdeck_id":"10025587928","crm":"30706069","order_status":"yookassa_widget"}
2025-12-01 19:30:26 request.php - https://vivaherb.amocrm.ru/api/v4/leads/30706069 PATCH 400  {"errors":{"30706069":"Lead not found"},"title":"Bad Request","type":"https://httpstatus.es/400","status":400,"detail":"Invalid request body"}
2025-12-01 19:30:26 store_script.php - 59181 crm - 30706069 END []
2025-12-01 19:30:26 store_script.php - 59187 crm - 30706147 cdekid - 10025595773 {"order_id":"59187","cdeck_id":"10025595773","crm":"30706147","order_status":"yookassa_widget"}
2025-12-01 19:30:26 store_script.php - 59187 crm - 30706147 cdekid - 10025595773 trackNum_amoId - 417631 {"order_id":"59187","cdeck_id":"10025595773","crm":"30706147","order_status":"yookassa_widget"}
2025-12-01 19:30:27 request.php - https://vivaherb.amocrm.ru/api/v4/leads/30706147 PATCH 400  {"errors":{"30706147":"Lead not found"},"title":"Bad Request","type":"https://httpstatus.es/400","status":400,"detail":"Invalid request body"}
2025-12-01 19:30:27 store_script.php - 59187 crm - 30706147 END []
2025-12-01 19:30:27 store_script.php - 59188 crm - 30706175 cdekid - 10025597779 {"order_id":"59188","cdeck_id":"10025597779","crm":"30706175","order_status":"yookassa_widget"}
2025-12-01 19:30:27 store_script.php - 59188 crm - 30706175 cdekid - 10025597779 trackNum_amoId - 417631 {"order_id":"59188","cdeck_id":"10025597779","crm":"30706175","order_status":"yookassa_widget"}
2025-12-01 19:30:27 request.php - https://vivaherb.amocrm.ru/api/v4/leads/30706175 PATCH 400  {"errors":{"30706175":"Lead not found"},"title":"Bad Request","type":"https://httpstatus.es/400","status":400,"detail":"Invalid request body"}
2025-12-01 19:30:27 store_script.php - 59188 crm - 30706175 END []
2025-12-01 19:30:28 store_script.php - 61931 crm - 30957731 cdekid - 10044840842 {"order_id":"61931","cdeck_id":"10044840842","crm":"30957731","order_status":"yookassa_widget"}
2025-12-01 19:30:28 store_script.php - 61931 crm - 30957731 cdekid - 10044840842 trackNum_amoId - 417631 {"order_id":"61931","cdeck_id":"10044840842","crm":"30957731","order_status":"yookassa_widget"}
2025-12-01 19:30:28 request.php - https://vivaherb.amocrm.ru/api/v4/leads/30957731 PATCH 400  {"errors":{"30957731":"Lead not found"},"title":"Bad Request","type":"https://httpstatus.es/400","status":400,"detail":"Invalid request body"}
2025-12-01 19:30:28 store_script.php - 61931 crm - 30957731 END []
2025-12-01 19:30:30 store_script.php - 64064 crm - 31115305 cdekid - 10067371813 {"order_id":"64064","cdeck_id":"10067371813","crm":"31115305","order_status":"yookassa_widget"}
2025-12-01 19:30:30 store_script.php - 64064 crm - 31115305 cdekid - 10067371813 trackNum_amoId - 417631 {"order_id":"64064","cdeck_id":"10067371813","crm":"31115305","order_status":"yookassa_widget"}
2025-12-01 19:30:30 request.php - https://vivaherb.amocrm.ru/api/v4/leads/31115305 PATCH 400  {"errors":{"31115305":"Lead not found"},"title":"Bad Request","type":"https://httpstatus.es/400","status":400,"detail":"Invalid request body"}
2025-12-01 19:30:30 store_script.php - 64064 crm - 31115305 END []
2025-12-01 19:30:30 store_script.php - 64110 crm - 31117287 cdekid - 10067760566 {"order_id":"64110","cdeck_id":"10067760566","crm":"31117287","order_status":"yookassa_widget"}
2025-12-01 19:30:30 store_script.php - 64110 crm - 31117287 cdekid - 10067760566 trackNum_amoId - 417631 {"order_id":"64110","cdeck_id":"10067760566","crm":"31117287","order_status":"yookassa_widget"}
2025-12-01 19:30:30 request.php - https://vivaherb.amocrm.ru/api/v4/leads/31117287 PATCH 400  {"errors":{"31117287":"Lead not found"},"title":"Bad Request","type":"https://httpstatus.es/400","status":400,"detail":"Invalid request body"}
2025-12-01 19:30:31 store_script.php - 64110 crm - 31117287 END []
2025-12-01 19:30:31 store_script.php - 64904 crm - 31188065 cdekid - 10075009440 {"order_id":"64904","cdeck_id":"10075009440","crm":"31188065","order_status":"yookassa_widget"}
2025-12-01 19:30:31 store_script.php - 64904 crm - 31188065 cdekid - 10075009440 trackNum_amoId - 417631 {"order_id":"64904","cdeck_id":"10075009440","crm":"31188065","order_status":"yookassa_widget"}
2025-12-01 19:30:31 request.php - https://vivaherb.amocrm.ru/api/v4/leads/31188065 PATCH 400  {"errors":{"31188065":"Lead not found"},"title":"Bad Request","type":"https://httpstatus.es/400","status":400,"detail":"Invalid request body"}
2025-12-01 19:30:31 store_script.php - 64904 crm - 31188065 END []
2025-12-01 19:30:32 store_script.php - 66655 crm - 31331987 cdekid - 10093681196 {"order_id":"66655","cdeck_id":"10093681196","crm":"31331987","order_status":"yookassa_widget"}
2025-12-01 19:30:32 store_script.php - 66655 crm - 31331987 cdekid - 10093681196 trackNum_amoId - 417631 {"order_id":"66655","cdeck_id":"10093681196","crm":"31331987","order_status":"yookassa_widget"}
2025-12-01 19:30:32 request.php - https://vivaherb.amocrm.ru/api/v4/leads/31331987 PATCH 400  {"errors":{"31331987":"Lead not found"},"title":"Bad Request","type":"https://httpstatus.es/400","status":400,"detail":"Invalid request body"}
2025-12-01 19:30:32 store_script.php - 66655 crm - 31331987 END []
2025-12-01 19:30:33 store_script.php - 66657 crm - 31332069 cdekid - 10093687362 {"order_id":"66657","cdeck_id":"10093687362","crm":"31332069","order_status":"yookassa_widget"}
2025-12-01 19:30:33 store_script.php - 66657 crm - 31332069 cdekid - 10093687362 trackNum_amoId - 417631 {"order_id":"66657","cdeck_id":"10093687362","crm":"31332069","order_status":"yookassa_widget"}
2025-12-01 19:30:33 request.php - https://vivaherb.amocrm.ru/api/v4/leads/31332069 PATCH 400  {"errors":{"31332069":"Lead not found"},"title":"Bad Request","type":"https://httpstatus.es/400","status":400,"detail":"Invalid request body"}
2025-12-01 19:30:33 store_script.php - 66657 crm - 31332069 END []
2025-12-01 19:30:33 store_script.php - 66765 crm - 31341715 cdekid - 10095118494 {"order_id":"66765","cdeck_id":"10095118494","crm":"31341715","order_status":"cod"}
2025-12-01 19:30:33 store_script.php - 66765 crm - 31341715 cdekid - 10095118494 trackNum_amoId - 417631 {"order_id":"66765","cdeck_id":"10095118494","crm":"31341715","order_status":"cod"}
2025-12-01 19:30:34 request.php - https://vivaherb.amocrm.ru/api/v4/leads/31341715 PATCH 400  {"errors":{"31341715":"Lead not found"},"title":"Bad Request","type":"https://httpstatus.es/400","status":400,"detail":"Invalid request body"}
2025-12-01 19:30:34 request.php - https://vivaherb.amocrm.ru/api/v4/leads/31341715 PATCH 400  {"errors":{"31341715":"Lead not found"},"title":"Bad Request","type":"https://httpstatus.es/400","status":400,"detail":"Invalid request body"}
2025-12-01 19:30:34 store_script.php - 66765 crm - 31341715 END []
2025-12-01 19:30:35 store_script.php - 67842 crm - 31420031 cdekid - 10105128997 {"order_id":"67842","cdeck_id":"10105128997","crm":"31420031","order_status":"yookassa_widget"}
2025-12-01 19:30:35 store_script.php - 67842 crm - 31420031 cdekid - 10105128997 trackNum_amoId - 417631 {"order_id":"67842","cdeck_id":"10105128997","crm":"31420031","order_status":"yookassa_widget"}
2025-12-01 19:30:35 request.php - https://vivaherb.amocrm.ru/api/v4/leads/31420031 PATCH 400  {"errors":{"31420031":"Lead not found"},"title":"Bad Request","type":"https://httpstatus.es/400","status":400,"detail":"Invalid request body"}
2025-12-01 19:30:35 store_script.php - 67842 crm - 31420031 END []
2025-12-01 19:30:45 store_script.php - 70672 crm - 31684629 cdekid - 10137210974 {"order_id":"70672","cdeck_id":"10137210974","crm":"31684629","order_status":"yookassa_widget"}
2025-12-01 19:30:45 store_script.php - 70672 crm - 31684629 cdekid - 10137210974 trackNum_amoId - 417631 {"order_id":"70672","cdeck_id":"10137210974","crm":"31684629","order_status":"yookassa_widget"}
2025-12-01 19:30:45 request.php - https://vivaherb.amocrm.ru/api/v4/leads/31684629 PATCH 400  {"errors":{"31684629":"Lead not found"},"title":"Bad Request","type":"https://httpstatus.es/400","status":400,"detail":"Invalid request body"}
2025-12-01 19:30:45 store_script.php - 70672 crm - 31684629 END []
2025-12-01 19:30:51 store_script.php - 73935 crm - 31945623 cdekid - 10170059138 {"order_id":"73935","cdeck_id":"10170059138","crm":"31945623","order_status":"intellectmoney"}
2025-12-01 19:30:51 store_script.php - 73935 crm - 31945623 cdekid - 10170059138 trackNum_amoId - 417631 {"order_id":"73935","cdeck_id":"10170059138","crm":"31945623","order_status":"intellectmoney"}
2025-12-01 19:30:51 request.php - https://vivaherb.amocrm.ru/api/v4/leads/31945623 PATCH 400  {"errors":{"31945623":"Lead not found"},"title":"Bad Request","type":"https://httpstatus.es/400","status":400,"detail":"Invalid request body"}
2025-12-01 19:30:51 store_script.php - 73935 crm - 31945623 END []
2025-12-01 19:30:58 store_script.php - 76902 crm - 32081909 cdekid - 10192726003 {"order_id":"76902","cdeck_id":"10192726003","crm":"32081909","order_status":"intellectmoney"}
2025-12-01 19:30:58 store_script.php - 76902 crm - 32081909 cdekid - 10192726003 trackNum_amoId - 417631 {"order_id":"76902","cdeck_id":"10192726003","crm":"32081909","order_status":"intellectmoney"}
2025-12-01 19:30:59 store_script.php - 76902 crm - 32081909 get_oreder {"meta":{"href":"https://api.moysklad.ru/api/remap/1.2/entity/customerorder/647843a9-ce21-11f0-0a80-1c54008c7315","metadataHref":"https://api.moysklad.ru/api/remap/1.2/entity/customerorder/metadata","type":"customerorder","mediaType":"application/json","uuidHref":"https://online.moysklad.ru/app/#customerorder/edit?id=647843a9-ce21-11f0-0a80-1c54008c7315"},"id":"647843a9-ce21-11f0-0a80-1c54008c7315","accountId":"dc992fd7-e243-
2025-12-01 19:30:59 store_script.php - 76902 crm - 32081909 END []
2025-12-01 19:31:00 store_script.php - 76904 crm - 32081941 cdekid - 10192729990 {"order_id":"76904","cdeck_id":"10192729990","crm":"32081941","order_status":"intellectmoney"}
2025-12-01 19:31:00 store_script.php - 76904 crm - 32081941 cdekid - 10192729990 trackNum_amoId - 417631 {"order_id":"76904","cdeck_id":"10192729990","crm":"32081941","order_status":"intellectmoney"}
2025-12-01 19:31:00 store_script.php - 76904 crm - 32081941 get_oreder {"meta":{"href":"https://api.moysklad.ru/api/remap/1.2/entity/customerorder/be0c78a2-ce24-11f0-0a80-1635008bede2","metadataHref":"https://api.moysklad.ru/api/remap/1.2/entity/customerorder/metadata","type":"customerorder","mediaType":"application/json","uuidHref":"https://online.moysklad.ru/app/#customerorder/edit?id=be0c78a2-ce24-11f0-0a80-1635008bede2"},"id":"be0c78a2-ce24-11f0-0a80-1635008bede2","accountId":"dc992fd7-e243-
2025-12-01 19:31:01 store_script.php - 76904 crm - 32081941 END []
2025-12-01 19:31:02 store_script.php - 76917 crm - 32083671 cdekid - 10193124375 {"order_id":"76917","cdeck_id":"10193124375","crm":"32083671","order_status":"intellectmoney"}
2025-12-01 19:31:02 store_script.php - 76917 crm - 32083671 cdekid - 10193124375 trackNum_amoId - 417631 {"order_id":"76917","cdeck_id":"10193124375","crm":"32083671","order_status":"intellectmoney"}
2025-12-01 19:31:03 store_script.php - 76917 crm - 32083671 get_oreder {"meta":{"href":"https://api.moysklad.ru/api/remap/1.2/entity/customerorder/6d1408f9-ceaf-11f0-0a80-09e900a5457d","metadataHref":"https://api.moysklad.ru/api/remap/1.2/entity/customerorder/metadata","type":"customerorder","mediaType":"application/json","uuidHref":"https://online.moysklad.ru/app/#customerorder/edit?id=6d1408f9-ceaf-11f0-0a80-09e900a5457d"},"id":"6d1408f9-ceaf-11f0-0a80-09e900a5457d","accountId":"dc992fd7-e243-
2025-12-01 19:31:03 store_script.php - 76917 crm - 32083671 END []
2025-12-01 19:31:03 store_script.php - 76919 crm - 32083899 cdekid - 10193182407 {"order_id":"76919","cdeck_id":"10193182407","crm":"32083899","order_status":"intellectmoney"}
2025-12-01 19:31:03 store_script.php - 76919 crm - 32083899 cdekid - 10193182407 trackNum_amoId - 417631 {"order_id":"76919","cdeck_id":"10193182407","crm":"32083899","order_status":"intellectmoney"}
2025-12-01 19:31:04 store_script.php - 76919 crm - 32083899 get_oreder {"meta":{"href":"https://api.moysklad.ru/api/remap/1.2/entity/customerorder/80b10cd8-ceb9-11f0-0a80-064d00a94c6b","metadataHref":"https://api.moysklad.ru/api/remap/1.2/entity/customerorder/metadata","type":"customerorder","mediaType":"application/json","uuidHref":"https://online.moysklad.ru/app/#customerorder/edit?id=80b10cd8-ceb9-11f0-0a80-064d00a94c6b"},"id":"80b10cd8-ceb9-11f0-0a80-064d00a94c6b","accountId":"dc992fd7-e243-
2025-12-01 19:31:05 store_script.php - 76919 crm - 32083899 END []
2025-12-01 20:30:03 store_script.php - 30509 crm - 27215649 cdekid - 1378035246 {"order_id":"30509","cdeck_id":"1378035246","crm":"27215649","order_status":"cod"}
2025-12-01 20:30:03 store_script.php - 30509 crm - 27215649 cdekid - 1378035246 trackNum_amoId - 417631 {"order_id":"30509","cdeck_id":"1378035246","crm":"27215649","order_status":"cod"}
2025-12-01 20:30:04 request.php - https://vivaherb.amocrm.ru/api/v4/leads/27215649 PATCH 400  {"errors":{"27215649":"Lead not found"},"title":"Bad Request","type":"https://httpstatus.es/400","status":400,"detail":"Invalid request body"}
2025-12-01 20:30:04 request.php - https://vivaherb.amocrm.ru/api/v4/leads/27215649 PATCH 400  {"errors":{"27215649":"Lead not found"},"title":"Bad Request","type":"https://httpstatus.es/400","status":400,"detail":"Invalid request body"}
2025-12-01 20:30:05 store_script.php - 30509 crm - 27215649 END []
2025-12-01 20:30:06 store_script.php - 30980 crm - 27451493 cdekid - 1384831846 {"order_id":"30980","cdeck_id":"1384831846","crm":"27451493","order_status":"yookassa_widget"}
2025-12-01 20:30:06 store_script.php - 30980 crm - 27451493 cdekid - 1384831846 trackNum_amoId - 417631 {"order_id":"30980","cdeck_id":"1384831846","crm":"27451493","order_status":"yookassa_widget"}
2025-12-01 20:30:06 request.php - https://vivaherb.amocrm.ru/api/v4/leads/27451493 PATCH 400  {"errors":{"27451493":"Lead not found"},"title":"Bad Request","type":"https://httpstatus.es/400","status":400,"detail":"Invalid request body"}
2025-12-01 20:30:07 store_script.php - 30980 crm - 27451493 END []
2025-12-01 20:30:07 store_script.php - 31159 crm - 27523369 cdekid - 1388417736 {"order_id":"31159","cdeck_id":"1388417736","crm":"27523369","order_status":"yookassa_widget"}
2025-12-01 20:30:07 store_script.php - 31159 crm - 27523369 cdekid - 1388417736 trackNum_amoId - 417631 {"order_id":"31159","cdeck_id":"1388417736","crm":"27523369","order_status":"yookassa_widget"}
2025-12-01 20:30:08 request.php - https://vivaherb.amocrm.ru/api/v4/leads/27523369 PATCH 400  {"errors":{"27523369":"Lead not found"},"title":"Bad Request","type":"https://httpstatus.es/400","status":400,"detail":"Invalid request body"}
2025-12-01 20:30:09 store_script.php - 31159 crm - 27523369 END []
2025-12-01 20:30:09 store_script.php - 31689 crm - 27678093 cdekid - 1394658580 {"order_id":"31689","cdeck_id":"1394658580","crm":"27678093","order_status":"cod"}
2025-12-01 20:30:09 store_script.php - 31689 crm - 27678093 cdekid - 1394658580 trackNum_amoId - 417631 {"order_id":"31689","cdeck_id":"1394658580","crm":"27678093","order_status":"cod"}
2025-12-01 20:30:09 request.php - https://vivaherb.amocrm.ru/api/v4/leads/27678093 PATCH 400  {"errors":{"27678093":"Lead not found"},"title":"Bad Request","type":"https://httpstatus.es/400","status":400,"detail":"Invalid request body"}
2025-12-01 20:30:10 request.php - https://vivaherb.amocrm.ru/api/v4/leads/27678093 PATCH 400  {"errors":{"27678093":"Lead not found"},"title":"Bad Request","type":"https://httpstatus.es/400","status":400,"detail":"Invalid request body"}
2025-12-01 20:30:11 store_script.php - 31689 crm - 27678093 END []
2025-12-01 20:30:11 store_script.php - 32666 crm - 28043619 cdekid - 1407999796 {"order_id":"32666","cdeck_id":"1407999796","crm":"28043619","order_status":"yookassa_widget"}
2025-12-01 20:30:11 store_script.php - 32666 crm - 28043619 cdekid - 1407999796 trackNum_amoId - 417631 {"order_id":"32666","cdeck_id":"1407999796","crm":"28043619","order_status":"yookassa_widget"}
2025-12-01 20:30:11 request.php - https://vivaherb.amocrm.ru/api/v4/leads/28043619 PATCH 400  {"errors":{"28043619":"Lead not found"},"title":"Bad Request","type":"https://httpstatus.es/400","status":400,"detail":"Invalid request body"}
2025-12-01 20:30:12 store_script.php - 32666 crm - 28043619 END []
2025-12-01 20:30:12 store_script.php - 35382 crm - 28949539 cdekid - 1440454117 {"order_id":"35382","cdeck_id":"1440454117","crm":"28949539","order_status":"yookassa_widget"}
2025-12-01 20:30:12 store_script.php - 35382 crm - 28949539 cdekid - 1440454117 trackNum_amoId - 417631 {"order_id":"35382","cdeck_id":"1440454117","crm":"28949539","order_status":"yookassa_widget"}
2025-12-01 20:30:13 request.php - https://vivaherb.amocrm.ru/api/v4/leads/28949539 PATCH 400  {"errors":{"28949539":"Lead not found"},"title":"Bad Request","type":"https://httpstatus.es/400","status":400,"detail":"Invalid request body"}
2025-12-01 20:30:13 store_script.php - 35382 crm - 28949539 END []
2025-12-01 20:30:13 store_script.php - 36740 crm - 29177633 cdekid - 1450621353 {"order_id":"36740","cdeck_id":"1450621353","crm":"29177633","order_status":"yookassa_widget"}
2025-12-01 20:30:13 store_script.php - 36740 crm - 29177633 cdekid - 1450621353 trackNum_amoId - 417631 {"order_id":"36740","cdeck_id":"1450621353","crm":"29177633","order_status":"yookassa_widget"}
2025-12-01 20:30:13 request.php - https://vivaherb.amocrm.ru/api/v4/leads/29177633 PATCH 400  {"errors":{"29177633":"Lead not found"},"title":"Bad Request","type":"https://httpstatus.es/400","status":400,"detail":"Invalid request body"}
2025-12-01 20:30:14 store_script.php - 36740 crm - 29177633 END []
2025-12-01 20:30:14 store_script.php - 43426 crm - 29759963 cdekid - 1492618495 {"order_id":"43426","cdeck_id":"1492618495","crm":"29759963","order_status":"cod"}
2025-12-01 20:30:14 store_script.php - 43426 crm - 29759963 cdekid - 1492618495 trackNum_amoId - 417631 {"order_id":"43426","cdeck_id":"1492618495","crm":"29759963","order_status":"cod"}
2025-12-01 20:30:14 request.php - https://vivaherb.amocrm.ru/api/v4/leads/29759963 PATCH 400  {"errors":{"29759963":"Lead not found"},"title":"Bad Request","type":"https://httpstatus.es/400","status":400,"detail":"Invalid request body"}
2025-12-01 20:30:15 request.php - https://vivaherb.amocrm.ru/api/v4/leads/29759963 PATCH 400  {"errors":{"29759963":"Lead not found"},"title":"Bad Request","type":"https://httpstatus.es/400","status":400,"detail":"Invalid request body"}
2025-12-01 20:30:15 store_script.php - 43426 crm - 29759963 END []
2025-12-01 20:30:15 store_script.php - 55743 crm - 30571295 cdekid - 10011353606 {"order_id":"55743","cdeck_id":"10011353606","crm":"30571295","order_status":"cod"}
2025-12-01 20:30:15 store_script.php - 55743 crm - 30571295 cdekid - 10011353606 trackNum_amoId - 417631 {"order_id":"55743","cdeck_id":"10011353606","crm":"30571295","order_status":"cod"}
2025-12-01 20:30:16 request.php - https://vivaherb.amocrm.ru/api/v4/leads/30571295 PATCH 400  {"errors":{"30571295":"Lead not found"},"title":"Bad Request","type":"https://httpstatus.es/400","status":400,"detail":"Invalid request body"}
2025-12-01 20:30:16 request.php - https://vivaherb.amocrm.ru/api/v4/leads/30571295 PATCH 400  {"errors":{"30571295":"Lead not found"},"title":"Bad Request","type":"https://httpstatus.es/400","status":400,"detail":"Invalid request body"}
2025-12-01 20:30:17 store_script.php - 55743 crm - 30571295 END []
2025-12-01 20:30:17 store_script.php - 56020 crm - 30580597 cdekid - 10012192492 {"order_id":"56020","cdeck_id":"10012192492","crm":"30580597","order_status":"intellectmoney"}
2025-12-01 20:30:17 store_script.php - 56020 crm - 30580597 cdekid - 10012192492 trackNum_amoId - 417631 {"order_id":"56020","cdeck_id":"10012192492","crm":"30580597","order_status":"intellectmoney"}
2025-12-01 20:30:17 request.php - https://vivaherb.amocrm.ru/api/v4/leads/30580597 PATCH 400  {"errors":{"30580597":"Lead not found"},"title":"Bad Request","type":"https://httpstatus.es/400","status":400,"detail":"Invalid request body"}
2025-12-01 20:30:17 store_script.php - 56020 crm - 30580597 END []
2025-12-01 20:30:18 store_script.php - 58805 crm - 30699429 cdekid - 10024732090 {"order_id":"58805","cdeck_id":"10024732090","crm":"30699429","order_status":"yookassa_widget"}
2025-12-01 20:30:18 store_script.php - 58805 crm - 30699429 cdekid - 10024732090 trackNum_amoId - 417631 {"order_id":"58805","cdeck_id":"10024732090","crm":"30699429","order_status":"yookassa_widget"}
2025-12-01 20:30:18 request.php - https://vivaherb.amocrm.ru/api/v4/leads/30699429 PATCH 400  {"errors":{"30699429":"Lead not found"},"title":"Bad Request","type":"https://httpstatus.es/400","status":400,"detail":"Invalid request body"}
2025-12-01 20:30:18 store_script.php - 58805 crm - 30699429 END []
2025-12-01 20:30:18 store_script.php - 58825 crm - 30700377 cdekid - 10024878326 {"order_id":"58825","cdeck_id":"10024878326","crm":"30700377","order_status":"yookassa_widget"}
2025-12-01 20:30:18 store_script.php - 58825 crm - 30700377 cdekid - 10024878326 trackNum_amoId - 417631 {"order_id":"58825","cdeck_id":"10024878326","crm":"30700377","order_status":"yookassa_widget"}
2025-12-01 20:30:19 request.php - https://vivaherb.amocrm.ru/api/v4/leads/30700377 PATCH 400  {"errors":{"30700377":"Lead not found"},"title":"Bad Request","type":"https://httpstatus.es/400","status":400,"detail":"Invalid request body"}
2025-12-01 20:30:19 store_script.php - 58825 crm - 30700377 END []
2025-12-01 20:30:19 store_script.php - 58891 crm - 30702185 cdekid - 10025084375 {"order_id":"58891","cdeck_id":"10025084375","crm":"30702185","order_status":"yookassa_widget"}
2025-12-01 20:30:19 store_script.php - 58891 crm - 30702185 cdekid - 10025084375 trackNum_amoId - 417631 {"order_id":"58891","cdeck_id":"10025084375","crm":"30702185","order_status":"yookassa_widget"}
2025-12-01 20:30:19 request.php - https://vivaherb.amocrm.ru/api/v4/leads/30702185 PATCH 400  {"errors":{"30702185":"Lead not found"},"title":"Bad Request","type":"https://httpstatus.es/400","status":400,"detail":"Invalid request body"}
2025-12-01 20:30:20 store_script.php - 58891 crm - 30702185 END []
2025-12-01 20:30:20 store_script.php - 59176 crm - 30706013 cdekid - 10025584176 {"order_id":"59176","cdeck_id":"10025584176","crm":"30706013","order_status":"yookassa_widget"}
2025-12-01 20:30:20 store_script.php - 59176 crm - 30706013 cdekid - 10025584176 trackNum_amoId - 417631 {"order_id":"59176","cdeck_id":"10025584176","crm":"30706013","order_status":"yookassa_widget"}
2025-12-01 20:30:20 request.php - https://vivaherb.amocrm.ru/api/v4/leads/30706013 PATCH 400  {"errors":{"30706013":"Lead not found"},"title":"Bad Request","type":"https://httpstatus.es/400","status":400,"detail":"Invalid request body"}
2025-12-01 20:30:20 store_script.php - 59176 crm - 30706013 END []
2025-12-01 20:30:20 store_script.php - 59181 crm - 30706069 cdekid - 10025587928 {"order_id":"59181","cdeck_id":"10025587928","crm":"30706069","order_status":"yookassa_widget"}
2025-12-01 20:30:20 store_script.php - 59181 crm - 30706069 cdekid - 10025587928 trackNum_amoId - 417631 {"order_id":"59181","cdeck_id":"10025587928","crm":"30706069","order_status":"yookassa_widget"}
2025-12-01 20:30:21 request.php - https://vivaherb.amocrm.ru/api/v4/leads/30706069 PATCH 400  {"errors":{"30706069":"Lead not found"},"title":"Bad Request","type":"https://httpstatus.es/400","status":400,"detail":"Invalid request body"}
2025-12-01 20:30:21 store_script.php - 59181 crm - 30706069 END []
2025-12-01 20:30:21 store_script.php - 59187 crm - 30706147 cdekid - 10025595773 {"order_id":"59187","cdeck_id":"10025595773","crm":"30706147","order_status":"yookassa_widget"}
2025-12-01 20:30:21 store_script.php - 59187 crm - 30706147 cdekid - 10025595773 trackNum_amoId - 417631 {"order_id":"59187","cdeck_id":"10025595773","crm":"30706147","order_status":"yookassa_widget"}
2025-12-01 20:30:21 request.php - https://vivaherb.amocrm.ru/api/v4/leads/30706147 PATCH 400  {"errors":{"30706147":"Lead not found"},"title":"Bad Request","type":"https://httpstatus.es/400","status":400,"detail":"Invalid request body"}
2025-12-01 20:30:21 store_script.php - 59187 crm - 30706147 END []
2025-12-01 20:30:22 store_script.php - 59188 crm - 30706175 cdekid - 10025597779 {"order_id":"59188","cdeck_id":"10025597779","crm":"30706175","order_status":"yookassa_widget"}
2025-12-01 20:30:22 store_script.php - 59188 crm - 30706175 cdekid - 10025597779 trackNum_amoId - 417631 {"order_id":"59188","cdeck_id":"10025597779","crm":"30706175","order_status":"yookassa_widget"}
2025-12-01 20:30:22 request.php - https://vivaherb.amocrm.ru/api/v4/leads/30706175 PATCH 400  {"errors":{"30706175":"Lead not found"},"title":"Bad Request","type":"https://httpstatus.es/400","status":400,"detail":"Invalid request body"}
2025-12-01 20:30:22 store_script.php - 59188 crm - 30706175 END []
2025-12-01 20:30:23 store_script.php - 61931 crm - 30957731 cdekid - 10044840842 {"order_id":"61931","cdeck_id":"10044840842","crm":"30957731","order_status":"yookassa_widget"}
2025-12-01 20:30:23 store_script.php - 61931 crm - 30957731 cdekid - 10044840842 trackNum_amoId - 417631 {"order_id":"61931","cdeck_id":"10044840842","crm":"30957731","order_status":"yookassa_widget"}
2025-12-01 20:30:23 request.php - https://vivaherb.amocrm.ru/api/v4/leads/30957731 PATCH 400  {"errors":{"30957731":"Lead not found"},"title":"Bad Request","type":"https://httpstatus.es/400","status":400,"detail":"Invalid request body"}
2025-12-01 20:30:23 store_script.php - 61931 crm - 30957731 END []
2025-12-01 20:30:24 store_script.php - 64064 crm - 31115305 cdekid - 10067371813 {"order_id":"64064","cdeck_id":"10067371813","crm":"31115305","order_status":"yookassa_widget"}
2025-12-01 20:30:24 store_script.php - 64064 crm - 31115305 cdekid - 10067371813 trackNum_amoId - 417631 {"order_id":"64064","cdeck_id":"10067371813","crm":"31115305","order_status":"yookassa_widget"}
2025-12-01 20:30:25 request.php - https://vivaherb.amocrm.ru/api/v4/leads/31115305 PATCH 400  {"errors":{"31115305":"Lead not found"},"title":"Bad Request","type":"https://httpstatus.es/400","status":400,"detail":"Invalid request body"}
2025-12-01 20:30:25 store_script.php - 64064 crm - 31115305 END []
2025-12-01 20:30:25 store_script.php - 64110 crm - 31117287 cdekid - 10067760566 {"order_id":"64110","cdeck_id":"10067760566","crm":"31117287","order_status":"yookassa_widget"}
2025-12-01 20:30:25 store_script.php - 64110 crm - 31117287 cdekid - 10067760566 trackNum_amoId - 417631 {"order_id":"64110","cdeck_id":"10067760566","crm":"31117287","order_status":"yookassa_widget"}
2025-12-01 20:30:25 request.php - https://vivaherb.amocrm.ru/api/v4/leads/31117287 PATCH 400  {"errors":{"31117287":"Lead not found"},"title":"Bad Request","type":"https://httpstatus.es/400","status":400,"detail":"Invalid request body"}
2025-12-01 20:30:26 store_script.php - 64110 crm - 31117287 END []
2025-12-01 20:30:26 store_script.php - 64904 crm - 31188065 cdekid - 10075009440 {"order_id":"64904","cdeck_id":"10075009440","crm":"31188065","order_status":"yookassa_widget"}
2025-12-01 20:30:26 store_script.php - 64904 crm - 31188065 cdekid - 10075009440 trackNum_amoId - 417631 {"order_id":"64904","cdeck_id":"10075009440","crm":"31188065","order_status":"yookassa_widget"}
2025-12-01 20:30:26 request.php - https://vivaherb.amocrm.ru/api/v4/leads/31188065 PATCH 400  {"errors":{"31188065":"Lead not found"},"title":"Bad Request","type":"https://httpstatus.es/400","status":400,"detail":"Invalid request body"}
2025-12-01 20:30:26 store_script.php - 64904 crm - 31188065 END []
2025-12-01 20:30:27 store_script.php - 66655 crm - 31331987 cdekid - 10093681196 {"order_id":"66655","cdeck_id":"10093681196","crm":"31331987","order_status":"yookassa_widget"}
2025-12-01 20:30:27 store_script.php - 66655 crm - 31331987 cdekid - 10093681196 trackNum_amoId - 417631 {"order_id":"66655","cdeck_id":"10093681196","crm":"31331987","order_status":"yookassa_widget"}
2025-12-01 20:30:27 request.php - https://vivaherb.amocrm.ru/api/v4/leads/31331987 PATCH 400  {"errors":{"31331987":"Lead not found"},"title":"Bad Request","type":"https://httpstatus.es/400","status":400,"detail":"Invalid request body"}
2025-12-01 20:30:27 store_script.php - 66655 crm - 31331987 END []
2025-12-01 20:30:28 store_script.php - 66657 crm - 31332069 cdekid - 10093687362 {"order_id":"66657","cdeck_id":"10093687362","crm":"31332069","order_status":"yookassa_widget"}
2025-12-01 20:30:28 store_script.php - 66657 crm - 31332069 cdekid - 10093687362 trackNum_amoId - 417631 {"order_id":"66657","cdeck_id":"10093687362","crm":"31332069","order_status":"yookassa_widget"}
2025-12-01 20:30:28 request.php - https://vivaherb.amocrm.ru/api/v4/leads/31332069 PATCH 400  {"errors":{"31332069":"Lead not found"},"title":"Bad Request","type":"https://httpstatus.es/400","status":400,"detail":"Invalid request body"}
2025-12-01 20:30:28 store_script.php - 66657 crm - 31332069 END []
2025-12-01 20:30:28 store_script.php - 66765 crm - 31341715 cdekid - 10095118494 {"order_id":"66765","cdeck_id":"10095118494","crm":"31341715","order_status":"cod"}
2025-12-01 20:30:28 store_script.php - 66765 crm - 31341715 cdekid - 10095118494 trackNum_amoId - 417631 {"order_id":"66765","cdeck_id":"10095118494","crm":"31341715","order_status":"cod"}
2025-12-01 20:30:29 request.php - https://vivaherb.amocrm.ru/api/v4/leads/31341715 PATCH 400  {"errors":{"31341715":"Lead not found"},"title":"Bad Request","type":"https://httpstatus.es/400","status":400,"detail":"Invalid request body"}
2025-12-01 20:30:29 request.php - https://vivaherb.amocrm.ru/api/v4/leads/31341715 PATCH 400  {"errors":{"31341715":"Lead not found"},"title":"Bad Request","type":"https://httpstatus.es/400","status":400,"detail":"Invalid request body"}
2025-12-01 20:30:29 store_script.php - 66765 crm - 31341715 END []
2025-12-01 20:30:29 store_script.php - 67842 crm - 31420031 cdekid - 10105128997 {"order_id":"67842","cdeck_id":"10105128997","crm":"31420031","order_status":"yookassa_widget"}
2025-12-01 20:30:29 store_script.php - 67842 crm - 31420031 cdekid - 10105128997 trackNum_amoId - 417631 {"order_id":"67842","cdeck_id":"10105128997","crm":"31420031","order_status":"yookassa_widget"}
2025-12-01 20:30:30 request.php - https://vivaherb.amocrm.ru/api/v4/leads/31420031 PATCH 400  {"errors":{"31420031":"Lead not found"},"title":"Bad Request","type":"https://httpstatus.es/400","status":400,"detail":"Invalid request body"}
2025-12-01 20:30:30 store_script.php - 67842 crm - 31420031 END []
2025-12-01 20:30:39 store_script.php - 70672 crm - 31684629 cdekid - 10137210974 {"order_id":"70672","cdeck_id":"10137210974","crm":"31684629","order_status":"yookassa_widget"}
2025-12-01 20:30:39 store_script.php - 70672 crm - 31684629 cdekid - 10137210974 trackNum_amoId - 417631 {"order_id":"70672","cdeck_id":"10137210974","crm":"31684629","order_status":"yookassa_widget"}
2025-12-01 20:30:39 request.php - https://vivaherb.amocrm.ru/api/v4/leads/31684629 PATCH 400  {"errors":{"31684629":"Lead not found"},"title":"Bad Request","type":"https://httpstatus.es/400","status":400,"detail":"Invalid request body"}
2025-12-01 20:30:39 store_script.php - 70672 crm - 31684629 END []
2025-12-01 20:30:44 store_script.php - 73935 crm - 31945623 cdekid - 10170059138 {"order_id":"73935","cdeck_id":"10170059138","crm":"31945623","order_status":"intellectmoney"}
2025-12-01 20:30:44 store_script.php - 73935 crm - 31945623 cdekid - 10170059138 trackNum_amoId - 417631 {"order_id":"73935","cdeck_id":"10170059138","crm":"31945623","order_status":"intellectmoney"}
2025-12-01 20:30:44 request.php - https://vivaherb.amocrm.ru/api/v4/leads/31945623 PATCH 400  {"errors":{"31945623":"Lead not found"},"title":"Bad Request","type":"https://httpstatus.es/400","status":400,"detail":"Invalid request body"}
2025-12-01 20:30:45 store_script.php - 73935 crm - 31945623 END []
2025-12-01 20:30:52 store_script.php - 76902 crm - 32081909 cdekid - 10192726003 {"order_id":"76902","cdeck_id":"10192726003","crm":"32081909","order_status":"intellectmoney"}
2025-12-01 20:30:52 store_script.php - 76902 crm - 32081909 cdekid - 10192726003 trackNum_amoId - 417631 {"order_id":"76902","cdeck_id":"10192726003","crm":"32081909","order_status":"intellectmoney"}
2025-12-01 20:30:52 store_script.php - 76902 crm - 32081909 get_oreder {"meta":{"href":"https://api.moysklad.ru/api/remap/1.2/entity/customerorder/647843a9-ce21-11f0-0a80-1c54008c7315","metadataHref":"https://api.moysklad.ru/api/remap/1.2/entity/customerorder/metadata","type":"customerorder","mediaType":"application/json","uuidHref":"https://online.moysklad.ru/app/#customerorder/edit?id=647843a9-ce21-11f0-0a80-1c54008c7315"},"id":"647843a9-ce21-11f0-0a80-1c54008c7315","accountId":"dc992fd7-e243-
2025-12-01 20:30:53 store_script.php - 76902 crm - 32081909 END []
2025-12-01 20:30:53 store_script.php - 76904 crm - 32081941 cdekid - 10192729990 {"order_id":"76904","cdeck_id":"10192729990","crm":"32081941","order_status":"intellectmoney"}
2025-12-01 20:30:53 store_script.php - 76904 crm - 32081941 cdekid - 10192729990 trackNum_amoId - 417631 {"order_id":"76904","cdeck_id":"10192729990","crm":"32081941","order_status":"intellectmoney"}
2025-12-01 20:30:54 store_script.php - 76904 crm - 32081941 get_oreder {"meta":{"href":"https://api.moysklad.ru/api/remap/1.2/entity/customerorder/be0c78a2-ce24-11f0-0a80-1635008bede2","metadataHref":"https://api.moysklad.ru/api/remap/1.2/entity/customerorder/metadata","type":"customerorder","mediaType":"application/json","uuidHref":"https://online.moysklad.ru/app/#customerorder/edit?id=be0c78a2-ce24-11f0-0a80-1635008bede2"},"id":"be0c78a2-ce24-11f0-0a80-1635008bede2","accountId":"dc992fd7-e243-
2025-12-01 20:30:54 store_script.php - 76904 crm - 32081941 END []
2025-12-01 20:30:55 store_script.php - 76917 crm - 32083671 cdekid - 10193124375 {"order_id":"76917","cdeck_id":"10193124375","crm":"32083671","order_status":"intellectmoney"}
2025-12-01 20:30:55 store_script.php - 76917 crm - 32083671 cdekid - 10193124375 trackNum_amoId - 417631 {"order_id":"76917","cdeck_id":"10193124375","crm":"32083671","order_status":"intellectmoney"}
2025-12-01 20:30:55 store_script.php - 76917 crm - 32083671 get_oreder {"meta":{"href":"https://api.moysklad.ru/api/remap/1.2/entity/customerorder/6d1408f9-ceaf-11f0-0a80-09e900a5457d","metadataHref":"https://api.moysklad.ru/api/remap/1.2/entity/customerorder/metadata","type":"customerorder","mediaType":"application/json","uuidHref":"https://online.moysklad.ru/app/#customerorder/edit?id=6d1408f9-ceaf-11f0-0a80-09e900a5457d"},"id":"6d1408f9-ceaf-11f0-0a80-09e900a5457d","accountId":"dc992fd7-e243-
2025-12-01 20:30:56 store_script.php - 76917 crm - 32083671 END []
2025-12-01 20:30:56 store_script.php - 76919 crm - 32083899 cdekid - 10193182407 {"order_id":"76919","cdeck_id":"10193182407","crm":"32083899","order_status":"intellectmoney"}
2025-12-01 20:30:56 store_script.php - 76919 crm - 32083899 cdekid - 10193182407 trackNum_amoId - 417631 {"order_id":"76919","cdeck_id":"10193182407","crm":"32083899","order_status":"intellectmoney"}
2025-12-01 20:30:57 store_script.php - 76919 crm - 32083899 get_oreder {"meta":{"href":"https://api.moysklad.ru/api/remap/1.2/entity/customerorder/80b10cd8-ceb9-11f0-0a80-064d00a94c6b","metadataHref":"https://api.moysklad.ru/api/remap/1.2/entity/customerorder/metadata","type":"customerorder","mediaType":"application/json","uuidHref":"https://online.moysklad.ru/app/#customerorder/edit?id=80b10cd8-ceb9-11f0-0a80-064d00a94c6b"},"id":"80b10cd8-ceb9-11f0-0a80-064d00a94c6b","accountId":"dc992fd7-e243-
2025-12-01 20:30:57 store_script.php - 76919 crm - 32083899 END []
2025-12-01 21:30:03 store_script.php - 30509 crm - 27215649 cdekid - 1378035246 {"order_id":"30509","cdeck_id":"1378035246","crm":"27215649","order_status":"cod"}
2025-12-01 21:30:03 store_script.php - 30509 crm - 27215649 cdekid - 1378035246 trackNum_amoId - 417631 {"order_id":"30509","cdeck_id":"1378035246","crm":"27215649","order_status":"cod"}
2025-12-01 21:30:04 request.php - https://vivaherb.amocrm.ru/api/v4/leads/27215649 PATCH 400  {"errors":{"27215649":"Lead not found"},"title":"Bad Request","type":"https://httpstatus.es/400","status":400,"detail":"Invalid request body"}
2025-12-01 21:30:04 request.php - https://vivaherb.amocrm.ru/api/v4/leads/27215649 PATCH 400  {"errors":{"27215649":"Lead not found"},"title":"Bad Request","type":"https://httpstatus.es/400","status":400,"detail":"Invalid request body"}
2025-12-01 21:30:05 store_script.php - 30509 crm - 27215649 END []
2025-12-01 21:30:05 store_script.php - 30980 crm - 27451493 cdekid - 1384831846 {"order_id":"30980","cdeck_id":"1384831846","crm":"27451493","order_status":"yookassa_widget"}
2025-12-01 21:30:05 store_script.php - 30980 crm - 27451493 cdekid - 1384831846 trackNum_amoId - 417631 {"order_id":"30980","cdeck_id":"1384831846","crm":"27451493","order_status":"yookassa_widget"}
2025-12-01 21:30:06 request.php - https://vivaherb.amocrm.ru/api/v4/leads/27451493 PATCH 400  {"errors":{"27451493":"Lead not found"},"title":"Bad Request","type":"https://httpstatus.es/400","status":400,"detail":"Invalid request body"}
2025-12-01 21:30:06 store_script.php - 30980 crm - 27451493 END []
2025-12-01 21:30:07 store_script.php - 31159 crm - 27523369 cdekid - 1388417736 {"order_id":"31159","cdeck_id":"1388417736","crm":"27523369","order_status":"yookassa_widget"}
2025-12-01 21:30:07 store_script.php - 31159 crm - 27523369 cdekid - 1388417736 trackNum_amoId - 417631 {"order_id":"31159","cdeck_id":"1388417736","crm":"27523369","order_status":"yookassa_widget"}
2025-12-01 21:30:07 request.php - https://vivaherb.amocrm.ru/api/v4/leads/27523369 PATCH 400  {"errors":{"27523369":"Lead not found"},"title":"Bad Request","type":"https://httpstatus.es/400","status":400,"detail":"Invalid request body"}
2025-12-01 21:30:08 store_script.php - 31159 crm - 27523369 END []
2025-12-01 21:30:08 store_script.php - 31689 crm - 27678093 cdekid - 1394658580 {"order_id":"31689","cdeck_id":"1394658580","crm":"27678093","order_status":"cod"}
2025-12-01 21:30:08 store_script.php - 31689 crm - 27678093 cdekid - 1394658580 trackNum_amoId - 417631 {"order_id":"31689","cdeck_id":"1394658580","crm":"27678093","order_status":"cod"}
2025-12-01 21:30:09 request.php - https://vivaherb.amocrm.ru/api/v4/leads/27678093 PATCH 400  {"errors":{"27678093":"Lead not found"},"title":"Bad Request","type":"https://httpstatus.es/400","status":400,"detail":"Invalid request body"}
2025-12-01 21:30:09 request.php - https://vivaherb.amocrm.ru/api/v4/leads/27678093 PATCH 400  {"errors":{"27678093":"Lead not found"},"title":"Bad Request","type":"https://httpstatus.es/400","status":400,"detail":"Invalid request body"}
2025-12-01 21:30:10 store_script.php - 31689 crm - 27678093 END []
2025-12-01 21:30:10 store_script.php - 32666 crm - 28043619 cdekid - 1407999796 {"order_id":"32666","cdeck_id":"1407999796","crm":"28043619","order_status":"yookassa_widget"}
2025-12-01 21:30:10 store_script.php - 32666 crm - 28043619 cdekid - 1407999796 trackNum_amoId - 417631 {"order_id":"32666","cdeck_id":"1407999796","crm":"28043619","order_status":"yookassa_widget"}
2025-12-01 21:30:11 request.php - https://vivaherb.amocrm.ru/api/v4/leads/28043619 PATCH 400  {"errors":{"28043619":"Lead not found"},"title":"Bad Request","type":"https://httpstatus.es/400","status":400,"detail":"Invalid request body"}
2025-12-01 21:30:11 store_script.php - 32666 crm - 28043619 END []
2025-12-01 21:30:11 store_script.php - 35382 crm - 28949539 cdekid - 1440454117 {"order_id":"35382","cdeck_id":"1440454117","crm":"28949539","order_status":"yookassa_widget"}
2025-12-01 21:30:11 store_script.php - 35382 crm - 28949539 cdekid - 1440454117 trackNum_amoId - 417631 {"order_id":"35382","cdeck_id":"1440454117","crm":"28949539","order_status":"yookassa_widget"}
2025-12-01 21:30:12 request.php - https://vivaherb.amocrm.ru/api/v4/leads/28949539 PATCH 400  {"errors":{"28949539":"Lead not found"},"title":"Bad Request","type":"https://httpstatus.es/400","status":400,"detail":"Invalid request body"}
2025-12-01 21:30:12 store_script.php - 35382 crm - 28949539 END []
2025-12-01 21:30:13 store_script.php - 36740 crm - 29177633 cdekid - 1450621353 {"order_id":"36740","cdeck_id":"1450621353","crm":"29177633","order_status":"yookassa_widget"}
2025-12-01 21:30:13 store_script.php - 36740 crm - 29177633 cdekid - 1450621353 trackNum_amoId - 417631 {"order_id":"36740","cdeck_id":"1450621353","crm":"29177633","order_status":"yookassa_widget"}
2025-12-01 21:30:13 request.php - https://vivaherb.amocrm.ru/api/v4/leads/29177633 PATCH 400  {"errors":{"29177633":"Lead not found"},"title":"Bad Request","type":"https://httpstatus.es/400","status":400,"detail":"Invalid request body"}
2025-12-01 21:30:13 store_script.php - 36740 crm - 29177633 END []
2025-12-01 21:30:13 store_script.php - 43426 crm - 29759963 cdekid - 1492618495 {"order_id":"43426","cdeck_id":"1492618495","crm":"29759963","order_status":"cod"}
2025-12-01 21:30:13 store_script.php - 43426 crm - 29759963 cdekid - 1492618495 trackNum_amoId - 417631 {"order_id":"43426","cdeck_id":"1492618495","crm":"29759963","order_status":"cod"}
2025-12-01 21:30:14 request.php - https://vivaherb.amocrm.ru/api/v4/leads/29759963 PATCH 400  {"errors":{"29759963":"Lead not found"},"title":"Bad Request","type":"https://httpstatus.es/400","status":400,"detail":"Invalid request body"}
2025-12-01 21:30:14 request.php - https://vivaherb.amocrm.ru/api/v4/leads/29759963 PATCH 400  {"errors":{"29759963":"Lead not found"},"title":"Bad Request","type":"https://httpstatus.es/400","status":400,"detail":"Invalid request body"}
2025-12-01 21:30:14 store_script.php - 43426 crm - 29759963 END []
2025-12-01 21:30:15 store_script.php - 55743 crm - 30571295 cdekid - 10011353606 {"order_id":"55743","cdeck_id":"10011353606","crm":"30571295","order_status":"cod"}
2025-12-01 21:30:15 store_script.php - 55743 crm - 30571295 cdekid - 10011353606 trackNum_amoId - 417631 {"order_id":"55743","cdeck_id":"10011353606","crm":"30571295","order_status":"cod"}
2025-12-01 21:30:15 request.php - https://vivaherb.amocrm.ru/api/v4/leads/30571295 PATCH 400  {"errors":{"30571295":"Lead not found"},"title":"Bad Request","type":"https://httpstatus.es/400","status":400,"detail":"Invalid request body"}
2025-12-01 21:30:15 request.php - https://vivaherb.amocrm.ru/api/v4/leads/30571295 PATCH 400  {"errors":{"30571295":"Lead not found"},"title":"Bad Request","type":"https://httpstatus.es/400","status":400,"detail":"Invalid request body"}
2025-12-01 21:30:15 store_script.php - 55743 crm - 30571295 END []
2025-12-01 21:30:16 store_script.php - 56020 crm - 30580597 cdekid - 10012192492 {"order_id":"56020","cdeck_id":"10012192492","crm":"30580597","order_status":"intellectmoney"}
2025-12-01 21:30:16 store_script.php - 56020 crm - 30580597 cdekid - 10012192492 trackNum_amoId - 417631 {"order_id":"56020","cdeck_id":"10012192492","crm":"30580597","order_status":"intellectmoney"}
2025-12-01 21:30:16 request.php - https://vivaherb.amocrm.ru/api/v4/leads/30580597 PATCH 400  {"errors":{"30580597":"Lead not found"},"title":"Bad Request","type":"https://httpstatus.es/400","status":400,"detail":"Invalid request body"}
2025-12-01 21:30:16 store_script.php - 56020 crm - 30580597 END []
2025-12-01 21:30:17 store_script.php - 58805 crm - 30699429 cdekid - 10024732090 {"order_id":"58805","cdeck_id":"10024732090","crm":"30699429","order_status":"yookassa_widget"}
2025-12-01 21:30:17 store_script.php - 58805 crm - 30699429 cdekid - 10024732090 trackNum_amoId - 417631 {"order_id":"58805","cdeck_id":"10024732090","crm":"30699429","order_status":"yookassa_widget"}
2025-12-01 21:30:17 request.php - https://vivaherb.amocrm.ru/api/v4/leads/30699429 PATCH 400  {"errors":{"30699429":"Lead not found"},"title":"Bad Request","type":"https://httpstatus.es/400","status":400,"detail":"Invalid request body"}
2025-12-01 21:30:17 store_script.php - 58805 crm - 30699429 END []
2025-12-01 21:30:17 store_script.php - 58825 crm - 30700377 cdekid - 10024878326 {"order_id":"58825","cdeck_id":"10024878326","crm":"30700377","order_status":"yookassa_widget"}
2025-12-01 21:30:17 store_script.php - 58825 crm - 30700377 cdekid - 10024878326 trackNum_amoId - 417631 {"order_id":"58825","cdeck_id":"10024878326","crm":"30700377","order_status":"yookassa_widget"}
2025-12-01 21:30:18 request.php - https://vivaherb.amocrm.ru/api/v4/leads/30700377 PATCH 400  {"errors":{"30700377":"Lead not found"},"title":"Bad Request","type":"https://httpstatus.es/400","status":400,"detail":"Invalid request body"}
2025-12-01 21:30:18 store_script.php - 58825 crm - 30700377 END []
2025-12-01 21:30:18 store_script.php - 58891 crm - 30702185 cdekid - 10025084375 {"order_id":"58891","cdeck_id":"10025084375","crm":"30702185","order_status":"yookassa_widget"}
2025-12-01 21:30:18 store_script.php - 58891 crm - 30702185 cdekid - 10025084375 trackNum_amoId - 417631 {"order_id":"58891","cdeck_id":"10025084375","crm":"30702185","order_status":"yookassa_widget"}
2025-12-01 21:30:18 request.php - https://vivaherb.amocrm.ru/api/v4/leads/30702185 PATCH 400  {"errors":{"30702185":"Lead not found"},"title":"Bad Request","type":"https://httpstatus.es/400","status":400,"detail":"Invalid request body"}
2025-12-01 21:30:18 store_script.php - 58891 crm - 30702185 END []
2025-12-01 21:30:19 store_script.php - 59176 crm - 30706013 cdekid - 10025584176 {"order_id":"59176","cdeck_id":"10025584176","crm":"30706013","order_status":"yookassa_widget"}
2025-12-01 21:30:19 store_script.php - 59176 crm - 30706013 cdekid - 10025584176 trackNum_amoId - 417631 {"order_id":"59176","cdeck_id":"10025584176","crm":"30706013","order_status":"yookassa_widget"}
2025-12-01 21:30:19 request.php - https://vivaherb.amocrm.ru/api/v4/leads/30706013 PATCH 400  {"errors":{"30706013":"Lead not found"},"title":"Bad Request","type":"https://httpstatus.es/400","status":400,"detail":"Invalid request body"}
2025-12-01 21:30:19 store_script.php - 59176 crm - 30706013 END []
2025-12-01 21:30:19 store_script.php - 59181 crm - 30706069 cdekid - 10025587928 {"order_id":"59181","cdeck_id":"10025587928","crm":"30706069","order_status":"yookassa_widget"}
2025-12-01 21:30:19 store_script.php - 59181 crm - 30706069 cdekid - 10025587928 trackNum_amoId - 417631 {"order_id":"59181","cdeck_id":"10025587928","crm":"30706069","order_status":"yookassa_widget"}
2025-12-01 21:30:19 request.php - https://vivaherb.amocrm.ru/api/v4/leads/30706069 PATCH 400  {"errors":{"30706069":"Lead not found"},"title":"Bad Request","type":"https://httpstatus.es/400","status":400,"detail":"Invalid request body"}
2025-12-01 21:30:20 store_script.php - 59181 crm - 30706069 END []
2025-12-01 21:30:20 store_script.php - 59187 crm - 30706147 cdekid - 10025595773 {"order_id":"59187","cdeck_id":"10025595773","crm":"30706147","order_status":"yookassa_widget"}
2025-12-01 21:30:20 store_script.php - 59187 crm - 30706147 cdekid - 10025595773 trackNum_amoId - 417631 {"order_id":"59187","cdeck_id":"10025595773","crm":"30706147","order_status":"yookassa_widget"}
2025-12-01 21:30:20 request.php - https://vivaherb.amocrm.ru/api/v4/leads/30706147 PATCH 400  {"errors":{"30706147":"Lead not found"},"title":"Bad Request","type":"https://httpstatus.es/400","status":400,"detail":"Invalid request body"}
2025-12-01 21:30:20 store_script.php - 59187 crm - 30706147 END []
2025-12-01 21:30:21 store_script.php - 59188 crm - 30706175 cdekid - 10025597779 {"order_id":"59188","cdeck_id":"10025597779","crm":"30706175","order_status":"yookassa_widget"}
2025-12-01 21:30:21 store_script.php - 59188 crm - 30706175 cdekid - 10025597779 trackNum_amoId - 417631 {"order_id":"59188","cdeck_id":"10025597779","crm":"30706175","order_status":"yookassa_widget"}
2025-12-01 21:30:21 request.php - https://vivaherb.amocrm.ru/api/v4/leads/30706175 PATCH 400  {"errors":{"30706175":"Lead not found"},"title":"Bad Request","type":"https://httpstatus.es/400","status":400,"detail":"Invalid request body"}
2025-12-01 21:30:21 store_script.php - 59188 crm - 30706175 END []
2025-12-01 21:30:22 store_script.php - 61931 crm - 30957731 cdekid - 10044840842 {"order_id":"61931","cdeck_id":"10044840842","crm":"30957731","order_status":"yookassa_widget"}
2025-12-01 21:30:22 store_script.php - 61931 crm - 30957731 cdekid - 10044840842 trackNum_amoId - 417631 {"order_id":"61931","cdeck_id":"10044840842","crm":"30957731","order_status":"yookassa_widget"}
2025-12-01 21:30:22 request.php - https://vivaherb.amocrm.ru/api/v4/leads/30957731 PATCH 400  {"errors":{"30957731":"Lead not found"},"title":"Bad Request","type":"https://httpstatus.es/400","status":400,"detail":"Invalid request body"}
2025-12-01 21:30:22 store_script.php - 61931 crm - 30957731 END []
2025-12-01 21:30:23 store_script.php - 64064 crm - 31115305 cdekid - 10067371813 {"order_id":"64064","cdeck_id":"10067371813","crm":"31115305","order_status":"yookassa_widget"}
2025-12-01 21:30:23 store_script.php - 64064 crm - 31115305 cdekid - 10067371813 trackNum_amoId - 417631 {"order_id":"64064","cdeck_id":"10067371813","crm":"31115305","order_status":"yookassa_widget"}
2025-12-01 21:30:23 request.php - https://vivaherb.amocrm.ru/api/v4/leads/31115305 PATCH 400  {"errors":{"31115305":"Lead not found"},"title":"Bad Request","type":"https://httpstatus.es/400","status":400,"detail":"Invalid request body"}
2025-12-01 21:30:24 store_script.php - 64064 crm - 31115305 END []
2025-12-01 21:30:24 store_script.php - 64110 crm - 31117287 cdekid - 10067760566 {"order_id":"64110","cdeck_id":"10067760566","crm":"31117287","order_status":"yookassa_widget"}
2025-12-01 21:30:24 store_script.php - 64110 crm - 31117287 cdekid - 10067760566 trackNum_amoId - 417631 {"order_id":"64110","cdeck_id":"10067760566","crm":"31117287","order_status":"yookassa_widget"}
2025-12-01 21:30:24 request.php - https://vivaherb.amocrm.ru/api/v4/leads/31117287 PATCH 400  {"errors":{"31117287":"Lead not found"},"title":"Bad Request","type":"https://httpstatus.es/400","status":400,"detail":"Invalid request body"}
2025-12-01 21:30:24 store_script.php - 64110 crm - 31117287 END []
2025-12-01 21:30:24 store_script.php - 64904 crm - 31188065 cdekid - 10075009440 {"order_id":"64904","cdeck_id":"10075009440","crm":"31188065","order_status":"yookassa_widget"}
2025-12-01 21:30:24 store_script.php - 64904 crm - 31188065 cdekid - 10075009440 trackNum_amoId - 417631 {"order_id":"64904","cdeck_id":"10075009440","crm":"31188065","order_status":"yookassa_widget"}
2025-12-01 21:30:25 request.php - https://vivaherb.amocrm.ru/api/v4/leads/31188065 PATCH 400  {"errors":{"31188065":"Lead not found"},"title":"Bad Request","type":"https://httpstatus.es/400","status":400,"detail":"Invalid request body"}
2025-12-01 21:30:25 store_script.php - 64904 crm - 31188065 END []
2025-12-01 21:30:25 store_script.php - 66655 crm - 31331987 cdekid - 10093681196 {"order_id":"66655","cdeck_id":"10093681196","crm":"31331987","order_status":"yookassa_widget"}
2025-12-01 21:30:25 store_script.php - 66655 crm - 31331987 cdekid - 10093681196 trackNum_amoId - 417631 {"order_id":"66655","cdeck_id":"10093681196","crm":"31331987","order_status":"yookassa_widget"}
2025-12-01 21:30:26 request.php - https://vivaherb.amocrm.ru/api/v4/leads/31331987 PATCH 400  {"errors":{"31331987":"Lead not found"},"title":"Bad Request","type":"https://httpstatus.es/400","status":400,"detail":"Invalid request body"}
2025-12-01 21:30:26 store_script.php - 66655 crm - 31331987 END []
2025-12-01 21:30:26 store_script.php - 66657 crm - 31332069 cdekid - 10093687362 {"order_id":"66657","cdeck_id":"10093687362","crm":"31332069","order_status":"yookassa_widget"}
2025-12-01 21:30:26 store_script.php - 66657 crm - 31332069 cdekid - 10093687362 trackNum_amoId - 417631 {"order_id":"66657","cdeck_id":"10093687362","crm":"31332069","order_status":"yookassa_widget"}
2025-12-01 21:30:26 request.php - https://vivaherb.amocrm.ru/api/v4/leads/31332069 PATCH 400  {"errors":{"31332069":"Lead not found"},"title":"Bad Request","type":"https://httpstatus.es/400","status":400,"detail":"Invalid request body"}
2025-12-01 21:30:26 store_script.php - 66657 crm - 31332069 END []
2025-12-01 21:30:27 store_script.php - 66765 crm - 31341715 cdekid - 10095118494 {"order_id":"66765","cdeck_id":"10095118494","crm":"31341715","order_status":"cod"}
2025-12-01 21:30:27 store_script.php - 66765 crm - 31341715 cdekid - 10095118494 trackNum_amoId - 417631 {"order_id":"66765","cdeck_id":"10095118494","crm":"31341715","order_status":"cod"}
2025-12-01 21:30:27 request.php - https://vivaherb.amocrm.ru/api/v4/leads/31341715 PATCH 400  {"errors":{"31341715":"Lead not found"},"title":"Bad Request","type":"https://httpstatus.es/400","status":400,"detail":"Invalid request body"}
2025-12-01 21:30:27 request.php - https://vivaherb.amocrm.ru/api/v4/leads/31341715 PATCH 400  {"errors":{"31341715":"Lead not found"},"title":"Bad Request","type":"https://httpstatus.es/400","status":400,"detail":"Invalid request body"}
2025-12-01 21:30:27 store_script.php - 66765 crm - 31341715 END []
2025-12-01 21:30:28 store_script.php - 67842 crm - 31420031 cdekid - 10105128997 {"order_id":"67842","cdeck_id":"10105128997","crm":"31420031","order_status":"yookassa_widget"}
2025-12-01 21:30:28 store_script.php - 67842 crm - 31420031 cdekid - 10105128997 trackNum_amoId - 417631 {"order_id":"67842","cdeck_id":"10105128997","crm":"31420031","order_status":"yookassa_widget"}
2025-12-01 21:30:28 request.php - https://vivaherb.amocrm.ru/api/v4/leads/31420031 PATCH 400  {"errors":{"31420031":"Lead not found"},"title":"Bad Request","type":"https://httpstatus.es/400","status":400,"detail":"Invalid request body"}
2025-12-01 21:30:28 store_script.php - 67842 crm - 31420031 END []
2025-12-01 21:30:37 store_script.php - 70672 crm - 31684629 cdekid - 10137210974 {"order_id":"70672","cdeck_id":"10137210974","crm":"31684629","order_status":"yookassa_widget"}
2025-12-01 21:30:37 store_script.php - 70672 crm - 31684629 cdekid - 10137210974 trackNum_amoId - 417631 {"order_id":"70672","cdeck_id":"10137210974","crm":"31684629","order_status":"yookassa_widget"}
2025-12-01 21:30:37 request.php - https://vivaherb.amocrm.ru/api/v4/leads/31684629 PATCH 400  {"errors":{"31684629":"Lead not found"},"title":"Bad Request","type":"https://httpstatus.es/400","status":400,"detail":"Invalid request body"}
2025-12-01 21:30:38 store_script.php - 70672 crm - 31684629 END []
2025-12-01 21:30:44 store_script.php - 73935 crm - 31945623 cdekid - 10170059138 {"order_id":"73935","cdeck_id":"10170059138","crm":"31945623","order_status":"intellectmoney"}
2025-12-01 21:30:44 store_script.php - 73935 crm - 31945623 cdekid - 10170059138 trackNum_amoId - 417631 {"order_id":"73935","cdeck_id":"10170059138","crm":"31945623","order_status":"intellectmoney"}
2025-12-01 21:30:44 request.php - https://vivaherb.amocrm.ru/api/v4/leads/31945623 PATCH 400  {"errors":{"31945623":"Lead not found"},"title":"Bad Request","type":"https://httpstatus.es/400","status":400,"detail":"Invalid request body"}
2025-12-01 21:30:44 store_script.php - 73935 crm - 31945623 END []
2025-12-01 21:30:51 store_script.php - 76902 crm - 32081909 cdekid - 10192726003 {"order_id":"76902","cdeck_id":"10192726003","crm":"32081909","order_status":"intellectmoney"}
2025-12-01 21:30:51 store_script.php - 76902 crm - 32081909 cdekid - 10192726003 trackNum_amoId - 417631 {"order_id":"76902","cdeck_id":"10192726003","crm":"32081909","order_status":"intellectmoney"}
2025-12-01 21:30:52 store_script.php - 76902 crm - 32081909 get_oreder {"meta":{"href":"https://api.moysklad.ru/api/remap/1.2/entity/customerorder/647843a9-ce21-11f0-0a80-1c54008c7315","metadataHref":"https://api.moysklad.ru/api/remap/1.2/entity/customerorder/metadata","type":"customerorder","mediaType":"application/json","uuidHref":"https://online.moysklad.ru/app/#customerorder/edit?id=647843a9-ce21-11f0-0a80-1c54008c7315"},"id":"647843a9-ce21-11f0-0a80-1c54008c7315","accountId":"dc992fd7-e243-
2025-12-01 21:30:53 store_script.php - 76902 crm - 32081909 END []
2025-12-01 21:30:53 store_script.php - 76904 crm - 32081941 cdekid - 10192729990 {"order_id":"76904","cdeck_id":"10192729990","crm":"32081941","order_status":"intellectmoney"}
2025-12-01 21:30:53 store_script.php - 76904 crm - 32081941 cdekid - 10192729990 trackNum_amoId - 417631 {"order_id":"76904","cdeck_id":"10192729990","crm":"32081941","order_status":"intellectmoney"}
2025-12-01 21:30:54 store_script.php - 76904 crm - 32081941 get_oreder {"meta":{"href":"https://api.moysklad.ru/api/remap/1.2/entity/customerorder/be0c78a2-ce24-11f0-0a80-1635008bede2","metadataHref":"https://api.moysklad.ru/api/remap/1.2/entity/customerorder/metadata","type":"customerorder","mediaType":"application/json","uuidHref":"https://online.moysklad.ru/app/#customerorder/edit?id=be0c78a2-ce24-11f0-0a80-1635008bede2"},"id":"be0c78a2-ce24-11f0-0a80-1635008bede2","accountId":"dc992fd7-e243-
2025-12-01 21:30:54 store_script.php - 76904 crm - 32081941 END []
2025-12-01 21:30:55 store_script.php - 76917 crm - 32083671 cdekid - 10193124375 {"order_id":"76917","cdeck_id":"10193124375","crm":"32083671","order_status":"intellectmoney"}
2025-12-01 21:30:55 store_script.php - 76917 crm - 32083671 cdekid - 10193124375 trackNum_amoId - 417631 {"order_id":"76917","cdeck_id":"10193124375","crm":"32083671","order_status":"intellectmoney"}
2025-12-01 21:30:56 store_script.php - 76917 crm - 32083671 get_oreder {"meta":{"href":"https://api.moysklad.ru/api/remap/1.2/entity/customerorder/6d1408f9-ceaf-11f0-0a80-09e900a5457d","metadataHref":"https://api.moysklad.ru/api/remap/1.2/entity/customerorder/metadata","type":"customerorder","mediaType":"application/json","uuidHref":"https://online.moysklad.ru/app/#customerorder/edit?id=6d1408f9-ceaf-11f0-0a80-09e900a5457d"},"id":"6d1408f9-ceaf-11f0-0a80-09e900a5457d","accountId":"dc992fd7-e243-
2025-12-01 21:30:56 store_script.php - 76917 crm - 32083671 END []
2025-12-01 21:30:56 store_script.php - 76919 crm - 32083899 cdekid - 10193182407 {"order_id":"76919","cdeck_id":"10193182407","crm":"32083899","order_status":"intellectmoney"}
2025-12-01 21:30:56 store_script.php - 76919 crm - 32083899 cdekid - 10193182407 trackNum_amoId - 417631 {"order_id":"76919","cdeck_id":"10193182407","crm":"32083899","order_status":"intellectmoney"}
2025-12-01 21:30:57 store_script.php - 76919 crm - 32083899 get_oreder {"meta":{"href":"https://api.moysklad.ru/api/remap/1.2/entity/customerorder/80b10cd8-ceb9-11f0-0a80-064d00a94c6b","metadataHref":"https://api.moysklad.ru/api/remap/1.2/entity/customerorder/metadata","type":"customerorder","mediaType":"application/json","uuidHref":"https://online.moysklad.ru/app/#customerorder/edit?id=80b10cd8-ceb9-11f0-0a80-064d00a94c6b"},"id":"80b10cd8-ceb9-11f0-0a80-064d00a94c6b","accountId":"dc992fd7-e243-
2025-12-01 21:30:57 store_script.php - 76919 crm - 32083899 END []
2025-12-01 22:12:38 store_script.php - 76925 crm - 32084485 cdekid - 10193326368 {"order_id":"76925","cdeck_id":"10193326368","crm":"32084485","order_status":"yookassa_widget"}
2025-12-01 22:12:38 store_script.php - 76925 crm - 32084485 cdekid - 10193326368 trackNum_amoId - 417631 {"order_id":"76925","cdeck_id":"10193326368","crm":"32084485","order_status":"yookassa_widget"}
2025-12-01 22:12:39 store_script.php - 76925 crm - 32084485 END []
2025-12-01 22:12:39 input data from webhook {"leads":{"status":[{"id":"32084485","status_id":"30471025","pipeline_id":"2139079","old_status_id":"30471022","old_pipeline_id":"2139079"}]},"account":{"id":"28662106","subdomain":"vivaherb"}}
2025-12-01 22:12:39 request to me https://vivaherb.ru/support/amo_mystore/scripts/amo_ms_export-order.php {"id":"32084485","status_id":"30471025"}
2025-12-01 22:12:39 input data from webhook {"id":"32084485","status_id":"30471025"}
2025-12-01 22:12:39 request to me id 32084485 "32084485"
2025-12-01 22:12:39 request to me successStatusArray Array ["30471025","44583808"]
2025-12-01 22:12:41 connect amo and myStore data "45404629"
2025-12-01 22:12:42 order data {"lead":{"id":32084485,"name":"Заказ VivaHerb от Илья Ким","price":7770,"responsible_user_id":8670562,"group_id":0,"status_id":30471025,"pipeline_id":2139079,"loss_reason_id":null,"created_by":0,"updated_by":0,"created_at":1764616031,"updated_at":1764616359,"closed_at":null,"closest_task_at":null,"is_deleted":false,"custom_fields_values":[{"field_id":164511,"field_name":"ORDER_ID","field_code":null,"field_type":"textarea","values":[{"value":"76925"}]}
2025-12-01 22:12:43 myStore product data {"context":{"employee":{"meta":{"href":"https://api.moysklad.ru/api/remap/1.2/context/employee","metadataHref":"https://api.moysklad.ru/api/remap/1.2/entity/employee/metadata","type":"employee","mediaType":"application/json"}}},"meta":{"href":"https://api.moysklad.ru/api/remap/1.2/entity/product?filter=article=4627201556417","type":"product","mediaType":"application/json","size":1,"limit":1000,"offset":0},"rows":[{"meta":{"href":"https://api.moysklad.ru/a
2025-12-01 22:12:43 myStore product data {"context":{"employee":{"meta":{"href":"https://api.moysklad.ru/api/remap/1.2/context/employee","metadataHref":"https://api.moysklad.ru/api/remap/1.2/entity/employee/metadata","type":"employee","mediaType":"application/json"}}},"meta":{"href":"https://api.moysklad.ru/api/remap/1.2/entity/product?filter=article=4687202267422","type":"product","mediaType":"application/json","size":1,"limit":1000,"offset":0},"rows":[{"meta":{"href":"https://api.moysklad.ru/a
2025-12-01 22:12:43 myStore product data {"context":{"employee":{"meta":{"href":"https://api.moysklad.ru/api/remap/1.2/context/employee","metadataHref":"https://api.moysklad.ru/api/remap/1.2/entity/employee/metadata","type":"employee","mediaType":"application/json"}}},"meta":{"href":"https://api.moysklad.ru/api/remap/1.2/entity/product?filter=article=4687204487149","type":"product","mediaType":"application/json","size":1,"limit":1000,"offset":0},"rows":[{"meta":{"href":"https://api.moysklad.ru/a
2025-12-01 22:12:43 myStore product data {"context":{"employee":{"meta":{"href":"https://api.moysklad.ru/api/remap/1.2/context/employee","metadataHref":"https://api.moysklad.ru/api/remap/1.2/entity/employee/metadata","type":"employee","mediaType":"application/json"}}},"meta":{"href":"https://api.moysklad.ru/api/remap/1.2/entity/product?filter=article=4670169198571","type":"product","mediaType":"application/json","size":1,"limit":1000,"offset":0},"rows":[{"meta":{"href":"https://api.moysklad.ru/a
2025-12-01 22:12:43 connect amo and myStore data "Розничный покупатель"
2025-12-01 22:12:43 find customer in myStore {"context":{"employee":{"meta":{"href":"https://api.moysklad.ru/api/remap/1.2/context/employee","metadataHref":"https://api.moysklad.ru/api/remap/1.2/entity/employee/metadata","type":"employee","mediaType":"application/json"}}},"meta":{"href":"https://api.moysklad.ru/api/remap/1.2/entity/counterparty?filter=name=%D0%A0%D0%BE%D0%B7%D0%BD%D0%B8%D1%87%D0%BD%D1%8B%D0%B9+%D0%BF%D0%BE%D0%BA%D1%83%D0%BF%D0%B0%D1%82%D0%B5%D0%BB%D1%8C","type":"counterparty","m
2025-12-01 22:12:43 connect amo and myStore data "https://vivaherb.amocrm.ru/leads/detail/32084485"
2025-12-01 22:12:43 connect amo and myStore data "32084485"
2025-12-01 22:12:43 connect amo and myStore data {"meta":{"href":"https://api.moysklad.ru/api/remap/1.2/entity/customentity/f3b26dbe-f323-11ed-0a80-079f0039c17d/1167751a-f324-11ed-0a80-02e0003ae084","metadataHref":"https://api.moysklad.ru/api/remap/1.2/context/companysettings/metadata/customEntities/f3b26dbe-f323-11ed-0a80-079f0039c17d","type":"customentity","mediaType":"application/json","uuidHref":"https://online.moysklad.ru/app/#custom_f3b26dbe-f323-11ed-0a80-079f0039c17d/edit?id=1167751a-f32
2025-12-01 22:12:43 connect amo and myStore data "Оплата через СБП"
2025-12-01 22:12:43 connect amo and myStore data "+79511673373"
2025-12-01 22:12:43 connect amo and myStore data {"postalCode":"183032","country":{"meta":{"href":"https://api.moysklad.ru/api/remap/1.2/entity/country/9df7c2c3-7782-4c5c-a8ed-1102af611608","metadataHref":"https://api.moysklad.ru/api/remap/1.2/entity/country/metadata","type":"country","mediaType":"application/json","uuidHref":"https://online.moysklad.ru/app/#country/edit?id=9df7c2c3-7782-4c5c-a8ed-1102af611608"},"id":"9df7c2c3-7782-4c5c-a8ed-1102af611608","updated":"2012-11-02 12:04:14.054","nam
2025-12-01 22:12:43 connect amo and myStore data "10193326368"
2025-12-01 22:12:43 connect amo and myStore data "0"
2025-12-01 22:12:44 connect amo and myStore data {"meta":{"href":"https://api.moysklad.ru/api/remap/1.2/entity/store/86afd9b6-f87d-11ed-0a80-0e2e002ec499","metadataHref":"https://api.moysklad.ru/api/remap/1.2/entity/store/metadata","type":"store","mediaType":"application/json","uuidHref":"https://online.moysklad.ru/app/#warehouse/edit?id=86afd9b6-f87d-11ed-0a80-0e2e002ec499"}}
2025-12-01 22:12:44 connect amo and myStore data {"meta":{"href":"https://api.moysklad.ru/api/remap/1.2/entity/project/5a0b3e18-e244-11ec-0a80-083900059d82","metadataHref":"https://api.moysklad.ru/api/remap/1.2/entity/project/metadata","type":"project","mediaType":"application/json","uuidHref":"https://online.moysklad.ru/app/#project/edit?id=5a0b3e18-e244-11ec-0a80-083900059d82"}}
2025-12-01 22:12:44 connect amo and myStore data "Илья Ким"
2025-12-01 22:12:44 data for order creation {"attributes":[{"meta":{"href":"https://api.moysklad.ru/api/remap/1.2/entity/customerorder/metadata/attributes/f35f3cd6-f8b8-11ed-0a80-026c003acc8d","type":"attributemetadata","mediaType":"application/json"},"value":"https://vivaherb.amocrm.ru/leads/detail/32084485"},{"meta":{"href":"https://api.moysklad.ru/api/remap/1.2/entity/customerorder/metadata/attributes/5d2b3641-f88c-11ed-0a80-030300324bbf","type":"attributemetadata","mediaType":"application/js
2025-12-01 22:12:44 positions for order creation [{"quantity":2,"price":216114.41860465115,"vat":5,"assortment":{"meta":{"href":"https://api.moysklad.ru/api/remap/1.2/entity/product/89492392-f6c9-11ec-0a80-027d0005d4b6","metadataHref":"https://api.moysklad.ru/api/remap/1.2/entity/product/metadata","type":"product","mediaType":"application/json","uuidHref":"https://online.moysklad.ru/app/#good/edit?id=894919df-f6c9-11ec-0a80-027d0005d4b4"}}},{"quantity":1,"price":129379.53488372093,"vat":5,"assor
2025-12-01 22:12:45 create new order {"meta":{"href":"https://api.moysklad.ru/api/remap/1.2/entity/customerorder/b705097d-cee9-11f0-0a80-016100029374","metadataHref":"https://api.moysklad.ru/api/remap/1.2/entity/customerorder/metadata","type":"customerorder","mediaType":"application/json","uuidHref":"https://online.moysklad.ru/app/#customerorder/edit?id=b705097d-cee9-11f0-0a80-016100029374"},"id":"b705097d-cee9-11f0-0a80-016100029374","accountId":"dc992fd7-e243-11ec-0a80-058e0000294e","owner":{"
2025-12-01 22:12:45 paymentInPrice 7770
2025-12-01 22:12:46 newPaymentIn {"meta":{"href":"https://api.moysklad.ru/api/remap/1.2/entity/paymentin/b82bd1c0-cee9-11f0-0a80-070800028fd5","metadataHref":"https://api.moysklad.ru/api/remap/1.2/entity/paymentin/metadata","type":"paymentin","mediaType":"application/json","uuidHref":"https://online.moysklad.ru/app/#paymentin/edit?id=b82bd1c0-cee9-11f0-0a80-070800028fd5"},"id":"b82bd1c0-cee9-11f0-0a80-070800028fd5","accountId":"dc992fd7-e243-11ec-0a80-058e0000294e","owner":{"meta":{"href":"https
2025-12-01 22:12:46 OK ["OK"]
2025-12-01 22:30:00 store_script.php - 30509 crm - 27215649 cdekid - 1378035246 {"order_id":"30509","cdeck_id":"1378035246","crm":"27215649","order_status":"cod"}
2025-12-01 22:30:00 store_script.php - 30509 crm - 27215649 cdekid - 1378035246 trackNum_amoId - 417631 {"order_id":"30509","cdeck_id":"1378035246","crm":"27215649","order_status":"cod"}
2025-12-01 22:30:01 request.php - https://vivaherb.amocrm.ru/api/v4/leads/27215649 PATCH 400  {"errors":{"27215649":"Lead not found"},"title":"Bad Request","type":"https://httpstatus.es/400","status":400,"detail":"Invalid request body"}
2025-12-01 22:30:01 request.php - https://vivaherb.amocrm.ru/api/v4/leads/27215649 PATCH 400  {"errors":{"27215649":"Lead not found"},"title":"Bad Request","type":"https://httpstatus.es/400","status":400,"detail":"Invalid request body"}
2025-12-01 22:30:01 store_script.php - 30509 crm - 27215649 END []
2025-12-01 22:30:02 store_script.php - 30980 crm - 27451493 cdekid - 1384831846 {"order_id":"30980","cdeck_id":"1384831846","crm":"27451493","order_status":"yookassa_widget"}
2025-12-01 22:30:02 store_script.php - 30980 crm - 27451493 cdekid - 1384831846 trackNum_amoId - 417631 {"order_id":"30980","cdeck_id":"1384831846","crm":"27451493","order_status":"yookassa_widget"}
2025-12-01 22:30:02 request.php - https://vivaherb.amocrm.ru/api/v4/leads/27451493 PATCH 400  {"errors":{"27451493":"Lead not found"},"title":"Bad Request","type":"https://httpstatus.es/400","status":400,"detail":"Invalid request body"}
2025-12-01 22:30:03 store_script.php - 30980 crm - 27451493 END []
2025-12-01 22:30:03 store_script.php - 31159 crm - 27523369 cdekid - 1388417736 {"order_id":"31159","cdeck_id":"1388417736","crm":"27523369","order_status":"yookassa_widget"}
2025-12-01 22:30:03 store_script.php - 31159 crm - 27523369 cdekid - 1388417736 trackNum_amoId - 417631 {"order_id":"31159","cdeck_id":"1388417736","crm":"27523369","order_status":"yookassa_widget"}
2025-12-01 22:30:03 request.php - https://vivaherb.amocrm.ru/api/v4/leads/27523369 PATCH 400  {"errors":{"27523369":"Lead not found"},"title":"Bad Request","type":"https://httpstatus.es/400","status":400,"detail":"Invalid request body"}
2025-12-01 22:30:04 store_script.php - 31159 crm - 27523369 END []
2025-12-01 22:30:04 store_script.php - 31689 crm - 27678093 cdekid - 1394658580 {"order_id":"31689","cdeck_id":"1394658580","crm":"27678093","order_status":"cod"}
2025-12-01 22:30:04 store_script.php - 31689 crm - 27678093 cdekid - 1394658580 trackNum_amoId - 417631 {"order_id":"31689","cdeck_id":"1394658580","crm":"27678093","order_status":"cod"}
2025-12-01 22:30:05 request.php - https://vivaherb.amocrm.ru/api/v4/leads/27678093 PATCH 400  {"errors":{"27678093":"Lead not found"},"title":"Bad Request","type":"https://httpstatus.es/400","status":400,"detail":"Invalid request body"}
2025-12-01 22:30:05 request.php - https://vivaherb.amocrm.ru/api/v4/leads/27678093 PATCH 400  {"errors":{"27678093":"Lead not found"},"title":"Bad Request","type":"https://httpstatus.es/400","status":400,"detail":"Invalid request body"}
2025-12-01 22:30:06 store_script.php - 31689 crm - 27678093 END []
2025-12-01 22:30:06 store_script.php - 32666 crm - 28043619 cdekid - 1407999796 {"order_id":"32666","cdeck_id":"1407999796","crm":"28043619","order_status":"yookassa_widget"}
2025-12-01 22:30:06 store_script.php - 32666 crm - 28043619 cdekid - 1407999796 trackNum_amoId - 417631 {"order_id":"32666","cdeck_id":"1407999796","crm":"28043619","order_status":"yookassa_widget"}
2025-12-01 22:30:06 request.php - https://vivaherb.amocrm.ru/api/v4/leads/28043619 PATCH 400  {"errors":{"28043619":"Lead not found"},"title":"Bad Request","type":"https://httpstatus.es/400","status":400,"detail":"Invalid request body"}
2025-12-01 22:30:07 store_script.php - 32666 crm - 28043619 END []
2025-12-01 22:30:08 store_script.php - 35382 crm - 28949539 cdekid - 1440454117 {"order_id":"35382","cdeck_id":"1440454117","crm":"28949539","order_status":"yookassa_widget"}
2025-12-01 22:30:08 store_script.php - 35382 crm - 28949539 cdekid - 1440454117 trackNum_amoId - 417631 {"order_id":"35382","cdeck_id":"1440454117","crm":"28949539","order_status":"yookassa_widget"}
2025-12-01 22:30:08 request.php - https://vivaherb.amocrm.ru/api/v4/leads/28949539 PATCH 400  {"errors":{"28949539":"Lead not found"},"title":"Bad Request","type":"https://httpstatus.es/400","status":400,"detail":"Invalid request body"}
2025-12-01 22:30:09 store_script.php - 35382 crm - 28949539 END []
2025-12-01 22:30:09 store_script.php - 36740 crm - 29177633 cdekid - 1450621353 {"order_id":"36740","cdeck_id":"1450621353","crm":"29177633","order_status":"yookassa_widget"}
2025-12-01 22:30:09 store_script.php - 36740 crm - 29177633 cdekid - 1450621353 trackNum_amoId - 417631 {"order_id":"36740","cdeck_id":"1450621353","crm":"29177633","order_status":"yookassa_widget"}
2025-12-01 22:30:10 request.php - https://vivaherb.amocrm.ru/api/v4/leads/29177633 PATCH 400  {"errors":{"29177633":"Lead not found"},"title":"Bad Request","type":"https://httpstatus.es/400","status":400,"detail":"Invalid request body"}
2025-12-01 22:30:10 store_script.php - 36740 crm - 29177633 END []
2025-12-01 22:30:10 store_script.php - 43426 crm - 29759963 cdekid - 1492618495 {"order_id":"43426","cdeck_id":"1492618495","crm":"29759963","order_status":"cod"}
2025-12-01 22:30:10 store_script.php - 43426 crm - 29759963 cdekid - 1492618495 trackNum_amoId - 417631 {"order_id":"43426","cdeck_id":"1492618495","crm":"29759963","order_status":"cod"}
2025-12-01 22:30:11 request.php - https://vivaherb.amocrm.ru/api/v4/leads/29759963 PATCH 400  {"errors":{"29759963":"Lead not found"},"title":"Bad Request","type":"https://httpstatus.es/400","status":400,"detail":"Invalid request body"}
2025-12-01 22:30:11 request.php - https://vivaherb.amocrm.ru/api/v4/leads/29759963 PATCH 400  {"errors":{"29759963":"Lead not found"},"title":"Bad Request","type":"https://httpstatus.es/400","status":400,"detail":"Invalid request body"}
2025-12-01 22:30:12 store_script.php - 43426 crm - 29759963 END []
2025-12-01 22:30:12 store_script.php - 55743 crm - 30571295 cdekid - 10011353606 {"order_id":"55743","cdeck_id":"10011353606","crm":"30571295","order_status":"cod"}
2025-12-01 22:30:12 store_script.php - 55743 crm - 30571295 cdekid - 10011353606 trackNum_amoId - 417631 {"order_id":"55743","cdeck_id":"10011353606","crm":"30571295","order_status":"cod"}
2025-12-01 22:30:12 request.php - https://vivaherb.amocrm.ru/api/v4/leads/30571295 PATCH 400  {"errors":{"30571295":"Lead not found"},"title":"Bad Request","type":"https://httpstatus.es/400","status":400,"detail":"Invalid request body"}
2025-12-01 22:30:13 request.php - https://vivaherb.amocrm.ru/api/v4/leads/30571295 PATCH 400  {"errors":{"30571295":"Lead not found"},"title":"Bad Request","type":"https://httpstatus.es/400","status":400,"detail":"Invalid request body"}
2025-12-01 22:30:13 store_script.php - 55743 crm - 30571295 END []
2025-12-01 22:30:14 store_script.php - 56020 crm - 30580597 cdekid - 10012192492 {"order_id":"56020","cdeck_id":"10012192492","crm":"30580597","order_status":"intellectmoney"}
2025-12-01 22:30:14 store_script.php - 56020 crm - 30580597 cdekid - 10012192492 trackNum_amoId - 417631 {"order_id":"56020","cdeck_id":"10012192492","crm":"30580597","order_status":"intellectmoney"}
2025-12-01 22:30:14 request.php - https://vivaherb.amocrm.ru/api/v4/leads/30580597 PATCH 400  {"errors":{"30580597":"Lead not found"},"title":"Bad Request","type":"https://httpstatus.es/400","status":400,"detail":"Invalid request body"}
2025-12-01 22:30:14 store_script.php - 56020 crm - 30580597 END []
2025-12-01 22:30:14 store_script.php - 58805 crm - 30699429 cdekid - 10024732090 {"order_id":"58805","cdeck_id":"10024732090","crm":"30699429","order_status":"yookassa_widget"}
2025-12-01 22:30:14 store_script.php - 58805 crm - 30699429 cdekid - 10024732090 trackNum_amoId - 417631 {"order_id":"58805","cdeck_id":"10024732090","crm":"30699429","order_status":"yookassa_widget"}
2025-12-01 22:30:15 request.php - https://vivaherb.amocrm.ru/api/v4/leads/30699429 PATCH 400  {"errors":{"30699429":"Lead not found"},"title":"Bad Request","type":"https://httpstatus.es/400","status":400,"detail":"Invalid request body"}
2025-12-01 22:30:15 store_script.php - 58805 crm - 30699429 END []
2025-12-01 22:30:15 store_script.php - 58825 crm - 30700377 cdekid - 10024878326 {"order_id":"58825","cdeck_id":"10024878326","crm":"30700377","order_status":"yookassa_widget"}
2025-12-01 22:30:15 store_script.php - 58825 crm - 30700377 cdekid - 10024878326 trackNum_amoId - 417631 {"order_id":"58825","cdeck_id":"10024878326","crm":"30700377","order_status":"yookassa_widget"}
2025-12-01 22:30:16 request.php - https://vivaherb.amocrm.ru/api/v4/leads/30700377 PATCH 400  {"errors":{"30700377":"Lead not found"},"title":"Bad Request","type":"https://httpstatus.es/400","status":400,"detail":"Invalid request body"}
2025-12-01 22:30:16 store_script.php - 58825 crm - 30700377 END []
2025-12-01 22:30:16 store_script.php - 58891 crm - 30702185 cdekid - 10025084375 {"order_id":"58891","cdeck_id":"10025084375","crm":"30702185","order_status":"yookassa_widget"}
2025-12-01 22:30:16 store_script.php - 58891 crm - 30702185 cdekid - 10025084375 trackNum_amoId - 417631 {"order_id":"58891","cdeck_id":"10025084375","crm":"30702185","order_status":"yookassa_widget"}
2025-12-01 22:30:16 request.php - https://vivaherb.amocrm.ru/api/v4/leads/30702185 PATCH 400  {"errors":{"30702185":"Lead not found"},"title":"Bad Request","type":"https://httpstatus.es/400","status":400,"detail":"Invalid request body"}
2025-12-01 22:30:17 store_script.php - 58891 crm - 30702185 END []
2025-12-01 22:30:17 store_script.php - 59176 crm - 30706013 cdekid - 10025584176 {"order_id":"59176","cdeck_id":"10025584176","crm":"30706013","order_status":"yookassa_widget"}
2025-12-01 22:30:17 store_script.php - 59176 crm - 30706013 cdekid - 10025584176 trackNum_amoId - 417631 {"order_id":"59176","cdeck_id":"10025584176","crm":"30706013","order_status":"yookassa_widget"}
2025-12-01 22:30:17 request.php - https://vivaherb.amocrm.ru/api/v4/leads/30706013 PATCH 400  {"errors":{"30706013":"Lead not found"},"title":"Bad Request","type":"https://httpstatus.es/400","status":400,"detail":"Invalid request body"}
2025-12-01 22:30:17 store_script.php - 59176 crm - 30706013 END []
2025-12-01 22:30:17 store_script.php - 59181 crm - 30706069 cdekid - 10025587928 {"order_id":"59181","cdeck_id":"10025587928","crm":"30706069","order_status":"yookassa_widget"}
2025-12-01 22:30:17 store_script.php - 59181 crm - 30706069 cdekid - 10025587928 trackNum_amoId - 417631 {"order_id":"59181","cdeck_id":"10025587928","crm":"30706069","order_status":"yookassa_widget"}
2025-12-01 22:30:18 request.php - https://vivaherb.amocrm.ru/api/v4/leads/30706069 PATCH 400  {"errors":{"30706069":"Lead not found"},"title":"Bad Request","type":"https://httpstatus.es/400","status":400,"detail":"Invalid request body"}
2025-12-01 22:30:18 store_script.php - 59181 crm - 30706069 END []
2025-12-01 22:30:18 store_script.php - 59187 crm - 30706147 cdekid - 10025595773 {"order_id":"59187","cdeck_id":"10025595773","crm":"30706147","order_status":"yookassa_widget"}
2025-12-01 22:30:18 store_script.php - 59187 crm - 30706147 cdekid - 10025595773 trackNum_amoId - 417631 {"order_id":"59187","cdeck_id":"10025595773","crm":"30706147","order_status":"yookassa_widget"}
2025-12-01 22:30:18 request.php - https://vivaherb.amocrm.ru/api/v4/leads/30706147 PATCH 400  {"errors":{"30706147":"Lead not found"},"title":"Bad Request","type":"https://httpstatus.es/400","status":400,"detail":"Invalid request body"}
2025-12-01 22:30:18 store_script.php - 59187 crm - 30706147 END []
2025-12-01 22:30:19 store_script.php - 59188 crm - 30706175 cdekid - 10025597779 {"order_id":"59188","cdeck_id":"10025597779","crm":"30706175","order_status":"yookassa_widget"}
2025-12-01 22:30:19 store_script.php - 59188 crm - 30706175 cdekid - 10025597779 trackNum_amoId - 417631 {"order_id":"59188","cdeck_id":"10025597779","crm":"30706175","order_status":"yookassa_widget"}
2025-12-01 22:30:19 request.php - https://vivaherb.amocrm.ru/api/v4/leads/30706175 PATCH 400  {"errors":{"30706175":"Lead not found"},"title":"Bad Request","type":"https://httpstatus.es/400","status":400,"detail":"Invalid request body"}
2025-12-01 22:30:19 store_script.php - 59188 crm - 30706175 END []
2025-12-01 22:30:19 store_script.php - 61931 crm - 30957731 cdekid - 10044840842 {"order_id":"61931","cdeck_id":"10044840842","crm":"30957731","order_status":"yookassa_widget"}
2025-12-01 22:30:19 store_script.php - 61931 crm - 30957731 cdekid - 10044840842 trackNum_amoId - 417631 {"order_id":"61931","cdeck_id":"10044840842","crm":"30957731","order_status":"yookassa_widget"}
2025-12-01 22:30:20 request.php - https://vivaherb.amocrm.ru/api/v4/leads/30957731 PATCH 400  {"errors":{"30957731":"Lead not found"},"title":"Bad Request","type":"https://httpstatus.es/400","status":400,"detail":"Invalid request body"}
2025-12-01 22:30:20 store_script.php - 61931 crm - 30957731 END []
2025-12-01 22:30:21 store_script.php - 64064 crm - 31115305 cdekid - 10067371813 {"order_id":"64064","cdeck_id":"10067371813","crm":"31115305","order_status":"yookassa_widget"}
2025-12-01 22:30:21 store_script.php - 64064 crm - 31115305 cdekid - 10067371813 trackNum_amoId - 417631 {"order_id":"64064","cdeck_id":"10067371813","crm":"31115305","order_status":"yookassa_widget"}
2025-12-01 22:30:21 request.php - https://vivaherb.amocrm.ru/api/v4/leads/31115305 PATCH 400  {"errors":{"31115305":"Lead not found"},"title":"Bad Request","type":"https://httpstatus.es/400","status":400,"detail":"Invalid request body"}
2025-12-01 22:30:21 store_script.php - 64064 crm - 31115305 END []
2025-12-01 22:30:22 store_script.php - 64110 crm - 31117287 cdekid - 10067760566 {"order_id":"64110","cdeck_id":"10067760566","crm":"31117287","order_status":"yookassa_widget"}
2025-12-01 22:30:22 store_script.php - 64110 crm - 31117287 cdekid - 10067760566 trackNum_amoId - 417631 {"order_id":"64110","cdeck_id":"10067760566","crm":"31117287","order_status":"yookassa_widget"}
2025-12-01 22:30:22 request.php - https://vivaherb.amocrm.ru/api/v4/leads/31117287 PATCH 400  {"errors":{"31117287":"Lead not found"},"title":"Bad Request","type":"https://httpstatus.es/400","status":400,"detail":"Invalid request body"}
2025-12-01 22:30:22 store_script.php - 64110 crm - 31117287 END []
2025-12-01 22:30:22 store_script.php - 64904 crm - 31188065 cdekid - 10075009440 {"order_id":"64904","cdeck_id":"10075009440","crm":"31188065","order_status":"yookassa_widget"}
2025-12-01 22:30:22 store_script.php - 64904 crm - 31188065 cdekid - 10075009440 trackNum_amoId - 417631 {"order_id":"64904","cdeck_id":"10075009440","crm":"31188065","order_status":"yookassa_widget"}
2025-12-01 22:30:22 request.php - https://vivaherb.amocrm.ru/api/v4/leads/31188065 PATCH 400  {"errors":{"31188065":"Lead not found"},"title":"Bad Request","type":"https://httpstatus.es/400","status":400,"detail":"Invalid request body"}
2025-12-01 22:30:23 store_script.php - 64904 crm - 31188065 END []
2025-12-01 22:30:23 store_script.php - 66655 crm - 31331987 cdekid - 10093681196 {"order_id":"66655","cdeck_id":"10093681196","crm":"31331987","order_status":"yookassa_widget"}
2025-12-01 22:30:23 store_script.php - 66655 crm - 31331987 cdekid - 10093681196 trackNum_amoId - 417631 {"order_id":"66655","cdeck_id":"10093681196","crm":"31331987","order_status":"yookassa_widget"}
2025-12-01 22:30:23 request.php - https://vivaherb.amocrm.ru/api/v4/leads/31331987 PATCH 400  {"errors":{"31331987":"Lead not found"},"title":"Bad Request","type":"https://httpstatus.es/400","status":400,"detail":"Invalid request body"}
2025-12-01 22:30:24 store_script.php - 66655 crm - 31331987 END []
2025-12-01 22:30:24 store_script.php - 66657 crm - 31332069 cdekid - 10093687362 {"order_id":"66657","cdeck_id":"10093687362","crm":"31332069","order_status":"yookassa_widget"}
2025-12-01 22:30:24 store_script.php - 66657 crm - 31332069 cdekid - 10093687362 trackNum_amoId - 417631 {"order_id":"66657","cdeck_id":"10093687362","crm":"31332069","order_status":"yookassa_widget"}
2025-12-01 22:30:24 request.php - https://vivaherb.amocrm.ru/api/v4/leads/31332069 PATCH 400  {"errors":{"31332069":"Lead not found"},"title":"Bad Request","type":"https://httpstatus.es/400","status":400,"detail":"Invalid request body"}
2025-12-01 22:30:24 store_script.php - 66657 crm - 31332069 END []
2025-12-01 22:30:24 store_script.php - 66765 crm - 31341715 cdekid - 10095118494 {"order_id":"66765","cdeck_id":"10095118494","crm":"31341715","order_status":"cod"}
2025-12-01 22:30:24 store_script.php - 66765 crm - 31341715 cdekid - 10095118494 trackNum_amoId - 417631 {"order_id":"66765","cdeck_id":"10095118494","crm":"31341715","order_status":"cod"}
2025-12-01 22:30:25 request.php - https://vivaherb.amocrm.ru/api/v4/leads/31341715 PATCH 400  {"errors":{"31341715":"Lead not found"},"title":"Bad Request","type":"https://httpstatus.es/400","status":400,"detail":"Invalid request body"}
2025-12-01 22:30:25 request.php - https://vivaherb.amocrm.ru/api/v4/leads/31341715 PATCH 400  {"errors":{"31341715":"Lead not found"},"title":"Bad Request","type":"https://httpstatus.es/400","status":400,"detail":"Invalid request body"}
2025-12-01 22:30:25 store_script.php - 66765 crm - 31341715 END []
2025-12-01 22:30:25 store_script.php - 67842 crm - 31420031 cdekid - 10105128997 {"order_id":"67842","cdeck_id":"10105128997","crm":"31420031","order_status":"yookassa_widget"}
2025-12-01 22:30:25 store_script.php - 67842 crm - 31420031 cdekid - 10105128997 trackNum_amoId - 417631 {"order_id":"67842","cdeck_id":"10105128997","crm":"31420031","order_status":"yookassa_widget"}
2025-12-01 22:30:25 request.php - https://vivaherb.amocrm.ru/api/v4/leads/31420031 PATCH 400  {"errors":{"31420031":"Lead not found"},"title":"Bad Request","type":"https://httpstatus.es/400","status":400,"detail":"Invalid request body"}
2025-12-01 22:30:26 store_script.php - 67842 crm - 31420031 END []
2025-12-01 22:30:34 store_script.php - 70672 crm - 31684629 cdekid - 10137210974 {"order_id":"70672","cdeck_id":"10137210974","crm":"31684629","order_status":"yookassa_widget"}
2025-12-01 22:30:34 store_script.php - 70672 crm - 31684629 cdekid - 10137210974 trackNum_amoId - 417631 {"order_id":"70672","cdeck_id":"10137210974","crm":"31684629","order_status":"yookassa_widget"}
2025-12-01 22:30:34 request.php - https://vivaherb.amocrm.ru/api/v4/leads/31684629 PATCH 400  {"errors":{"31684629":"Lead not found"},"title":"Bad Request","type":"https://httpstatus.es/400","status":400,"detail":"Invalid request body"}
2025-12-01 22:30:34 store_script.php - 70672 crm - 31684629 END []
2025-12-01 22:30:40 store_script.php - 73935 crm - 31945623 cdekid - 10170059138 {"order_id":"73935","cdeck_id":"10170059138","crm":"31945623","order_status":"intellectmoney"}
2025-12-01 22:30:40 store_script.php - 73935 crm - 31945623 cdekid - 10170059138 trackNum_amoId - 417631 {"order_id":"73935","cdeck_id":"10170059138","crm":"31945623","order_status":"intellectmoney"}
2025-12-01 22:30:40 request.php - https://vivaherb.amocrm.ru/api/v4/leads/31945623 PATCH 400  {"errors":{"31945623":"Lead not found"},"title":"Bad Request","type":"https://httpstatus.es/400","status":400,"detail":"Invalid request body"}
2025-12-01 22:30:40 store_script.php - 73935 crm - 31945623 END []
2025-12-01 22:30:48 store_script.php - 76902 crm - 32081909 cdekid - 10192726003 {"order_id":"76902","cdeck_id":"10192726003","crm":"32081909","order_status":"intellectmoney"}
2025-12-01 22:30:48 store_script.php - 76902 crm - 32081909 cdekid - 10192726003 trackNum_amoId - 417631 {"order_id":"76902","cdeck_id":"10192726003","crm":"32081909","order_status":"intellectmoney"}
2025-12-01 22:30:48 store_script.php - 76902 crm - 32081909 get_oreder {"meta":{"href":"https://api.moysklad.ru/api/remap/1.2/entity/customerorder/647843a9-ce21-11f0-0a80-1c54008c7315","metadataHref":"https://api.moysklad.ru/api/remap/1.2/entity/customerorder/metadata","type":"customerorder","mediaType":"application/json","uuidHref":"https://online.moysklad.ru/app/#customerorder/edit?id=647843a9-ce21-11f0-0a80-1c54008c7315"},"id":"647843a9-ce21-11f0-0a80-1c54008c7315","accountId":"dc992fd7-e243-
2025-12-01 22:30:49 store_script.php - 76902 crm - 32081909 END []
2025-12-01 22:30:49 store_script.php - 76904 crm - 32081941 cdekid - 10192729990 {"order_id":"76904","cdeck_id":"10192729990","crm":"32081941","order_status":"intellectmoney"}
2025-12-01 22:30:49 store_script.php - 76904 crm - 32081941 cdekid - 10192729990 trackNum_amoId - 417631 {"order_id":"76904","cdeck_id":"10192729990","crm":"32081941","order_status":"intellectmoney"}
2025-12-01 22:30:50 store_script.php - 76904 crm - 32081941 get_oreder {"meta":{"href":"https://api.moysklad.ru/api/remap/1.2/entity/customerorder/be0c78a2-ce24-11f0-0a80-1635008bede2","metadataHref":"https://api.moysklad.ru/api/remap/1.2/entity/customerorder/metadata","type":"customerorder","mediaType":"application/json","uuidHref":"https://online.moysklad.ru/app/#customerorder/edit?id=be0c78a2-ce24-11f0-0a80-1635008bede2"},"id":"be0c78a2-ce24-11f0-0a80-1635008bede2","accountId":"dc992fd7-e243-
2025-12-01 22:30:50 store_script.php - 76904 crm - 32081941 END []
2025-12-01 22:30:51 store_script.php - 76917 crm - 32083671 cdekid - 10193124375 {"order_id":"76917","cdeck_id":"10193124375","crm":"32083671","order_status":"intellectmoney"}
2025-12-01 22:30:51 store_script.php - 76917 crm - 32083671 cdekid - 10193124375 trackNum_amoId - 417631 {"order_id":"76917","cdeck_id":"10193124375","crm":"32083671","order_status":"intellectmoney"}
2025-12-01 22:30:51 store_script.php - 76917 crm - 32083671 get_oreder {"meta":{"href":"https://api.moysklad.ru/api/remap/1.2/entity/customerorder/6d1408f9-ceaf-11f0-0a80-09e900a5457d","metadataHref":"https://api.moysklad.ru/api/remap/1.2/entity/customerorder/metadata","type":"customerorder","mediaType":"application/json","uuidHref":"https://online.moysklad.ru/app/#customerorder/edit?id=6d1408f9-ceaf-11f0-0a80-09e900a5457d"},"id":"6d1408f9-ceaf-11f0-0a80-09e900a5457d","accountId":"dc992fd7-e243-
2025-12-01 22:30:52 store_script.php - 76917 crm - 32083671 END []
2025-12-01 22:30:52 store_script.php - 76919 crm - 32083899 cdekid - 10193182407 {"order_id":"76919","cdeck_id":"10193182407","crm":"32083899","order_status":"intellectmoney"}
2025-12-01 22:30:52 store_script.php - 76919 crm - 32083899 cdekid - 10193182407 trackNum_amoId - 417631 {"order_id":"76919","cdeck_id":"10193182407","crm":"32083899","order_status":"intellectmoney"}
2025-12-01 22:30:53 store_script.php - 76919 crm - 32083899 get_oreder {"meta":{"href":"https://api.moysklad.ru/api/remap/1.2/entity/customerorder/80b10cd8-ceb9-11f0-0a80-064d00a94c6b","metadataHref":"https://api.moysklad.ru/api/remap/1.2/entity/customerorder/metadata","type":"customerorder","mediaType":"application/json","uuidHref":"https://online.moysklad.ru/app/#customerorder/edit?id=80b10cd8-ceb9-11f0-0a80-064d00a94c6b"},"id":"80b10cd8-ceb9-11f0-0a80-064d00a94c6b","accountId":"dc992fd7-e243-
2025-12-01 22:30:53 store_script.php - 76919 crm - 32083899 END []
2025-12-01 22:30:53 store_script.php - 76925 crm - 32084485 cdekid - 10193326368 {"order_id":"76925","cdeck_id":"10193326368","crm":"32084485","order_status":"yookassa_widget"}
2025-12-01 22:30:53 store_script.php - 76925 crm - 32084485 cdekid - 10193326368 trackNum_amoId - 417631 {"order_id":"76925","cdeck_id":"10193326368","crm":"32084485","order_status":"yookassa_widget"}
2025-12-01 22:30:54 store_script.php - 76925 crm - 32084485 get_oreder {"meta":{"href":"https://api.moysklad.ru/api/remap/1.2/entity/customerorder/b705097d-cee9-11f0-0a80-016100029374","metadataHref":"https://api.moysklad.ru/api/remap/1.2/entity/customerorder/metadata","type":"customerorder","mediaType":"application/json","uuidHref":"https://online.moysklad.ru/app/#customerorder/edit?id=b705097d-cee9-11f0-0a80-016100029374"},"id":"b705097d-cee9-11f0-0a80-016100029374","accountId":"dc992fd7-e243-
2025-12-01 22:30:54 store_script.php - 76925 crm - 32084485 END []
2025-12-01 23:30:03 store_script.php - 30509 crm - 27215649 cdekid - 1378035246 {"order_id":"30509","cdeck_id":"1378035246","crm":"27215649","order_status":"cod"}
2025-12-01 23:30:03 store_script.php - 30509 crm - 27215649 cdekid - 1378035246 trackNum_amoId - 417631 {"order_id":"30509","cdeck_id":"1378035246","crm":"27215649","order_status":"cod"}
2025-12-01 23:30:03 request.php - https://vivaherb.amocrm.ru/api/v4/leads/27215649 PATCH 400  {"errors":{"27215649":"Lead not found"},"title":"Bad Request","type":"https://httpstatus.es/400","status":400,"detail":"Invalid request body"}
2025-12-01 23:30:04 request.php - https://vivaherb.amocrm.ru/api/v4/leads/27215649 PATCH 400  {"errors":{"27215649":"Lead not found"},"title":"Bad Request","type":"https://httpstatus.es/400","status":400,"detail":"Invalid request body"}
2025-12-01 23:30:04 store_script.php - 30509 crm - 27215649 END []
2025-12-01 23:30:05 store_script.php - 30980 crm - 27451493 cdekid - 1384831846 {"order_id":"30980","cdeck_id":"1384831846","crm":"27451493","order_status":"yookassa_widget"}
2025-12-01 23:30:05 store_script.php - 30980 crm - 27451493 cdekid - 1384831846 trackNum_amoId - 417631 {"order_id":"30980","cdeck_id":"1384831846","crm":"27451493","order_status":"yookassa_widget"}
2025-12-01 23:30:05 request.php - https://vivaherb.amocrm.ru/api/v4/leads/27451493 PATCH 400  {"errors":{"27451493":"Lead not found"},"title":"Bad Request","type":"https://httpstatus.es/400","status":400,"detail":"Invalid request body"}
2025-12-01 23:30:06 store_script.php - 30980 crm - 27451493 END []
2025-12-01 23:30:06 store_script.php - 31159 crm - 27523369 cdekid - 1388417736 {"order_id":"31159","cdeck_id":"1388417736","crm":"27523369","order_status":"yookassa_widget"}
2025-12-01 23:30:06 store_script.php - 31159 crm - 27523369 cdekid - 1388417736 trackNum_amoId - 417631 {"order_id":"31159","cdeck_id":"1388417736","crm":"27523369","order_status":"yookassa_widget"}
2025-12-01 23:30:07 request.php - https://vivaherb.amocrm.ru/api/v4/leads/27523369 PATCH 400  {"errors":{"27523369":"Lead not found"},"title":"Bad Request","type":"https://httpstatus.es/400","status":400,"detail":"Invalid request body"}
2025-12-01 23:30:07 store_script.php - 31159 crm - 27523369 END []
2025-12-01 23:30:07 store_script.php - 31689 crm - 27678093 cdekid - 1394658580 {"order_id":"31689","cdeck_id":"1394658580","crm":"27678093","order_status":"cod"}
2025-12-01 23:30:07 store_script.php - 31689 crm - 27678093 cdekid - 1394658580 trackNum_amoId - 417631 {"order_id":"31689","cdeck_id":"1394658580","crm":"27678093","order_status":"cod"}
2025-12-01 23:30:08 request.php - https://vivaherb.amocrm.ru/api/v4/leads/27678093 PATCH 400  {"errors":{"27678093":"Lead not found"},"title":"Bad Request","type":"https://httpstatus.es/400","status":400,"detail":"Invalid request body"}
2025-12-01 23:30:09 request.php - https://vivaherb.amocrm.ru/api/v4/leads/27678093 PATCH 400  {"errors":{"27678093":"Lead not found"},"title":"Bad Request","type":"https://httpstatus.es/400","status":400,"detail":"Invalid request body"}
2025-12-01 23:30:09 store_script.php - 31689 crm - 27678093 END []
2025-12-01 23:30:10 store_script.php - 32666 crm - 28043619 cdekid - 1407999796 {"order_id":"32666","cdeck_id":"1407999796","crm":"28043619","order_status":"yookassa_widget"}
2025-12-01 23:30:10 store_script.php - 32666 crm - 28043619 cdekid - 1407999796 trackNum_amoId - 417631 {"order_id":"32666","cdeck_id":"1407999796","crm":"28043619","order_status":"yookassa_widget"}
2025-12-01 23:30:10 request.php - https://vivaherb.amocrm.ru/api/v4/leads/28043619 PATCH 400  {"errors":{"28043619":"Lead not found"},"title":"Bad Request","type":"https://httpstatus.es/400","status":400,"detail":"Invalid request body"}
2025-12-01 23:30:10 store_script.php - 32666 crm - 28043619 END []
2025-12-01 23:30:10 store_script.php - 35382 crm - 28949539 cdekid - 1440454117 {"order_id":"35382","cdeck_id":"1440454117","crm":"28949539","order_status":"yookassa_widget"}
2025-12-01 23:30:10 store_script.php - 35382 crm - 28949539 cdekid - 1440454117 trackNum_amoId - 417631 {"order_id":"35382","cdeck_id":"1440454117","crm":"28949539","order_status":"yookassa_widget"}
2025-12-01 23:30:11 request.php - https://vivaherb.amocrm.ru/api/v4/leads/28949539 PATCH 400  {"errors":{"28949539":"Lead not found"},"title":"Bad Request","type":"https://httpstatus.es/400","status":400,"detail":"Invalid request body"}
2025-12-01 23:30:11 store_script.php - 35382 crm - 28949539 END []
2025-12-01 23:30:11 store_script.php - 36740 crm - 29177633 cdekid - 1450621353 {"order_id":"36740","cdeck_id":"1450621353","crm":"29177633","order_status":"yookassa_widget"}
2025-12-01 23:30:11 store_script.php - 36740 crm - 29177633 cdekid - 1450621353 trackNum_amoId - 417631 {"order_id":"36740","cdeck_id":"1450621353","crm":"29177633","order_status":"yookassa_widget"}
2025-12-01 23:30:11 request.php - https://vivaherb.amocrm.ru/api/v4/leads/29177633 PATCH 400  {"errors":{"29177633":"Lead not found"},"title":"Bad Request","type":"https://httpstatus.es/400","status":400,"detail":"Invalid request body"}
2025-12-01 23:30:12 store_script.php - 36740 crm - 29177633 END []
2025-12-01 23:30:12 store_script.php - 43426 crm - 29759963 cdekid - 1492618495 {"order_id":"43426","cdeck_id":"1492618495","crm":"29759963","order_status":"cod"}
2025-12-01 23:30:12 store_script.php - 43426 crm - 29759963 cdekid - 1492618495 trackNum_amoId - 417631 {"order_id":"43426","cdeck_id":"1492618495","crm":"29759963","order_status":"cod"}
2025-12-01 23:30:12 request.php - https://vivaherb.amocrm.ru/api/v4/leads/29759963 PATCH 400  {"errors":{"29759963":"Lead not found"},"title":"Bad Request","type":"https://httpstatus.es/400","status":400,"detail":"Invalid request body"}
2025-12-01 23:30:13 request.php - https://vivaherb.amocrm.ru/api/v4/leads/29759963 PATCH 400  {"errors":{"29759963":"Lead not found"},"title":"Bad Request","type":"https://httpstatus.es/400","status":400,"detail":"Invalid request body"}
2025-12-01 23:30:13 store_script.php - 43426 crm - 29759963 END []
2025-12-01 23:30:13 store_script.php - 55743 crm - 30571295 cdekid - 10011353606 {"order_id":"55743","cdeck_id":"10011353606","crm":"30571295","order_status":"cod"}
2025-12-01 23:30:13 store_script.php - 55743 crm - 30571295 cdekid - 10011353606 trackNum_amoId - 417631 {"order_id":"55743","cdeck_id":"10011353606","crm":"30571295","order_status":"cod"}
2025-12-01 23:30:14 request.php - https://vivaherb.amocrm.ru/api/v4/leads/30571295 PATCH 400  {"errors":{"30571295":"Lead not found"},"title":"Bad Request","type":"https://httpstatus.es/400","status":400,"detail":"Invalid request body"}
2025-12-01 23:30:14 request.php - https://vivaherb.amocrm.ru/api/v4/leads/30571295 PATCH 400  {"errors":{"30571295":"Lead not found"},"title":"Bad Request","type":"https://httpstatus.es/400","status":400,"detail":"Invalid request body"}
2025-12-01 23:30:14 store_script.php - 55743 crm - 30571295 END []
2025-12-01 23:30:14 store_script.php - 56020 crm - 30580597 cdekid - 10012192492 {"order_id":"56020","cdeck_id":"10012192492","crm":"30580597","order_status":"intellectmoney"}
2025-12-01 23:30:14 store_script.php - 56020 crm - 30580597 cdekid - 10012192492 trackNum_amoId - 417631 {"order_id":"56020","cdeck_id":"10012192492","crm":"30580597","order_status":"intellectmoney"}
2025-12-01 23:30:15 request.php - https://vivaherb.amocrm.ru/api/v4/leads/30580597 PATCH 400  {"errors":{"30580597":"Lead not found"},"title":"Bad Request","type":"https://httpstatus.es/400","status":400,"detail":"Invalid request body"}
2025-12-01 23:30:15 store_script.php - 56020 crm - 30580597 END []
2025-12-01 23:30:15 store_script.php - 58805 crm - 30699429 cdekid - 10024732090 {"order_id":"58805","cdeck_id":"10024732090","crm":"30699429","order_status":"yookassa_widget"}
2025-12-01 23:30:15 store_script.php - 58805 crm - 30699429 cdekid - 10024732090 trackNum_amoId - 417631 {"order_id":"58805","cdeck_id":"10024732090","crm":"30699429","order_status":"yookassa_widget"}
2025-12-01 23:30:15 request.php - https://vivaherb.amocrm.ru/api/v4/leads/30699429 PATCH 400  {"errors":{"30699429":"Lead not found"},"title":"Bad Request","type":"https://httpstatus.es/400","status":400,"detail":"Invalid request body"}
2025-12-01 23:30:15 store_script.php - 58805 crm - 30699429 END []
2025-12-01 23:30:16 store_script.php - 58825 crm - 30700377 cdekid - 10024878326 {"order_id":"58825","cdeck_id":"10024878326","crm":"30700377","order_status":"yookassa_widget"}
2025-12-01 23:30:16 store_script.php - 58825 crm - 30700377 cdekid - 10024878326 trackNum_amoId - 417631 {"order_id":"58825","cdeck_id":"10024878326","crm":"30700377","order_status":"yookassa_widget"}
2025-12-01 23:30:16 request.php - https://vivaherb.amocrm.ru/api/v4/leads/30700377 PATCH 400  {"errors":{"30700377":"Lead not found"},"title":"Bad Request","type":"https://httpstatus.es/400","status":400,"detail":"Invalid request body"}
2025-12-01 23:30:16 store_script.php - 58825 crm - 30700377 END []
2025-12-01 23:30:16 store_script.php - 58891 crm - 30702185 cdekid - 10025084375 {"order_id":"58891","cdeck_id":"10025084375","crm":"30702185","order_status":"yookassa_widget"}
2025-12-01 23:30:16 store_script.php - 58891 crm - 30702185 cdekid - 10025084375 trackNum_amoId - 417631 {"order_id":"58891","cdeck_id":"10025084375","crm":"30702185","order_status":"yookassa_widget"}
2025-12-01 23:30:17 request.php - https://vivaherb.amocrm.ru/api/v4/leads/30702185 PATCH 400  {"errors":{"30702185":"Lead not found"},"title":"Bad Request","type":"https://httpstatus.es/400","status":400,"detail":"Invalid request body"}
2025-12-01 23:30:17 store_script.php - 58891 crm - 30702185 END []
2025-12-01 23:30:17 store_script.php - 59176 crm - 30706013 cdekid - 10025584176 {"order_id":"59176","cdeck_id":"10025584176","crm":"30706013","order_status":"yookassa_widget"}
2025-12-01 23:30:17 store_script.php - 59176 crm - 30706013 cdekid - 10025584176 trackNum_amoId - 417631 {"order_id":"59176","cdeck_id":"10025584176","crm":"30706013","order_status":"yookassa_widget"}
2025-12-01 23:30:17 request.php - https://vivaherb.amocrm.ru/api/v4/leads/30706013 PATCH 400  {"errors":{"30706013":"Lead not found"},"title":"Bad Request","type":"https://httpstatus.es/400","status":400,"detail":"Invalid request body"}
2025-12-01 23:30:17 store_script.php - 59176 crm - 30706013 END []
2025-12-01 23:30:18 store_script.php - 59181 crm - 30706069 cdekid - 10025587928 {"order_id":"59181","cdeck_id":"10025587928","crm":"30706069","order_status":"yookassa_widget"}
2025-12-01 23:30:18 store_script.php - 59181 crm - 30706069 cdekid - 10025587928 trackNum_amoId - 417631 {"order_id":"59181","cdeck_id":"10025587928","crm":"30706069","order_status":"yookassa_widget"}
2025-12-01 23:30:18 request.php - https://vivaherb.amocrm.ru/api/v4/leads/30706069 PATCH 400  {"errors":{"30706069":"Lead not found"},"title":"Bad Request","type":"https://httpstatus.es/400","status":400,"detail":"Invalid request body"}
2025-12-01 23:30:18 store_script.php - 59181 crm - 30706069 END []
2025-12-01 23:30:18 store_script.php - 59187 crm - 30706147 cdekid - 10025595773 {"order_id":"59187","cdeck_id":"10025595773","crm":"30706147","order_status":"yookassa_widget"}
2025-12-01 23:30:18 store_script.php - 59187 crm - 30706147 cdekid - 10025595773 trackNum_amoId - 417631 {"order_id":"59187","cdeck_id":"10025595773","crm":"30706147","order_status":"yookassa_widget"}
2025-12-01 23:30:18 request.php - https://vivaherb.amocrm.ru/api/v4/leads/30706147 PATCH 400  {"errors":{"30706147":"Lead not found"},"title":"Bad Request","type":"https://httpstatus.es/400","status":400,"detail":"Invalid request body"}
2025-12-01 23:30:19 store_script.php - 59187 crm - 30706147 END []
2025-12-01 23:30:19 store_script.php - 59188 crm - 30706175 cdekid - 10025597779 {"order_id":"59188","cdeck_id":"10025597779","crm":"30706175","order_status":"yookassa_widget"}
2025-12-01 23:30:19 store_script.php - 59188 crm - 30706175 cdekid - 10025597779 trackNum_amoId - 417631 {"order_id":"59188","cdeck_id":"10025597779","crm":"30706175","order_status":"yookassa_widget"}
2025-12-01 23:30:19 request.php - https://vivaherb.amocrm.ru/api/v4/leads/30706175 PATCH 400  {"errors":{"30706175":"Lead not found"},"title":"Bad Request","type":"https://httpstatus.es/400","status":400,"detail":"Invalid request body"}
2025-12-01 23:30:19 store_script.php - 59188 crm - 30706175 END []
2025-12-01 23:30:20 store_script.php - 61931 crm - 30957731 cdekid - 10044840842 {"order_id":"61931","cdeck_id":"10044840842","crm":"30957731","order_status":"yookassa_widget"}
2025-12-01 23:30:20 store_script.php - 61931 crm - 30957731 cdekid - 10044840842 trackNum_amoId - 417631 {"order_id":"61931","cdeck_id":"10044840842","crm":"30957731","order_status":"yookassa_widget"}
2025-12-01 23:30:20 request.php - https://vivaherb.amocrm.ru/api/v4/leads/30957731 PATCH 400  {"errors":{"30957731":"Lead not found"},"title":"Bad Request","type":"https://httpstatus.es/400","status":400,"detail":"Invalid request body"}
2025-12-01 23:30:20 store_script.php - 61931 crm - 30957731 END []
2025-12-01 23:30:21 store_script.php - 64064 crm - 31115305 cdekid - 10067371813 {"order_id":"64064","cdeck_id":"10067371813","crm":"31115305","order_status":"yookassa_widget"}
2025-12-01 23:30:21 store_script.php - 64064 crm - 31115305 cdekid - 10067371813 trackNum_amoId - 417631 {"order_id":"64064","cdeck_id":"10067371813","crm":"31115305","order_status":"yookassa_widget"}
2025-12-01 23:30:21 request.php - https://vivaherb.amocrm.ru/api/v4/leads/31115305 PATCH 400  {"errors":{"31115305":"Lead not found"},"title":"Bad Request","type":"https://httpstatus.es/400","status":400,"detail":"Invalid request body"}
2025-12-01 23:30:22 store_script.php - 64064 crm - 31115305 END []
2025-12-01 23:30:22 store_script.php - 64110 crm - 31117287 cdekid - 10067760566 {"order_id":"64110","cdeck_id":"10067760566","crm":"31117287","order_status":"yookassa_widget"}
2025-12-01 23:30:22 store_script.php - 64110 crm - 31117287 cdekid - 10067760566 trackNum_amoId - 417631 {"order_id":"64110","cdeck_id":"10067760566","crm":"31117287","order_status":"yookassa_widget"}
2025-12-01 23:30:22 request.php - https://vivaherb.amocrm.ru/api/v4/leads/31117287 PATCH 400  {"errors":{"31117287":"Lead not found"},"title":"Bad Request","type":"https://httpstatus.es/400","status":400,"detail":"Invalid request body"}
2025-12-01 23:30:22 store_script.php - 64110 crm - 31117287 END []
2025-12-01 23:30:22 store_script.php - 64904 crm - 31188065 cdekid - 10075009440 {"order_id":"64904","cdeck_id":"10075009440","crm":"31188065","order_status":"yookassa_widget"}
2025-12-01 23:30:22 store_script.php - 64904 crm - 31188065 cdekid - 10075009440 trackNum_amoId - 417631 {"order_id":"64904","cdeck_id":"10075009440","crm":"31188065","order_status":"yookassa_widget"}
2025-12-01 23:30:23 request.php - https://vivaherb.amocrm.ru/api/v4/leads/31188065 PATCH 400  {"errors":{"31188065":"Lead not found"},"title":"Bad Request","type":"https://httpstatus.es/400","status":400,"detail":"Invalid request body"}
2025-12-01 23:30:23 store_script.php - 64904 crm - 31188065 END []
2025-12-01 23:30:24 store_script.php - 66655 crm - 31331987 cdekid - 10093681196 {"order_id":"66655","cdeck_id":"10093681196","crm":"31331987","order_status":"yookassa_widget"}
2025-12-01 23:30:24 store_script.php - 66655 crm - 31331987 cdekid - 10093681196 trackNum_amoId - 417631 {"order_id":"66655","cdeck_id":"10093681196","crm":"31331987","order_status":"yookassa_widget"}
2025-12-01 23:30:24 request.php - https://vivaherb.amocrm.ru/api/v4/leads/31331987 PATCH 400  {"errors":{"31331987":"Lead not found"},"title":"Bad Request","type":"https://httpstatus.es/400","status":400,"detail":"Invalid request body"}
2025-12-01 23:30:24 store_script.php - 66655 crm - 31331987 END []
2025-12-01 23:30:24 store_script.php - 66657 crm - 31332069 cdekid - 10093687362 {"order_id":"66657","cdeck_id":"10093687362","crm":"31332069","order_status":"yookassa_widget"}
2025-12-01 23:30:24 store_script.php - 66657 crm - 31332069 cdekid - 10093687362 trackNum_amoId - 417631 {"order_id":"66657","cdeck_id":"10093687362","crm":"31332069","order_status":"yookassa_widget"}
2025-12-01 23:30:24 request.php - https://vivaherb.amocrm.ru/api/v4/leads/31332069 PATCH 400  {"errors":{"31332069":"Lead not found"},"title":"Bad Request","type":"https://httpstatus.es/400","status":400,"detail":"Invalid request body"}
2025-12-01 23:30:25 store_script.php - 66657 crm - 31332069 END []
2025-12-01 23:30:25 store_script.php - 66765 crm - 31341715 cdekid - 10095118494 {"order_id":"66765","cdeck_id":"10095118494","crm":"31341715","order_status":"cod"}
2025-12-01 23:30:25 store_script.php - 66765 crm - 31341715 cdekid - 10095118494 trackNum_amoId - 417631 {"order_id":"66765","cdeck_id":"10095118494","crm":"31341715","order_status":"cod"}
2025-12-01 23:30:25 request.php - https://vivaherb.amocrm.ru/api/v4/leads/31341715 PATCH 400  {"errors":{"31341715":"Lead not found"},"title":"Bad Request","type":"https://httpstatus.es/400","status":400,"detail":"Invalid request body"}
2025-12-01 23:30:25 request.php - https://vivaherb.amocrm.ru/api/v4/leads/31341715 PATCH 400  {"errors":{"31341715":"Lead not found"},"title":"Bad Request","type":"https://httpstatus.es/400","status":400,"detail":"Invalid request body"}
2025-12-01 23:30:25 store_script.php - 66765 crm - 31341715 END []
2025-12-01 23:30:26 store_script.php - 67842 crm - 31420031 cdekid - 10105128997 {"order_id":"67842","cdeck_id":"10105128997","crm":"31420031","order_status":"yookassa_widget"}
2025-12-01 23:30:26 store_script.php - 67842 crm - 31420031 cdekid - 10105128997 trackNum_amoId - 417631 {"order_id":"67842","cdeck_id":"10105128997","crm":"31420031","order_status":"yookassa_widget"}
2025-12-01 23:30:26 request.php - https://vivaherb.amocrm.ru/api/v4/leads/31420031 PATCH 400  {"errors":{"31420031":"Lead not found"},"title":"Bad Request","type":"https://httpstatus.es/400","status":400,"detail":"Invalid request body"}
2025-12-01 23:30:26 store_script.php - 67842 crm - 31420031 END []
2025-12-01 23:30:34 store_script.php - 70672 crm - 31684629 cdekid - 10137210974 {"order_id":"70672","cdeck_id":"10137210974","crm":"31684629","order_status":"yookassa_widget"}
2025-12-01 23:30:34 store_script.php - 70672 crm - 31684629 cdekid - 10137210974 trackNum_amoId - 417631 {"order_id":"70672","cdeck_id":"10137210974","crm":"31684629","order_status":"yookassa_widget"}
2025-12-01 23:30:35 request.php - https://vivaherb.amocrm.ru/api/v4/leads/31684629 PATCH 400  {"errors":{"31684629":"Lead not found"},"title":"Bad Request","type":"https://httpstatus.es/400","status":400,"detail":"Invalid request body"}
2025-12-01 23:30:35 store_script.php - 70672 crm - 31684629 END []
2025-12-01 23:30:40 store_script.php - 73935 crm - 31945623 cdekid - 10170059138 {"order_id":"73935","cdeck_id":"10170059138","crm":"31945623","order_status":"intellectmoney"}
2025-12-01 23:30:40 store_script.php - 73935 crm - 31945623 cdekid - 10170059138 trackNum_amoId - 417631 {"order_id":"73935","cdeck_id":"10170059138","crm":"31945623","order_status":"intellectmoney"}
2025-12-01 23:30:40 request.php - https://vivaherb.amocrm.ru/api/v4/leads/31945623 PATCH 400  {"errors":{"31945623":"Lead not found"},"title":"Bad Request","type":"https://httpstatus.es/400","status":400,"detail":"Invalid request body"}
2025-12-01 23:30:41 store_script.php - 73935 crm - 31945623 END []
2025-12-01 23:30:47 store_script.php - 76902 crm - 32081909 cdekid - 10192726003 {"order_id":"76902","cdeck_id":"10192726003","crm":"32081909","order_status":"intellectmoney"}
2025-12-01 23:30:47 store_script.php - 76902 crm - 32081909 cdekid - 10192726003 trackNum_amoId - 417631 {"order_id":"76902","cdeck_id":"10192726003","crm":"32081909","order_status":"intellectmoney"}
2025-12-01 23:30:47 store_script.php - 76902 crm - 32081909 get_oreder {"meta":{"href":"https://api.moysklad.ru/api/remap/1.2/entity/customerorder/647843a9-ce21-11f0-0a80-1c54008c7315","metadataHref":"https://api.moysklad.ru/api/remap/1.2/entity/customerorder/metadata","type":"customerorder","mediaType":"application/json","uuidHref":"https://online.moysklad.ru/app/#customerorder/edit?id=647843a9-ce21-11f0-0a80-1c54008c7315"},"id":"647843a9-ce21-11f0-0a80-1c54008c7315","accountId":"dc992fd7-e243-
2025-12-01 23:30:48 store_script.php - 76902 crm - 32081909 END []
2025-12-01 23:30:48 store_script.php - 76904 crm - 32081941 cdekid - 10192729990 {"order_id":"76904","cdeck_id":"10192729990","crm":"32081941","order_status":"intellectmoney"}
2025-12-01 23:30:48 store_script.php - 76904 crm - 32081941 cdekid - 10192729990 trackNum_amoId - 417631 {"order_id":"76904","cdeck_id":"10192729990","crm":"32081941","order_status":"intellectmoney"}
2025-12-01 23:30:49 store_script.php - 76904 crm - 32081941 get_oreder {"meta":{"href":"https://api.moysklad.ru/api/remap/1.2/entity/customerorder/be0c78a2-ce24-11f0-0a80-1635008bede2","metadataHref":"https://api.moysklad.ru/api/remap/1.2/entity/customerorder/metadata","type":"customerorder","mediaType":"application/json","uuidHref":"https://online.moysklad.ru/app/#customerorder/edit?id=be0c78a2-ce24-11f0-0a80-1635008bede2"},"id":"be0c78a2-ce24-11f0-0a80-1635008bede2","accountId":"dc992fd7-e243-
2025-12-01 23:30:49 store_script.php - 76904 crm - 32081941 END []
2025-12-01 23:30:49 store_script.php - 76917 crm - 32083671 cdekid - 10193124375 {"order_id":"76917","cdeck_id":"10193124375","crm":"32083671","order_status":"intellectmoney"}
2025-12-01 23:30:49 store_script.php - 76917 crm - 32083671 cdekid - 10193124375 trackNum_amoId - 417631 {"order_id":"76917","cdeck_id":"10193124375","crm":"32083671","order_status":"intellectmoney"}
2025-12-01 23:30:50 store_script.php - 76917 crm - 32083671 get_oreder {"meta":{"href":"https://api.moysklad.ru/api/remap/1.2/entity/customerorder/6d1408f9-ceaf-11f0-0a80-09e900a5457d","metadataHref":"https://api.moysklad.ru/api/remap/1.2/entity/customerorder/metadata","type":"customerorder","mediaType":"application/json","uuidHref":"https://online.moysklad.ru/app/#customerorder/edit?id=6d1408f9-ceaf-11f0-0a80-09e900a5457d"},"id":"6d1408f9-ceaf-11f0-0a80-09e900a5457d","accountId":"dc992fd7-e243-
2025-12-01 23:30:50 store_script.php - 76917 crm - 32083671 END []
2025-12-01 23:30:51 store_script.php - 76919 crm - 32083899 cdekid - 10193182407 {"order_id":"76919","cdeck_id":"10193182407","crm":"32083899","order_status":"intellectmoney"}
2025-12-01 23:30:51 store_script.php - 76919 crm - 32083899 cdekid - 10193182407 trackNum_amoId - 417631 {"order_id":"76919","cdeck_id":"10193182407","crm":"32083899","order_status":"intellectmoney"}
2025-12-01 23:30:51 store_script.php - 76919 crm - 32083899 get_oreder {"meta":{"href":"https://api.moysklad.ru/api/remap/1.2/entity/customerorder/80b10cd8-ceb9-11f0-0a80-064d00a94c6b","metadataHref":"https://api.moysklad.ru/api/remap/1.2/entity/customerorder/metadata","type":"customerorder","mediaType":"application/json","uuidHref":"https://online.moysklad.ru/app/#customerorder/edit?id=80b10cd8-ceb9-11f0-0a80-064d00a94c6b"},"id":"80b10cd8-ceb9-11f0-0a80-064d00a94c6b","accountId":"dc992fd7-e243-
2025-12-01 23:30:52 store_script.php - 76919 crm - 32083899 END []
2025-12-01 23:30:52 store_script.php - 76925 crm - 32084485 cdekid - 10193326368 {"order_id":"76925","cdeck_id":"10193326368","crm":"32084485","order_status":"yookassa_widget"}
2025-12-01 23:30:52 store_script.php - 76925 crm - 32084485 cdekid - 10193326368 trackNum_amoId - 417631 {"order_id":"76925","cdeck_id":"10193326368","crm":"32084485","order_status":"yookassa_widget"}
2025-12-01 23:30:53 store_script.php - 76925 crm - 32084485 get_oreder {"meta":{"href":"https://api.moysklad.ru/api/remap/1.2/entity/customerorder/b705097d-cee9-11f0-0a80-016100029374","metadataHref":"https://api.moysklad.ru/api/remap/1.2/entity/customerorder/metadata","type":"customerorder","mediaType":"application/json","uuidHref":"https://online.moysklad.ru/app/#customerorder/edit?id=b705097d-cee9-11f0-0a80-016100029374"},"id":"b705097d-cee9-11f0-0a80-016100029374","accountId":"dc992fd7-e243-
2025-12-01 23:30:53 store_script.php - 76925 crm - 32084485 END []
